ts=1735752251 level=info service=database host=host-04.example trace_id=trace-behavior-00000804 msg="event_id=behavior-804 step=1"
ts=1735752783 level=info service=database host=host-04.example trace_id=trace-behavior-00000826 msg="event_id=behavior-826 step=1"
ts=1735752952 level=info service=database host=host-04.example trace_id=trace-behavior-00000833 msg="event_id=behavior-833 step=8"
ts=1735753799 level=info service=database host=host-04.example trace_id=trace-behavior-00000868 msg="event_id=behavior-868 step=10"
ts=1735753993 level=info service=database host=host-04.example trace_id=trace-behavior-00000876 msg="event_id=behavior-876 step=7"
ts=1735754162 level=info service=database host=host-04.example trace_id=trace-behavior-00000883 msg="event_id=behavior-883 step=3"
ts=1735754259 level=info service=database host=host-04.example trace_id=trace-behavior-00000887 msg="event_id=behavior-887 step=7"
ts=1735754476 level=info service=database host=host-04.example trace_id=trace-behavior-00000896 msg="event_id=behavior-896 step=5"
ts=1735754525 level=info service=database host=host-04.example trace_id=trace-behavior-00000898 msg="event_id=behavior-898 step=7"
ts=1735754549 level=info service=database host=host-04.example trace_id=trace-behavior-00000899 msg="event_id=behavior-899 step=8"
ts=1735754791 level=info service=database host=host-04.example trace_id=trace-behavior-00000909 msg="event_id=behavior-909 step=7"
ts=1735754839 level=info service=database host=host-04.example trace_id=trace-behavior-00000911 msg="event_id=behavior-911 step=9"
ts=1735755299 level=info service=database host=host-04.example trace_id=trace-behavior-00000930 msg="event_id=behavior-930 step=6"
ts=1735755420 level=info service=database host=host-04.example trace_id=trace-behavior-00000935 msg="event_id=behavior-935 step=0"
ts=1735755444 level=info service=database host=host-04.example trace_id=trace-behavior-00000936 msg="event_id=behavior-936 step=1"
ts=1735756460 level=info service=database host=host-04.example trace_id=trace-behavior-00000978 msg="event_id=behavior-978 step=10"
ts=1735756968 level=info service=database host=host-04.example trace_id=trace-behavior-00000999 msg="event_id=behavior-999 step=9"
ts=1735757089 level=debug service=database host=host-04.example trace_id=trace-behavior-00001004 msg="event_id=behavior-1004 step=3"
ts=1735757259 level=info service=database host=host-04.example trace_id=trace-behavior-00001011 msg="event_id=behavior-1011 step=10"
ts=1735757283 level=debug service=database host=host-04.example trace_id=trace-behavior-00001012 msg="event_id=behavior-1012 step=0"
ts=1735757501 level=info service=database host=host-04.example trace_id=trace-behavior-00001021 msg="event_id=behavior-1021 step=9"
ts=1735757960 level=info service=database host=host-04.example trace_id=trace-behavior-00001040 msg="event_id=behavior-1040 step=6"
ts=1735758009 level=info service=database host=host-04.example trace_id=trace-behavior-00001042 msg="event_id=behavior-1042 step=8"
ts=1735758057 level=info service=database host=host-04.example trace_id=trace-behavior-00001044 msg="event_id=behavior-1044 step=10"
ts=1735758710 level=info service=database host=host-04.example trace_id=trace-behavior-00001071 msg="event_id=behavior-1071 step=4"
ts=1735758952 level=info service=database host=host-04.example trace_id=trace-behavior-00001081 msg="event_id=behavior-1081 step=3"
ts=1735759097 level=info service=database host=host-04.example trace_id=trace-behavior-00001087 msg="event_id=behavior-1087 step=9"
ts=1735759291 level=info service=database host=host-04.example trace_id=trace-behavior-00001095 msg="event_id=behavior-1095 step=6"
ts=1735759533 level=info service=database host=host-04.example trace_id=trace-behavior-00001105 msg="event_id=behavior-1105 step=5"
ts=1735759605 level=info service=database host=host-04.example trace_id=trace-behavior-00001108 msg="event_id=behavior-1108 step=8"
ts=1735760670 level=info service=database host=host-04.example trace_id=trace-behavior-00001152 msg="event_id=behavior-1152 step=8"
ts=1735760863 level=info service=database host=host-04.example trace_id=trace-behavior-00001160 msg="event_id=behavior-1160 step=5"
ts=1735761347 level=info service=database host=host-04.example trace_id=trace-behavior-00001180 msg="event_id=behavior-1180 step=3"
ts=1735761371 level=info service=database host=host-04.example trace_id=trace-behavior-00001181 msg="event_id=behavior-1181 step=4"
ts=1735761662 level=info service=database host=host-04.example trace_id=trace-behavior-00001193 msg="event_id=behavior-1193 step=5"
ts=1735761928 level=info service=database host=host-04.example trace_id=trace-behavior-00001204 msg="event_id=behavior-1204 step=5"
ts=1735762025 level=info service=database host=host-04.example trace_id=trace-behavior-00001208 msg="event_id=behavior-1208 step=9"
ts=1735762097 level=info service=database host=host-04.example trace_id=trace-behavior-00001211 msg="event_id=behavior-1211 step=1"
ts=1735762605 level=info service=database host=host-04.example trace_id=trace-behavior-00001232 msg="event_id=behavior-1232 step=0"
ts=1735762775 level=info service=database host=host-04.example trace_id=trace-behavior-00001239 msg="event_id=behavior-1239 step=7"
ts=1735763017 level=info service=database host=host-04.example trace_id=trace-behavior-00001249 msg="event_id=behavior-1249 step=6"
ts=1735763113 level=info service=database host=host-04.example trace_id=trace-behavior-00001253 msg="event_id=behavior-1253 step=10"
ts=1735763186 level=info service=database host=host-04.example trace_id=trace-behavior-00001256 msg="event_id=behavior-1256 step=2"
ts=1735763887 level=info service=database host=host-04.example trace_id=trace-behavior-00001285 msg="event_id=behavior-1285 step=9"
ts=1735764226 level=info service=database host=host-04.example trace_id=trace-behavior-00001299 msg="event_id=behavior-1299 step=1"
ts=1735764637 level=info service=database host=host-04.example trace_id=trace-behavior-00001316 msg="event_id=behavior-1316 step=7"
ts=1735764855 level=info service=database host=host-04.example trace_id=trace-behavior-00001325 msg="event_id=behavior-1325 step=5"
ts=1735764928 level=info service=database host=host-04.example trace_id=trace-behavior-00001328 msg="event_id=behavior-1328 step=8"
ts=1735765097 level=info service=database host=host-04.example trace_id=trace-behavior-00001335 msg="event_id=behavior-1335 step=4"
ts=1735765291 level=info service=database host=host-04.example trace_id=trace-behavior-00001343 msg="event_id=behavior-1343 step=1"
ts=1735765436 level=info service=database host=host-04.example trace_id=trace-behavior-00001349 msg="event_id=behavior-1349 step=7"
ts=1735765678 level=info service=database host=host-04.example trace_id=trace-behavior-00001359 msg="event_id=behavior-1359 step=6"
ts=1735765920 level=info service=database host=host-04.example trace_id=trace-behavior-00001369 msg="event_id=behavior-1369 step=5"
ts=1735766016 level=info service=database host=host-04.example trace_id=trace-behavior-00001373 msg="event_id=behavior-1373 step=9"
ts=1735766210 level=info service=database host=host-04.example trace_id=trace-behavior-00001381 msg="event_id=behavior-1381 step=6"
ts=1735766283 level=info service=database host=host-04.example trace_id=trace-behavior-00001384 msg="event_id=behavior-1384 step=9"
ts=1735766621 level=info service=database host=host-04.example trace_id=trace-behavior-00001398 msg="event_id=behavior-1398 step=1"
ts=1735766815 level=info service=database host=host-04.example trace_id=trace-behavior-00001406 msg="event_id=behavior-1406 step=9"
ts=1735766960 level=info service=database host=host-04.example trace_id=trace-behavior-00001412 msg="event_id=behavior-1412 step=4"
ts=1735767395 level=info service=database host=host-04.example trace_id=trace-behavior-00001430 msg="event_id=behavior-1430 step=0"
ts=1735767420 level=info service=database host=host-04.example trace_id=trace-behavior-00001431 msg="event_id=behavior-1431 step=1"
ts=1735768121 level=info service=database host=host-04.example trace_id=trace-behavior-00001460 msg="event_id=behavior-1460 step=8"
ts=1735768170 level=info service=database host=host-04.example trace_id=trace-behavior-00001462 msg="event_id=behavior-1462 step=10"
ts=1735768266 level=info service=database host=host-04.example trace_id=trace-behavior-00001466 msg="event_id=behavior-1466 step=3"
ts=1735768315 level=info service=database host=host-04.example trace_id=trace-behavior-00001468 msg="event_id=behavior-1468 step=5"
ts=1735768387 level=info service=database host=host-04.example trace_id=trace-behavior-00001471 msg="event_id=behavior-1471 step=8"
ts=1735768460 level=info service=database host=host-04.example trace_id=trace-behavior-00001474 msg="event_id=behavior-1474 step=0"
ts=1735768533 level=error service=database host=host-04.example trace_id=trace-behavior-00001477 msg="event_id=behavior-1477 step=3"
ts=1735768605 level=debug service=database host=host-04.example trace_id=trace-behavior-00001480 msg="event_id=behavior-1480 step=6"
ts=1735768653 level=info service=database host=host-04.example trace_id=trace-behavior-00001482 msg="event_id=behavior-1482 step=8"
ts=1735768678 level=info service=database host=host-04.example trace_id=trace-behavior-00001483 msg="event_id=behavior-1483 step=9"
ts=1735768702 level=debug service=database host=host-04.example trace_id=trace-behavior-00001484 msg="event_id=behavior-1484 step=10"
ts=1735768750 level=info service=database host=host-04.example trace_id=trace-behavior-00001486 msg="event_id=behavior-1486 step=1"
ts=1735768847 level=info service=database host=host-04.example trace_id=trace-behavior-00001490 msg="event_id=behavior-1490 step=5"
ts=1735768944 level=info service=database host=host-04.example trace_id=trace-behavior-00001494 msg="event_id=behavior-1494 step=9"
ts=1735769162 level=info service=database host=host-04.example trace_id=trace-behavior-00001503 msg="event_id=behavior-1503 STACK_TRACE_SENTINEL failure in handler\n    at lab_module_handler(file=example_rs line=43)\n    at lab_module_dispatch(file=example_rs line=13)\nCaused by: simulated timeout after 703ms"
ts=1735769210 level=info service=database host=host-04.example trace_id=trace-behavior-00001505 msg="event_id=behavior-1505 step=9"
ts=1735769428 level=info service=database host=host-04.example trace_id=trace-behavior-00001514 msg="event_id=behavior-1514 step=7"
ts=1735769936 level=info service=database host=host-04.example trace_id=trace-behavior-00001535 msg="event_id=behavior-1535 step=6"
ts=1735770081 level=info service=database host=host-04.example trace_id=trace-behavior-00001541 msg="event_id=behavior-1541 step=1"
ts=1735770613 level=info service=database host=host-04.example trace_id=trace-behavior-00001563 msg="event_id=behavior-1563 step=1"
ts=1735770734 level=info service=database host=host-04.example trace_id=trace-behavior-00001568 msg="event_id=behavior-1568 step=6"
ts=1735770758 level=info service=database host=host-04.example trace_id=trace-behavior-00001569 msg="event_id=behavior-1569 step=7"
ts=1735771000 level=info service=database host=host-04.example trace_id=trace-behavior-00001579 msg="event_id=behavior-1579 step=6"
ts=1735771073 level=info service=database host=host-04.example trace_id=trace-behavior-00001582 msg="event_id=behavior-1582 step=9"
ts=1735771194 level=info service=database host=host-04.example trace_id=trace-behavior-00001587 msg="event_id=behavior-1587 step=3"
ts=1735771218 level=info service=database host=host-04.example trace_id=trace-behavior-00001588 msg="event_id=behavior-1588 step=4"
ts=1735771678 level=info service=database host=host-04.example trace_id=trace-behavior-00001607 msg="event_id=behavior-1607 step=1"
ts=1735771799 level=info service=database host=host-04.example trace_id=trace-behavior-00001612 msg="event_id=behavior-1612 step=6"
ts=1735771823 level=info service=database host=host-04.example trace_id=trace-behavior-00001613 msg="event_id=behavior-1613 step=7"
ts=1735771920 level=debug service=database host=host-04.example trace_id=trace-behavior-00001617 msg="event_id=behavior-1617 step=0"
ts=1735772113 level=info service=database host=host-04.example trace_id=trace-behavior-00001625 msg="event_id=behavior-1625 step=8"
ts=1735772210 level=info service=database host=host-04.example trace_id=trace-behavior-00001629 msg="event_id=behavior-1629 step=1"
ts=1735772500 level=info service=database host=host-04.example trace_id=trace-behavior-00001641 msg="event_id=behavior-1641 step=2"
ts=1735772621 level=info service=database host=host-04.example trace_id=trace-behavior-00001646 msg="event_id=behavior-1646 step=7"
ts=1735772670 level=info service=database host=host-04.example trace_id=trace-behavior-00001648 msg="event_id=behavior-1648 step=9"
ts=1735772718 level=info service=database host=host-04.example trace_id=trace-behavior-00001650 msg="event_id=behavior-1650 step=0"
ts=1735772766 level=info service=database host=host-04.example trace_id=trace-behavior-00001652 msg="event_id=behavior-1652 step=2"
ts=1735773105 level=info service=database host=host-04.example trace_id=trace-behavior-00001666 msg="event_id=behavior-1666 step=5"
ts=1735773178 level=info service=database host=host-04.example trace_id=trace-behavior-00001669 msg="event_id=behavior-1669 step=8"
ts=1735773274 level=info service=database host=host-04.example trace_id=trace-behavior-00001673 msg="event_id=behavior-1673 step=1"
ts=1735773395 level=info service=database host=host-04.example trace_id=trace-behavior-00001678 msg="event_id=behavior-1678 step=6"
ts=1735773516 level=info service=database host=host-04.example trace_id=trace-behavior-00001683 msg="event_id=behavior-1683 step=0"
ts=1735773734 level=info service=database host=host-04.example trace_id=trace-behavior-00001692 msg="event_id=behavior-1692 step=9"
ts=1735774363 level=info service=database host=host-04.example trace_id=trace-behavior-00001718 msg="event_id=behavior-1718 step=2"
ts=1735774581 level=info service=database host=host-04.example trace_id=trace-behavior-00001727 msg="event_id=behavior-1727 step=0"
ts=1735774605 level=info service=database host=host-04.example trace_id=trace-behavior-00001728 msg="event_id=behavior-1728 step=1"
ts=1735774847 level=info service=database host=host-04.example trace_id=trace-behavior-00001738 msg="event_id=behavior-1738 step=0"
ts=1735774871 level=info service=database host=host-04.example trace_id=trace-behavior-00001739 msg="event_id=behavior-1739 step=1"
ts=1735775186 level=info service=database host=host-04.example trace_id=trace-behavior-00001752 msg="event_id=behavior-1752 step=3"
ts=1735775452 level=info service=database host=host-04.example trace_id=trace-behavior-00001763 msg="event_id=behavior-1763 step=3"
ts=1735775718 level=info service=database host=host-04.example trace_id=trace-behavior-00001774 msg="event_id=behavior-1774 step=3"
ts=1735775839 level=info service=database host=host-04.example trace_id=trace-behavior-00001779 msg="event_id=behavior-1779 step=8"
ts=1735775863 level=info service=database host=host-04.example trace_id=trace-behavior-00001780 msg="event_id=behavior-1780 step=9"
ts=1735776032 level=info service=database host=host-04.example trace_id=trace-behavior-00001787 msg="event_id=behavior-1787 step=5"
ts=1735776298 level=info service=database host=host-04.example trace_id=trace-behavior-00001798 msg="event_id=behavior-1798 step=5"
ts=1735776323 level=info service=database host=host-04.example trace_id=trace-behavior-00001799 msg="event_id=behavior-1799 step=6"
ts=1735776758 level=info service=database host=host-04.example trace_id=trace-behavior-00001817 msg="event_id=behavior-1817 step=2"
ts=1735777363 level=info service=database host=host-04.example trace_id=trace-behavior-00001842 msg="event_id=behavior-1842 step=5"
ts=1735777484 level=info service=database host=host-04.example trace_id=trace-behavior-00001847 msg="event_id=behavior-1847 step=10"
ts=1735777532 level=info service=database host=host-04.example trace_id=trace-behavior-00001849 msg="event_id=behavior-1849 step=1"
ts=1735777605 level=info service=database host=host-04.example trace_id=trace-behavior-00001852 msg="event_id=behavior-1852 step=4"
ts=1735777677 level=info service=database host=host-04.example trace_id=trace-behavior-00001855 msg="event_id=behavior-1855 step=7"
ts=1735777702 level=info service=database host=host-04.example trace_id=trace-behavior-00001856 msg="event_id=behavior-1856 step=8"
ts=1735777895 level=info service=database host=host-04.example trace_id=trace-behavior-00001864 msg="event_id=behavior-1864 step=5"
ts=1735778210 level=info service=database host=host-04.example trace_id=trace-behavior-00001877 msg="event_id=behavior-1877 step=7"
ts=1735778258 level=info service=database host=host-04.example trace_id=trace-behavior-00001879 msg="event_id=behavior-1879 step=9"
ts=1735778331 level=info service=database host=host-04.example trace_id=trace-behavior-00001882 msg="event_id=behavior-1882 step=1"
ts=1735778379 level=info service=database host=host-04.example trace_id=trace-behavior-00001884 msg="event_id=behavior-1884 step=3"
ts=1735778476 level=info service=database host=host-04.example trace_id=trace-behavior-00001888 msg="event_id=behavior-1888 step=7"
ts=1735778694 level=info service=database host=host-04.example trace_id=trace-behavior-00001897 msg="event_id=behavior-1897 step=5"
ts=1735778790 level=info service=database host=host-04.example trace_id=trace-behavior-00001901 msg="event_id=behavior-1901 LONG_JSON_SENTINEL payload=xxxxxxxxxxxxxxxxxxxxxxxxxxxxxxxxxxxxxxxxxxxxxxxxxxxxxxxxxxxxxxxxxxxxxxxxxxxxxxxxxxxxxxxxxxxxxxxxxxxxxxxxxxxxxxxxxxxxxxxxxxxxxxxxxxxxxxxxxxxxxxxxxxxxxxxxxxxxxxxxxxxxxxxxxxxxxxxxxxxxxxxxxxxxxxxxxxxxxxxxxxxxxxxxxxxxxxxxxxxxxxxxxxxxxxxxxxxxxxxxxxxxxxxxxxxxxxxxxxxxxxxxxxxxxxxxxxxxxxxxxxxxxxxxxxxxxxxxxxxxxxxxxxxxxxxxxxxxxxxxxxxxxxxxxxxxxxxxxxxxxxxxxxxxxxxxxxxxxxxxxxxxxxxxxxxxxxxxxxxxxxxxxxxxxxxxxxxxxxxxxxxxxxxxxxxxxxxxxxxxxxxxxxxxxxxxxxxxxxxxxxxxxxxxxxxxxxxxxxxxxxxxxxxxxxxxxxxxxxxxxxxxxxxxxxxxxxxxxxxxx"
ts=1735779637 level=info service=database host=host-04.example trace_id=trace-behavior-00001936 msg="event_id=behavior-1936 step=0"
ts=1735780097 level=info service=database host=host-04.example trace_id=trace-behavior-00001955 msg="event_id=behavior-1955 step=8"
ts=1735780290 level=info service=database host=host-04.example trace_id=trace-behavior-00001963 msg="event_id=behavior-1963 step=5"
ts=1735780581 level=info service=database host=host-04.example trace_id=trace-behavior-00001975 msg="event_id=behavior-1975 step=6"
ts=1735780702 level=info service=database host=host-04.example trace_id=trace-behavior-00001980 msg="event_id=behavior-1980 step=0"
ts=1735780968 level=info service=database host=host-04.example trace_id=trace-behavior-00001991 msg="event_id=behavior-1991 step=0"
ts=1735781331 level=info service=database host=host-04.example trace_id=trace-behavior-00002006 msg="event_id=behavior-2006 step=4"
ts=1735781839 level=info service=database host=host-04.example trace_id=trace-behavior-00002027 msg="event_id=behavior-2027 step=3"
ts=1735781911 level=info service=database host=host-04.example trace_id=trace-behavior-00002030 msg="event_id=behavior-2030 step=6"
ts=1735781935 level=info service=database host=host-04.example trace_id=trace-behavior-00002031 msg="event_id=behavior-2031 step=7"
ts=1735782202 level=info service=database host=host-04.example trace_id=trace-behavior-00002042 msg="event_id=behavior-2042 step=7"
ts=1735782468 level=info service=database host=host-04.example trace_id=trace-behavior-00002053 msg="event_id=behavior-2053 step=7"
ts=1735782855 level=info service=database host=host-04.example trace_id=trace-behavior-00002069 msg="event_id=behavior-2069 step=1"
ts=1735782903 level=info service=database host=host-04.example trace_id=trace-behavior-00002071 msg="event_id=behavior-2071 step=3"
ts=1735783750 level=info service=database host=host-04.example trace_id=trace-behavior-00002106 msg="event_id=behavior-2106 step=5"
ts=1735784113 level=info service=database host=host-04.example trace_id=trace-behavior-00002121 msg="event_id=behavior-2121 step=9"
ts=1735784597 level=info service=database host=host-04.example trace_id=trace-behavior-00002141 msg="event_id=behavior-2141 step=7"
ts=1735784742 level=info service=database host=host-04.example trace_id=trace-behavior-00002147 msg="event_id=behavior-2147 step=2"
ts=1735784790 level=info service=database host=host-04.example trace_id=trace-behavior-00002149 msg="event_id=behavior-2149 step=4"
ts=1735784839 level=info service=database host=host-04.example trace_id=trace-behavior-00002151 msg="event_id=behavior-2151 step=6"
ts=1735785371 level=info service=database host=host-04.example trace_id=trace-behavior-00002173 msg="event_id=behavior-2173 step=6"
ts=1735785540 level=info service=database host=host-04.example trace_id=trace-behavior-00002180 msg="event_id=behavior-2180 step=2"
ts=1735786024 level=info service=database host=host-04.example trace_id=trace-behavior-00002200 msg="event_id=behavior-2200 LONG_JSON_SENTINEL payload=xxxxxxxxxxxxxxxxxxxxxxxxxxxxxxxxxxxxxxxxxxxxxxxxxxxxxxxxxxxxxxxxxxxxxxxxxxxxxxxxxxxxxxxxxxxxxxxxxxxxxxxxxxxxxxxxxxxxxxxxxxxxxxxxxxxxxxxxxxxxxxxxxxxxxxxxxxxxxxxxxxxxxxxxxxxxxxxxxxxxxxxxxxxxxxxxxxxxxxxxxxxxxxxxxxxxxxxxxxxxxxxxxxxxxxxxxxxxxxxxxxxxxxxxxxxxxxxxxxxxxxxxxxxxxxxxxxxxxxxxxxxxxxxxxxxxxxxxxxxxxxxxxxxxxxxxxxxxxxxxxxxxxxxxxxxxxxxxxxxxxxxxxxxxxxxxxxxxxxxxxxxxxxxxxxxxxxxxxxxxxxxxxxxxxxxxxxxxxxxx"
ts=1735786145 level=info service=database host=host-04.example trace_id=trace-behavior-00002205 msg="event_id=behavior-2205 step=5"
ts=1735786314 level=info service=database host=host-04.example trace_id=trace-behavior-00002212 msg="event_id=behavior-2212 step=1"
ts=1735786460 level=info service=database host=host-04.example trace_id=trace-behavior-00002218 msg="event_id=behavior-2218 step=7 UTF8_café_λ"
ts=1735786556 level=info service=database host=host-04.example trace_id=trace-behavior-00002222 msg="event_id=behavior-2222 step=0"
ts=1735786701 level=info service=database host=host-04.example trace_id=trace-behavior-00002228 msg="event_id=behavior-2228 step=6"
ts=1735786871 level=info service=database host=host-04.example trace_id=trace-behavior-00002235 msg="event_id=behavior-2235 step=2"
ts=1735787064 level=info service=database host=host-04.example trace_id=trace-behavior-00002243 msg="event_id=behavior-2243 step=10"
ts=1735787113 level=info service=database host=host-04.example trace_id=trace-behavior-00002245 msg="event_id=behavior-2245 step=1"
ts=1735787330 level=info service=database host=host-04.example trace_id=trace-behavior-00002254 msg="event_id=behavior-2254 step=10"
ts=1735787451 level=info service=database host=host-04.example trace_id=trace-behavior-00002259 msg="event_id=behavior-2259 step=4"
ts=1735787790 level=info service=database host=host-04.example trace_id=trace-behavior-00002273 msg="event_id=behavior-2273 step=7"
ts=1735787839 level=info service=database host=host-04.example trace_id=trace-behavior-00002275 msg="event_id=behavior-2275 step=9"
ts=1735787935 level=info service=database host=host-04.example trace_id=trace-behavior-00002279 msg="event_id=behavior-2279 step=2"
ts=1735788322 level=info service=database host=host-04.example trace_id=trace-behavior-00002295 msg="event_id=behavior-2295 step=7"
ts=1735788419 level=info service=database host=host-04.example trace_id=trace-behavior-00002299 msg="event_id=behavior-2299 step=0"
ts=1735788613 level=info service=database host=host-04.example trace_id=trace-behavior-00002307 msg="event_id=behavior-2307 step=8"
ts=1735788927 level=info service=database host=host-04.example trace_id=trace-behavior-00002320 msg="event_id=behavior-2320 step=10"
ts=1735789024 level=info service=database host=host-04.example trace_id=trace-behavior-00002324 msg="event_id=behavior-2324 step=3"
ts=1735789218 level=info service=database host=host-04.example trace_id=trace-behavior-00002332 msg="event_id=behavior-2332 step=0"
ts=1735789726 level=info service=database host=host-04.example trace_id=trace-behavior-00002353 msg="event_id=behavior-2353 step=10"
ts=1735789847 level=info service=database host=host-04.example trace_id=trace-behavior-00002358 msg="event_id=behavior-2358 step=4"
ts=1735790548 level=info service=database host=host-04.example trace_id=trace-behavior-00002387 msg="event_id=behavior-2387 step=0"
ts=1735790887 level=info service=database host=host-04.example trace_id=trace-behavior-00002401 msg="event_id=behavior-2401 LONG_JSON_SENTINEL payload=xxxxxxxxxxxxxxxxxxxxxxxxxxxxxxxxxxxxxxxxxxxxxxxxxxxxxxxxxxxxxxxxxxxxxxxxxxxxxxxxxxxxxxxxxxxxxxxxxxxxxxxxxxxxxxxxxxxxxxxxxxxxxxxxxxxxxxxxxxxxxxxxxxxxxxxxxxxxxxxxxxxxxxxxxxxxxxxxxxxxxxxxxxxxxxxxxxxxxxxxxxxxxxxxxxxxxxxxxxxxxxxxxxxxxxxxxxxxxxxxxxxxxxxxxxxxxxxxxxxxxxxxxxxxxxxxxxxxxxxxxxxxxxxxxxxxxxxxxxxxxxxxxxxxxxxxxxxxxxxxxxxxxxxxxxxxxxxxxxxxxxxxxxxxxxxxxxxxxxxxxxxxxxxxxxxxxxxxxxxxxxxxxxxxxxxxxxxxxxxxx"
ts=1735791177 level=debug service=database host=host-04.example trace_id=trace-behavior-00002413 msg="event_id=behavior-2413 step=4"
ts=1735791322 level=info service=database host=host-04.example trace_id=trace-behavior-00002419 msg="event_id=behavior-2419 step=10"
ts=1735791371 level=info service=database host=host-04.example trace_id=trace-behavior-00002421 msg="event_id=behavior-2421 step=1"
ts=1735791467 level=warn service=database host=host-04.example trace_id=trace-behavior-00002425 msg="event_id=behavior-2425 step=5"
ts=1735791951 level=info service=database host=host-04.example trace_id=trace-behavior-00002445 msg="event_id=behavior-2445 step=3"
ts=1735792048 level=info service=database host=host-04.example trace_id=trace-behavior-00002449 msg="event_id=behavior-2449 step=7"
ts=1735792484 level=info service=database host=host-04.example trace_id=trace-behavior-00002467 msg="event_id=behavior-2467 step=3"
ts=1735792556 level=info service=database host=host-04.example trace_id=trace-behavior-00002470 msg="event_id=behavior-2470 step=6"
ts=1735792629 level=info service=database host=host-04.example trace_id=trace-behavior-00002473 msg="event_id=behavior-2473 step=9"
ts=1735792943 level=info service=database host=host-04.example trace_id=trace-behavior-00002486 msg="event_id=behavior-2486 step=0"
ts=1735793354 level=info service=database host=host-04.example trace_id=trace-behavior-00002503 msg="event_id=behavior-2503 LONG_JSON_SENTINEL payload=xxxxxxxxxxxxxxxxxxxxxxxxxxxxxxxxxxxxxxxxxxxxxxxxxxxxxxxxxxxxxxxxxxxxxxxxxxxxxxxxxxxxxxxxxxxxxxxxxxxxxxxxxxxxxxxxxxxxxxxxxxxxxxxxxxxxxxxxxxxxxxxxxxxxxxxxxxxxxxxxxxxxxxxxxxxxxxxxxxxxxxxxxxxxxxxxxxxxxxxxxxxxxxxxxxxxxxxxxxxxxxxxxxxxxxxxxxxxxxxxxxxxxxxxxxxxxxxxxxxxxxxxxxxxxxxxxxxxxxxxxxxxxxxxxxxxxxxxxxxxxxxxxxxxxxxxxxxxxxxxxxxxxxxxxxxxxxxxxxxxxxxxxxxxxxxxxxxxxxxxxxxxxxxxxxxxxxxxxxxxxxxxxxxxxxxxxxxxxxxxxxxxxxxxxxxxxxxxxxxxxxxxxxxxxxxxxxxxxxxxxxxxxxxxxxxxxxxxxxxxxxxxxxxxxxxxxxxxxxxxxxxxxxxxxxxxxxxxxxxxxxx"
ts=1735793451 level=info service=database host=host-04.example trace_id=trace-behavior-00002507 msg="event_id=behavior-2507 step=10"
ts=1735793669 level=info service=database host=host-04.example trace_id=trace-behavior-00002516 msg="event_id=behavior-2516 step=8"
ts=1735793742 level=info service=database host=host-04.example trace_id=trace-behavior-00002519 msg="event_id=behavior-2519 step=0"
ts=1735793790 level=info service=database host=host-04.example trace_id=trace-behavior-00002521 msg="event_id=behavior-2521 step=2"
ts=1735793935 level=debug service=database host=host-04.example trace_id=trace-behavior-00002527 msg="event_id=behavior-2527 step=8"
ts=1735794008 level=info service=database host=host-04.example trace_id=trace-behavior-00002530 msg="event_id=behavior-2530 step=0"
ts=1735794104 level=info service=database host=host-04.example trace_id=trace-behavior-00002534 msg="event_id=behavior-2534 step=4"
ts=1735794177 level=info service=database host=host-04.example trace_id=trace-behavior-00002537 msg="event_id=behavior-2537 step=7"
ts=1735794467 level=info service=database host=host-04.example trace_id=trace-behavior-00002549 msg="event_id=behavior-2549 step=8"
ts=1735794661 level=info service=database host=host-04.example trace_id=trace-behavior-00002557 msg="event_id=behavior-2557 step=5"
ts=1735794758 level=info service=database host=host-04.example trace_id=trace-behavior-00002561 msg="event_id=behavior-2561 step=9"
ts=1735794975 level=info service=database host=host-04.example trace_id=trace-behavior-00002570 msg="event_id=behavior-2570 step=7"
ts=1735795290 level=info service=database host=host-04.example trace_id=trace-behavior-00002583 msg="event_id=behavior-2583 step=9"
ts=1735795387 level=info service=database host=host-04.example trace_id=trace-behavior-00002587 msg="event_id=behavior-2587 step=2"
ts=1735795532 level=info service=database host=host-04.example trace_id=trace-behavior-00002593 msg="event_id=behavior-2593 step=8"
ts=1735795798 level=info service=database host=host-04.example trace_id=trace-behavior-00002604 msg="event_id=behavior-2604 step=8"
ts=1735795846 level=info service=database host=host-04.example trace_id=trace-behavior-00002606 msg="event_id=behavior-2606 step=10"
ts=1735796088 level=info service=database host=host-04.example trace_id=trace-behavior-00002616 msg="event_id=behavior-2616 step=9"
ts=1735796354 level=info service=database host=host-04.example trace_id=trace-behavior-00002627 msg="event_id=behavior-2627 step=9"
ts=1735796596 level=info service=database host=host-04.example trace_id=trace-behavior-00002637 msg="event_id=behavior-2637 step=8"
ts=1735797032 level=info service=database host=host-04.example trace_id=trace-behavior-00002655 msg="event_id=behavior-2655 step=4"
ts=1735797274 level=info service=database host=host-04.example trace_id=trace-behavior-00002665 msg="event_id=behavior-2665 step=3"
ts=1735797782 level=info service=database host=host-04.example trace_id=trace-behavior-00002686 msg="event_id=behavior-2686 step=2"
ts=1735797879 level=info service=database host=host-04.example trace_id=trace-behavior-00002690 msg="event_id=behavior-2690 step=6"
ts=1735798096 level=info service=database host=host-04.example trace_id=trace-behavior-00002699 msg="event_id=behavior-2699 step=4"
ts=1735798290 level=info service=database host=host-04.example trace_id=trace-behavior-00002707 msg="event_id=behavior-2707 step=1"
ts=1735798846 level=info service=database host=host-04.example trace_id=trace-behavior-00002730 msg="event_id=behavior-2730 step=2"
ts=1735799137 level=info service=database host=host-04.example trace_id=trace-behavior-00002742 msg="event_id=behavior-2742 step=3"
ts=1735799185 level=info service=database host=host-04.example trace_id=trace-behavior-00002744 msg="event_id=behavior-2744 step=5"
ts=1735799258 level=info service=database host=host-04.example trace_id=trace-behavior-00002747 msg="event_id=behavior-2747 step=8"
ts=1735799306 level=info service=database host=host-04.example trace_id=trace-behavior-00002749 msg="event_id=behavior-2749 step=10"
ts=1735799427 level=info service=database host=host-04.example trace_id=trace-behavior-00002754 msg="event_id=behavior-2754 step=4"
ts=1735799596 level=info service=database host=host-04.example trace_id=trace-behavior-00002761 msg="event_id=behavior-2761 step=0"
ts=1735799620 level=info service=database host=host-04.example trace_id=trace-behavior-00002762 msg="event_id=behavior-2762 step=1"
ts=1735799814 level=info service=database host=host-04.example trace_id=trace-behavior-00002770 msg="event_id=behavior-2770 step=9"
ts=1735799887 level=info service=database host=host-04.example trace_id=trace-behavior-00002773 msg="event_id=behavior-2773 step=1"
ts=1735799935 level=info service=database host=host-04.example trace_id=trace-behavior-00002775 msg="event_id=behavior-2775 step=3"
ts=1735800056 level=info service=database host=host-04.example trace_id=trace-behavior-00002780 msg="event_id=behavior-2780 step=8"
ts=1735800129 level=info service=database host=host-04.example trace_id=trace-behavior-00002783 msg="event_id=behavior-2783 step=0"
ts=1735800467 level=info service=database host=host-04.example trace_id=trace-behavior-00002797 msg="event_id=behavior-2797 step=3"
ts=1735800588 level=info service=database host=host-04.example trace_id=trace-behavior-00002802 msg="event_id=behavior-2802 STACK_TRACE_SENTINEL failure in handler\n    at lab_module_handler(file=example_rs line=42)\n    at lab_module_dispatch(file=example_rs line=12)\nCaused by: simulated timeout after 202ms"
ts=1735800758 level=info service=database host=host-04.example trace_id=trace-behavior-00002809 msg="event_id=behavior-2809 step=4"
ts=1735800903 level=info service=database host=host-04.example trace_id=trace-behavior-00002815 msg="event_id=behavior-2815 step=10"
ts=1735800927 level=info service=database host=host-04.example trace_id=trace-behavior-00002816 msg="event_id=behavior-2816 step=0"
ts=1735800975 level=info service=database host=host-04.example trace_id=trace-behavior-00002818 msg="event_id=behavior-2818 step=2"
ts=1735801145 level=info service=database host=host-04.example trace_id=trace-behavior-00002825 msg="event_id=behavior-2825 step=9"
ts=1735801435 level=info service=database host=host-04.example trace_id=trace-behavior-00002837 msg="event_id=behavior-2837 step=10"
ts=1735801580 level=info service=database host=host-04.example trace_id=trace-behavior-00002843 msg="event_id=behavior-2843 step=5"
ts=1735802040 level=info service=database host=host-04.example trace_id=trace-behavior-00002862 msg="event_id=behavior-2862 step=2"
ts=1735802112 level=info service=database host=host-04.example trace_id=trace-behavior-00002865 msg="event_id=behavior-2865 step=5"
ts=1735802137 level=info service=database host=host-04.example trace_id=trace-behavior-00002866 msg="event_id=behavior-2866 step=6"
ts=1735802161 level=info service=database host=host-04.example trace_id=trace-behavior-00002867 msg="event_id=behavior-2867 step=7"
ts=1735802258 level=info service=database host=host-04.example trace_id=trace-behavior-00002871 msg="event_id=behavior-2871 step=0"
ts=1735802403 level=info service=database host=host-04.example trace_id=trace-behavior-00002877 msg="event_id=behavior-2877 step=6"
ts=1735802427 level=info service=database host=host-04.example trace_id=trace-behavior-00002878 msg="event_id=behavior-2878 step=7"
ts=1735802548 level=info service=database host=host-04.example trace_id=trace-behavior-00002883 msg="event_id=behavior-2883 step=1"
ts=1735803370 level=info service=database host=host-04.example trace_id=trace-behavior-00002917 msg="event_id=behavior-2917 step=2"
ts=1735803588 level=info service=database host=host-04.example trace_id=trace-behavior-00002926 msg="event_id=behavior-2926 step=0"
ts=1735804096 level=info service=database host=host-04.example trace_id=trace-behavior-00002947 msg="event_id=behavior-2947 step=10"
ts=1735804120 level=info service=database host=host-04.example trace_id=trace-behavior-00002948 msg="event_id=behavior-2948 step=0"
ts=1735804386 level=info service=database host=host-04.example trace_id=trace-behavior-00002959 msg="event_id=behavior-2959 step=0"
ts=1735804411 level=info service=database host=host-04.example trace_id=trace-behavior-00002960 msg="event_id=behavior-2960 step=1"
ts=1735804435 level=info service=database host=host-04.example trace_id=trace-behavior-00002961 msg="event_id=behavior-2961 step=2"
ts=1735804459 level=info service=database host=host-04.example trace_id=trace-behavior-00002962 msg="event_id=behavior-2962 step=3"
ts=1735804580 level=info service=database host=host-04.example trace_id=trace-behavior-00002967 msg="event_id=behavior-2967 step=8"
ts=1735804749 level=info service=database host=host-04.example trace_id=trace-behavior-00002974 msg="event_id=behavior-2974 step=4"
ts=1735804822 level=info service=database host=host-04.example trace_id=trace-behavior-00002977 msg="event_id=behavior-2977 step=7"
ts=1735805136 level=info service=database host=host-04.example trace_id=trace-behavior-00002990 msg="event_id=behavior-2990 step=9"
ts=1735805185 level=info service=database host=host-04.example trace_id=trace-behavior-00002992 msg="event_id=behavior-2992 step=0"
ts=1735805306 level=info service=database host=host-04.example trace_id=trace-behavior-00002997 msg="event_id=behavior-2997 step=5"
ts=1735805475 level=info service=database host=host-04.example trace_id=trace-behavior-00003004 msg="event_id=behavior-3004 step=1"
ts=1735805524 level=info service=database host=host-04.example trace_id=trace-behavior-00003006 msg="event_id=behavior-3006 step=3"
ts=1735805596 level=info service=database host=host-04.example trace_id=trace-behavior-00003009 msg="event_id=behavior-3009 step=6"
ts=1735805693 level=info service=database host=host-04.example trace_id=trace-behavior-00003013 msg="event_id=behavior-3013 step=10"
ts=1735805838 level=info service=database host=host-04.example trace_id=trace-behavior-00003019 msg="event_id=behavior-3019 step=5"
ts=1735805959 level=info service=database host=host-04.example trace_id=trace-behavior-00003024 msg="event_id=behavior-3024 step=10"
ts=1735806153 level=info service=database host=host-04.example trace_id=trace-behavior-00003032 msg="event_id=behavior-3032 step=7"
ts=1735806564 level=info service=database host=host-04.example trace_id=trace-behavior-00003049 msg="event_id=behavior-3049 step=2"
ts=1735806685 level=info service=database host=host-04.example trace_id=trace-behavior-00003054 msg="event_id=behavior-3054 step=7"
ts=1735807048 level=info service=database host=host-04.example trace_id=trace-behavior-00003069 msg="event_id=behavior-3069 step=0"
ts=1735807314 level=info service=database host=host-04.example trace_id=trace-behavior-00003080 msg="event_id=behavior-3080 step=0"
ts=1735807362 level=info service=database host=host-04.example trace_id=trace-behavior-00003082 msg="event_id=behavior-3082 step=2"
ts=1735807507 level=info service=database host=host-04.example trace_id=trace-behavior-00003088 msg="event_id=behavior-3088 step=8"
ts=1735807967 level=info service=database host=host-04.example trace_id=trace-behavior-00003107 msg="event_id=behavior-3107 step=5"
ts=1735808161 level=info service=database host=host-04.example trace_id=trace-behavior-00003115 msg="event_id=behavior-3115 step=2"
ts=1735808233 level=info service=database host=host-04.example trace_id=trace-behavior-00003118 msg="event_id=behavior-3118 step=5"
ts=1735808596 level=info service=database host=host-04.example trace_id=trace-behavior-00003133 msg="event_id=behavior-3133 step=9"
ts=1735808644 level=info service=database host=host-04.example trace_id=trace-behavior-00003135 msg="event_id=behavior-3135 step=0"
ts=1735809080 level=info service=database host=host-04.example trace_id=trace-behavior-00003153 msg="event_id=behavior-3153 step=7"
ts=1735809177 level=info service=database host=host-04.example trace_id=trace-behavior-00003157 msg="event_id=behavior-3157 step=0"
ts=1735809273 level=info service=database host=host-04.example trace_id=trace-behavior-00003161 msg="event_id=behavior-3161 step=4"
ts=1735809782 level=info service=database host=host-04.example trace_id=trace-behavior-00003182 msg="event_id=behavior-3182 step=3"
ts=1735809902 level=info service=database host=host-04.example trace_id=trace-behavior-00003187 msg="event_id=behavior-3187 step=8"
ts=1735810144 level=info service=database host=host-04.example trace_id=trace-behavior-00003197 msg="event_id=behavior-3197 step=7"
ts=1735810193 level=info service=database host=host-04.example trace_id=trace-behavior-00003199 msg="event_id=behavior-3199 step=9"
ts=1735810241 level=warn service=database host=host-04.example trace_id=trace-behavior-00003201 msg="event_id=behavior-3201 STACK_TRACE_SENTINEL failure in handler\n    at lab_module_handler(file=example_rs line=41)\n    at lab_module_dispatch(file=example_rs line=11)\nCaused by: simulated timeout after 601ms"
ts=1735810265 level=info service=database host=host-04.example trace_id=trace-behavior-00003202 msg="event_id=behavior-3202 LONG_JSON_SENTINEL payload=xxxxxxxxxxxxxxxxxxxxxxxxxxxxxxxxxxxxxxxxxxxxxxxxxxxxxxxxxxxxxxxxxxxxxxxxxxxxxxxxxxxxxxxxxxxxxxxxxxxxxxxxxxxxxxxxxxxxxxxxxxxxxxxxxxxxxxxxxxxxxxxxxxxxxxxxxxxxxxxxxxxxxxxxxxxxxxxxxxxxxxxxxxxxxxxxxxxxxxxxxxxxxxxxxxxxxxxxxxxxxxxxxxxxxxxxxxxxxxxxxxxxxxxxxxxxxxxxxxxxxxxxxxxxxxxxxxxxxxxxxxxxxxxxxxxxxxxxxxxxxxxxxxxxxxxxxxxxxxxxxxxxxxxxxxxxxxxxxxxxxxxxxxxxxxxxxxxxxxxxxxxxxxxxxxxxxxxxxxxxxxxxxxxxxxxxxxxxxxxxxx"
ts=1735810459 level=info service=database host=host-04.example trace_id=trace-behavior-00003210 msg="event_id=behavior-3210 step=9"
ts=1735810483 level=info service=database host=host-04.example trace_id=trace-behavior-00003211 msg="event_id=behavior-3211 step=10"
ts=1735810773 level=info service=database host=host-04.example trace_id=trace-behavior-00003223 msg="event_id=behavior-3223 step=0"
ts=1735810991 level=info service=database host=host-04.example trace_id=trace-behavior-00003232 msg="event_id=behavior-3232 step=9"
ts=1735811015 level=info service=database host=host-04.example trace_id=trace-behavior-00003233 msg="event_id=behavior-3233 step=10"
ts=1735811209 level=info service=database host=host-04.example trace_id=trace-behavior-00003241 msg="event_id=behavior-3241 step=7"
ts=1735811427 level=info service=database host=host-04.example trace_id=trace-behavior-00003250 msg="event_id=behavior-3250 step=5"
ts=1735811523 level=debug service=database host=host-04.example trace_id=trace-behavior-00003254 msg="event_id=behavior-3254 step=9"
ts=1735811572 level=info service=database host=host-04.example trace_id=trace-behavior-00003256 msg="event_id=behavior-3256 step=0"
ts=1735811620 level=info service=database host=host-04.example trace_id=trace-behavior-00003258 msg="event_id=behavior-3258 step=2"
ts=1735811765 level=info service=database host=host-04.example trace_id=trace-behavior-00003264 msg="event_id=behavior-3264 step=8"
ts=1735811790 level=info service=database host=host-04.example trace_id=trace-behavior-00003265 msg="event_id=behavior-3265 step=9"
ts=1735811959 level=info service=database host=host-04.example trace_id=trace-behavior-00003272 msg="event_id=behavior-3272 step=5"
ts=1735812249 level=info service=database host=host-04.example trace_id=trace-behavior-00003284 msg="event_id=behavior-3284 step=6"
ts=1735812298 level=info service=database host=host-04.example trace_id=trace-behavior-00003286 msg="event_id=behavior-3286 step=8"
ts=1735812322 level=info service=database host=host-04.example trace_id=trace-behavior-00003287 msg="event_id=behavior-3287 step=9"
ts=1735812806 level=info service=database host=host-04.example trace_id=trace-behavior-00003307 msg="event_id=behavior-3307 step=7"
ts=1735812927 level=info service=database host=host-04.example trace_id=trace-behavior-00003312 msg="event_id=behavior-3312 step=1"
ts=1735813072 level=info service=database host=host-04.example trace_id=trace-behavior-00003318 msg="event_id=behavior-3318 step=7"
ts=1735813144 level=info service=database host=host-04.example trace_id=trace-behavior-00003321 msg="event_id=behavior-3321 step=10"
ts=1735813894 level=info service=database host=host-04.example trace_id=trace-behavior-00003352 msg="event_id=behavior-3352 step=8"
ts=1735814064 level=info service=database host=host-04.example trace_id=trace-behavior-00003359 msg="event_id=behavior-3359 step=4"
ts=1735814281 level=info service=database host=host-04.example trace_id=trace-behavior-00003368 msg="event_id=behavior-3368 step=2"
ts=1735814306 level=info service=database host=host-04.example trace_id=trace-behavior-00003369 msg="event_id=behavior-3369 step=3"
ts=1735814354 level=info service=database host=host-04.example trace_id=trace-behavior-00003371 msg="event_id=behavior-3371 step=5"
ts=1735814402 level=info service=database host=host-04.example trace_id=trace-behavior-00003373 msg="event_id=behavior-3373 step=7"
ts=1735814572 level=info service=database host=host-04.example trace_id=trace-behavior-00003380 msg="event_id=behavior-3380 step=3"
ts=1735814596 level=info service=database host=host-04.example trace_id=trace-behavior-00003381 msg="event_id=behavior-3381 step=4"
ts=1735815128 level=info service=database host=host-04.example trace_id=trace-behavior-00003403 msg="event_id=behavior-3403 LONG_JSON_SENTINEL payload=xxxxxxxxxxxxxxxxxxxxxxxxxxxxxxxxxxxxxxxxxxxxxxxxxxxxxxxxxxxxxxxxxxxxxxxxxxxxxxxxxxxxxxxxxxxxxxxxxxxxxxxxxxxxxxxxxxxxxxxxxxxxxxxxxxxxxxxxxxxxxxxxxxxxxxxxxxxxxxxxxxxxxxxxxxxxxxxxxxxxxxxxxxxxxxxxxxxxxxxxxxxxxxxxxxxxxxxxxxxxxxxxxxxxxxxxxxxxxxxxxxxxxxxxxxxxxxxxxxxxxxxxxxxxxxxxxxxxxxxxxxxxxxxxxxxxxxxxxxxxxxxxxxxxxxxxxxxxxxxxxxxxxxxxxxxxxxxxxxxxxxxxxxxxxxxxxxxxxxxxxxxxxxxxxxxxxxxxxxxxxxxxxxxxxxxxxxxxxxxxxxx"
ts=1735815806 level=info service=database host=host-04.example trace_id=trace-behavior-00003431 msg="event_id=behavior-3431 step=10"
ts=1735816217 level=info service=database host=host-04.example trace_id=trace-behavior-00003448 msg="event_id=behavior-3448 step=5"
ts=1735816362 level=info service=database host=host-04.example trace_id=trace-behavior-00003454 msg="event_id=behavior-3454 step=0"
ts=1735816531 level=debug service=database host=host-04.example trace_id=trace-behavior-00003461 msg="event_id=behavior-3461 step=7"
ts=1735816556 level=info service=database host=host-04.example trace_id=trace-behavior-00003462 msg="event_id=behavior-3462 step=8"
ts=1735816725 level=info service=database host=host-04.example trace_id=trace-behavior-00003469 msg="event_id=behavior-3469 step=4"
ts=1735816894 level=info service=database host=host-04.example trace_id=trace-behavior-00003476 msg="event_id=behavior-3476 step=0"
ts=1735816918 level=info service=database host=host-04.example trace_id=trace-behavior-00003477 msg="event_id=behavior-3477 step=1"
ts=1735816967 level=info service=database host=host-04.example trace_id=trace-behavior-00003479 msg="event_id=behavior-3479 step=3"
ts=1735817088 level=info service=database host=host-04.example trace_id=trace-behavior-00003484 msg="event_id=behavior-3484 step=8"
ts=1735817185 level=info service=database host=host-04.example trace_id=trace-behavior-00003488 msg="event_id=behavior-3488 step=1"
ts=1735817257 level=info service=database host=host-04.example trace_id=trace-behavior-00003491 msg="event_id=behavior-3491 step=4"
ts=1735817281 level=warn service=database host=host-04.example trace_id=trace-behavior-00003492 msg="event_id=behavior-3492 step=5"
ts=1735817451 level=info service=database host=host-04.example trace_id=trace-behavior-00003499 msg="event_id=behavior-3499 step=1"
ts=1735817644 level=info service=database host=host-04.example trace_id=trace-behavior-00003507 msg="event_id=behavior-3507 step=9"
ts=1735818249 level=info service=database host=host-04.example trace_id=trace-behavior-00003532 msg="event_id=behavior-3532 step=1"
ts=1735818588 level=info service=database host=host-04.example trace_id=trace-behavior-00003546 msg="event_id=behavior-3546 step=4"
ts=1735818926 level=info service=database host=host-04.example trace_id=trace-behavior-00003560 msg="event_id=behavior-3560 step=7"
ts=1735819047 level=info service=database host=host-04.example trace_id=trace-behavior-00003565 msg="event_id=behavior-3565 step=1"
ts=1735819144 level=info service=database host=host-04.example trace_id=trace-behavior-00003569 msg="event_id=behavior-3569 step=5"
ts=1735819483 level=info service=database host=host-04.example trace_id=trace-behavior-00003583 msg="event_id=behavior-3583 step=8"
ts=1735819676 level=info service=database host=host-04.example trace_id=trace-behavior-00003591 msg="event_id=behavior-3591 step=5"
ts=1735819894 level=info service=database host=host-04.example trace_id=trace-behavior-00003600 msg="event_id=behavior-3600 STACK_TRACE_SENTINEL failure in handler\n    at lab_module_handler(file=example_rs line=40)\n    at lab_module_dispatch(file=example_rs line=10)\nCaused by: simulated timeout after 100ms"
ts=1735819943 level=info service=database host=host-04.example trace_id=trace-behavior-00003602 msg="event_id=behavior-3602 LONG_JSON_SENTINEL payload=xxxxxxxxxxxxxxxxxxxxxxxxxxxxxxxxxxxxxxxxxxxxxxxxxxxxxxxxxxxxxxxxxxxxxxxxxxxxxxxxxxxxxxxxxxxxxxxxxxxxxxxxxxxxxxxxxxxxxxxxxxxxxxxxxxxxxxxxxxxxxxxxxxxxxxxxxxxxxxxxxxxxxxxxxxxxxxxxxxxxxxxxxxxxxxxxxxxxxxxxxxxxxxxxxxxxxxxxxxxxxxxxxxxxxxxxxxxxxxxxxxxxxxxxxxxxxxxxxxxxxxxxxxxxxxxxxxxxxxxxxxxxxxxxxxxxxxxxxxxxxxxxxxxxxxxxxxxxxxxxxxxxxxxxxxxxxxxxxxxxxxxxxxxxxxxxxxxxxxxxxxxxxxxxxxxxxxxxxxxxxxxxxxxxxxxxxxxxxxxxxx"
ts=1735819991 level=info service=database host=host-04.example trace_id=trace-behavior-00003604 msg="event_id=behavior-3604 step=7"
ts=1735820039 level=info service=database host=host-04.example trace_id=trace-behavior-00003606 msg="event_id=behavior-3606 step=9"
ts=1735820499 level=info service=database host=host-04.example trace_id=trace-behavior-00003625 msg="event_id=behavior-3625 step=6"
ts=1735820765 level=info service=database host=host-04.example trace_id=trace-behavior-00003636 msg="event_id=behavior-3636 step=6"
ts=1735821491 level=info service=database host=host-04.example trace_id=trace-behavior-00003666 msg="event_id=behavior-3666 step=3"
ts=1735822265 level=info service=database host=host-04.example trace_id=trace-behavior-00003698 msg="event_id=behavior-3698 step=2"
ts=1735822338 level=info service=database host=host-04.example trace_id=trace-behavior-00003701 msg="event_id=behavior-3701 LONG_JSON_SENTINEL payload=xxxxxxxxxxxxxxxxxxxxxxxxxxxxxxxxxxxxxxxxxxxxxxxxxxxxxxxxxxxxxxxxxxxxxxxxxxxxxxxxxxxxxxxxxxxxxxxxxxxxxxxxxxxxxxxxxxxxxxxxxxxxxxxxxxxxxxxxxxxxxxxxxxxxxxxxxxxxxxxxxxxxxxxxxxxxxxxxxxxxxxxxxxxxxxxxxxxxxxxxxxxxxxxxxxxxxxxxxxxxxxxxxxxxxxxxxxxxxxxxxxxxxxxxxxxxxxxxxxxxxxxxxxxxxxxxxxxxxxxxxxxxxxxxxxxxxxxxxxxxxxxxxxxxxxxxxxxxxxxxxxxxxxxxxxxxxxxxxxxxxxxxxxxxxxxxxxxxxxxxxxxxxxxxxxxxxxxxxxxxxxxxxxxxxxxxxxxxxxxxxxxxxxxxxxxxxxxxxxxxxxxxxxxxxxxxxxxxxxxxxxxxxxxxxxxxxxxxxxxxxxxxxxxxxxxxxxxxxxxxxxxxxxxxxxxxxxxxxxxxx"
ts=1735822483 level=info service=database host=host-04.example trace_id=trace-behavior-00003707 msg="event_id=behavior-3707 step=0"
ts=1735822725 level=info service=database host=host-04.example trace_id=trace-behavior-00003717 msg="event_id=behavior-3717 step=10"
ts=1735823015 level=info service=database host=host-04.example trace_id=trace-behavior-00003729 msg="event_id=behavior-3729 step=0"
ts=1735823136 level=info service=database host=host-04.example trace_id=trace-behavior-00003734 msg="event_id=behavior-3734 step=5"
ts=1735823257 level=info service=database host=host-04.example trace_id=trace-behavior-00003739 msg="event_id=behavior-3739 step=10"
ts=1735823523 level=info service=database host=host-04.example trace_id=trace-behavior-00003750 msg="event_id=behavior-3750 step=10"
ts=1735823572 level=info service=database host=host-04.example trace_id=trace-behavior-00003752 msg="event_id=behavior-3752 step=1"
ts=1735823862 level=info service=database host=host-04.example trace_id=trace-behavior-00003764 msg="event_id=behavior-3764 step=2"
ts=1735823886 level=info service=database host=host-04.example trace_id=trace-behavior-00003765 msg="event_id=behavior-3765 step=3"
ts=1735825313 level=info service=database host=host-04.example trace_id=trace-behavior-00003824 msg="event_id=behavior-3824 step=7"
ts=1735825483 level=info service=database host=host-04.example trace_id=trace-behavior-00003831 msg="event_id=behavior-3831 step=3"
ts=1735825725 level=info service=database host=host-04.example trace_id=trace-behavior-00003841 msg="event_id=behavior-3841 step=2"
ts=1735826088 level=info service=database host=host-04.example trace_id=trace-behavior-00003856 msg="event_id=behavior-3856 step=6"
ts=1735826257 level=info service=database host=host-04.example trace_id=trace-behavior-00003863 msg="event_id=behavior-3863 step=2"
ts=1735826547 level=info service=database host=host-04.example trace_id=trace-behavior-00003875 msg="event_id=behavior-3875 step=3"
ts=1735826596 level=info service=database host=host-04.example trace_id=trace-behavior-00003877 msg="event_id=behavior-3877 step=5"
ts=1735826668 level=warn service=database host=host-04.example trace_id=trace-behavior-00003880 msg="event_id=behavior-3880 step=8"
ts=1735826910 level=info service=database host=host-04.example trace_id=trace-behavior-00003890 msg="event_id=behavior-3890 step=7"
ts=1735826934 level=info service=database host=host-04.example trace_id=trace-behavior-00003891 msg="event_id=behavior-3891 step=8"
ts=1735827491 level=info service=database host=host-04.example trace_id=trace-behavior-00003914 msg="event_id=behavior-3914 step=9"
ts=1735827636 level=info service=database host=host-04.example trace_id=trace-behavior-00003920 msg="event_id=behavior-3920 step=4"
ts=1735828071 level=info service=database host=host-04.example trace_id=trace-behavior-00003938 msg="event_id=behavior-3938 step=0"
ts=1735828168 level=info service=database host=host-04.example trace_id=trace-behavior-00003942 msg="event_id=behavior-3942 step=4"
ts=1735828241 level=info service=database host=host-04.example trace_id=trace-behavior-00003945 msg="event_id=behavior-3945 step=7"
ts=1735828289 level=info service=database host=host-04.example trace_id=trace-behavior-00003947 msg="event_id=behavior-3947 step=9"
ts=1735828555 level=info service=database host=host-04.example trace_id=trace-behavior-00003958 msg="event_id=behavior-3958 step=9"
ts=1735828797 level=info service=database host=host-04.example trace_id=trace-behavior-00003968 msg="event_id=behavior-3968 step=8"
ts=1735829717 level=info service=database host=host-04.example trace_id=trace-behavior-00004006 msg="event_id=behavior-4006 step=2"
ts=1735830079 level=info service=database host=host-04.example trace_id=trace-behavior-00004021 msg="event_id=behavior-4021 step=6"
ts=1735830346 level=info service=database host=host-04.example trace_id=trace-behavior-00004032 msg="event_id=behavior-4032 step=6"
ts=1735830878 level=info service=database host=host-04.example trace_id=trace-behavior-00004054 msg="event_id=behavior-4054 step=6"
ts=1735830926 level=info service=database host=host-04.example trace_id=trace-behavior-00004056 msg="event_id=behavior-4056 step=8"
ts=1735831362 level=warn service=database host=host-04.example trace_id=trace-behavior-00004074 msg="event_id=behavior-4074 step=4"
ts=1735831531 level=info service=database host=host-04.example trace_id=trace-behavior-00004081 msg="event_id=behavior-4081 step=0"
ts=1735831628 level=info service=database host=host-04.example trace_id=trace-behavior-00004085 msg="event_id=behavior-4085 step=4"
ts=1735831676 level=info service=database host=host-04.example trace_id=trace-behavior-00004087 msg="event_id=behavior-4087 step=6"
ts=1735831991 level=info service=database host=host-04.example trace_id=trace-behavior-00004100 msg="event_id=behavior-4100 LONG_JSON_SENTINEL payload=xxxxxxxxxxxxxxxxxxxxxxxxxxxxxxxxxxxxxxxxxxxxxxxxxxxxxxxxxxxxxxxxxxxxxxxxxxxxxxxxxxxxxxxxxxxxxxxxxxxxxxxxxxxxxxxxxxxxxxxxxxxxxxxxxxxxxxxxxxxxxxxxxxxxxxxxxxxxxxxxxxxxxxxxxxxxxxxxxxxxxxxxxxxxxxxxxxxxxxxxxxxxxxxxxxxxxxxxxxxxxxxxxxxxxxxxxxxxxxxxxxxxxxxxxxxxxxxxxxxxxxxxxxxxxxxxxxxxxxxxxxxxxxxxxxxxxxxxxxxxxxxxxxxxxxxxxxxxxxxxxxxxxxxxxxxxxxxxxxxxxxxxxxxxxxxxxxxxxxxxxxxxxxxxxxxxxxxxxxxxxxxxxxxxxxxxxxxxxxxxxxxxxxxxxxxxxxxxxxxxxxxxxxxxxxxxxxxxxxxxxxxxxxxxxxxxxxxxxxxxxxxxxxxxxxxxxxxxxxxxxxxxxxxxxxxxxxxxxxxx"
ts=1735832499 level=info service=database host=host-04.example trace_id=trace-behavior-00004121 msg="event_id=behavior-4121 step=7"
ts=1735832571 level=info service=database host=host-04.example trace_id=trace-behavior-00004124 msg="event_id=behavior-4124 step=10"
ts=1735833055 level=info service=database host=host-04.example trace_id=trace-behavior-00004144 msg="event_id=behavior-4144 step=8"
ts=1735833104 level=info service=database host=host-04.example trace_id=trace-behavior-00004146 msg="event_id=behavior-4146 step=10"
ts=1735833466 level=info service=database host=host-04.example trace_id=trace-behavior-00004161 msg="event_id=behavior-4161 step=3"
ts=1735833491 level=info service=database host=host-04.example trace_id=trace-behavior-00004162 msg="event_id=behavior-4162 step=4"
ts=1735833587 level=info service=database host=host-04.example trace_id=trace-behavior-00004166 msg="event_id=behavior-4166 step=8"
ts=1735833902 level=info service=database host=host-04.example trace_id=trace-behavior-00004179 msg="event_id=behavior-4179 step=10"
ts=1735834241 level=info service=database host=host-04.example trace_id=trace-behavior-00004193 msg="event_id=behavior-4193 step=2"
ts=1735834289 level=info service=database host=host-04.example trace_id=trace-behavior-00004195 msg="event_id=behavior-4195 step=4"
ts=1735834434 level=info service=database host=host-04.example trace_id=trace-behavior-00004201 msg="event_id=behavior-4201 LONG_JSON_SENTINEL payload=xxxxxxxxxxxxxxxxxxxxxxxxxxxxxxxxxxxxxxxxxxxxxxxxxxxxxxxxxxxxxxxxxxxxxxxxxxxxxxxxxxxxxxxxxxxxxxxxxxxxxxxxxxxxxxxxxxxxxxxxxxxxxxxxxxxxxxxxxxxxxxxxxxxxxxxxxxxxxxxxxxxxxxxxxxxxxxxxxxxxxxxxxxxxxxxxxxxxxxxxxxxxxxxxxxxxxxxxxxxxxxxxxxxxxxxxxxxxxxxxxxxxxxxxxxxxxxxxxxxxxxxxxxxxxxxxxxxxxxxxxxxxxxxxxxxxxxxxxxxxxxxxxxxxxxxxxxxxxxxxxxxxxxxxxxxxxxxxxxxxxxxxxxxxxxxxxxxxxxxxxxxxxxxxxxxxxxxxxxxxxxxxxxxxxxxxxxxxxxxxx"
ts=1735834870 level=info service=database host=host-04.example trace_id=trace-behavior-00004219 msg="event_id=behavior-4219 step=6"
ts=1735835063 level=info service=database host=host-04.example trace_id=trace-behavior-00004227 msg="event_id=behavior-4227 step=3"
ts=1735835208 level=info service=database host=host-04.example trace_id=trace-behavior-00004233 msg="event_id=behavior-4233 step=9"
ts=1735835353 level=info service=database host=host-04.example trace_id=trace-behavior-00004239 msg="event_id=behavior-4239 step=4"
ts=1735835474 level=info service=database host=host-04.example trace_id=trace-behavior-00004244 msg="event_id=behavior-4244 step=9"
ts=1735835547 level=info service=database host=host-04.example trace_id=trace-behavior-00004247 msg="event_id=behavior-4247 step=1"
ts=1735836491 level=info service=database host=host-04.example trace_id=trace-behavior-00004286 msg="event_id=behavior-4286 step=7"
ts=1735836708 level=info service=database host=host-04.example trace_id=trace-behavior-00004295 msg="event_id=behavior-4295 step=5"
ts=1735836950 level=info service=database host=host-04.example trace_id=trace-behavior-00004305 msg="event_id=behavior-4305 step=4"
ts=1735836999 level=info service=database host=host-04.example trace_id=trace-behavior-00004307 msg="event_id=behavior-4307 step=6"
ts=1735837047 level=info service=database host=host-04.example trace_id=trace-behavior-00004309 msg="event_id=behavior-4309 step=8"
ts=1735837168 level=info service=database host=host-04.example trace_id=trace-behavior-00004314 msg="event_id=behavior-4314 step=2"
ts=1735837458 level=info service=database host=host-04.example trace_id=trace-behavior-00004326 msg="event_id=behavior-4326 step=3"
ts=1735837555 level=info service=database host=host-04.example trace_id=trace-behavior-00004330 msg="event_id=behavior-4330 step=7"
ts=1735837821 level=info service=database host=host-04.example trace_id=trace-behavior-00004341 msg="event_id=behavior-4341 step=7"
ts=1735837894 level=info service=database host=host-04.example trace_id=trace-behavior-00004344 msg="event_id=behavior-4344 step=10"
ts=1735837918 level=info service=database host=host-04.example trace_id=trace-behavior-00004345 msg="event_id=behavior-4345 step=0"
ts=1735837966 level=info service=database host=host-04.example trace_id=trace-behavior-00004347 msg="event_id=behavior-4347 step=2"
ts=1735837991 level=info service=database host=host-04.example trace_id=trace-behavior-00004348 msg="event_id=behavior-4348 step=3"
ts=1735838087 level=info service=database host=host-04.example trace_id=trace-behavior-00004352 msg="event_id=behavior-4352 step=7"
ts=1735838305 level=info service=database host=host-04.example trace_id=trace-behavior-00004361 msg="event_id=behavior-4361 step=5"
ts=1735838523 level=info service=database host=host-04.example trace_id=trace-behavior-00004370 msg="event_id=behavior-4370 step=3"
ts=1735838644 level=info service=database host=host-04.example trace_id=trace-behavior-00004375 msg="event_id=behavior-4375 step=8"
ts=1735838741 level=info service=database host=host-04.example trace_id=trace-behavior-00004379 msg="event_id=behavior-4379 step=1"
ts=1735838765 level=info service=database host=host-04.example trace_id=trace-behavior-00004380 msg="event_id=behavior-4380 step=2"
ts=1735839200 level=info service=database host=host-04.example trace_id=trace-behavior-00004398 msg="event_id=behavior-4398 step=9"
ts=1735839273 level=info service=database host=host-04.example trace_id=trace-behavior-00004401 msg="event_id=behavior-4401 STACK_TRACE_SENTINEL failure in handler\n    at lab_module_handler(file=example_rs line=41)\n    at lab_module_dispatch(file=example_rs line=11)\nCaused by: simulated timeout after 901ms"
ts=1735839442 level=info service=database host=host-04.example trace_id=trace-behavior-00004408 msg="event_id=behavior-4408 step=8"
ts=1735839563 level=info service=database host=host-04.example trace_id=trace-behavior-00004413 msg="event_id=behavior-4413 step=2"
ts=1735839611 level=info service=database host=host-04.example trace_id=trace-behavior-00004415 msg="event_id=behavior-4415 step=4"
ts=1735839781 level=info service=database host=host-04.example trace_id=trace-behavior-00004422 msg="event_id=behavior-4422 step=0"
ts=1735839902 level=debug service=database host=host-04.example trace_id=trace-behavior-00004427 msg="event_id=behavior-4427 step=5"
ts=1735840023 level=info service=database host=host-04.example trace_id=trace-behavior-00004432 msg="event_id=behavior-4432 step=10"
ts=1735840095 level=info service=database host=host-04.example trace_id=trace-behavior-00004435 msg="event_id=behavior-4435 step=2"
ts=1735840144 level=info service=database host=host-04.example trace_id=trace-behavior-00004437 msg="event_id=behavior-4437 step=4"
ts=1735840168 level=info service=database host=host-04.example trace_id=trace-behavior-00004438 msg="event_id=behavior-4438 step=5"
ts=1735840773 level=info service=database host=host-04.example trace_id=trace-behavior-00004463 msg="event_id=behavior-4463 step=8"
ts=1735840942 level=info service=database host=host-04.example trace_id=trace-behavior-00004470 msg="event_id=behavior-4470 step=4"
ts=1735841257 level=info service=database host=host-04.example trace_id=trace-behavior-00004483 msg="event_id=behavior-4483 step=6"
ts=1735841305 level=info service=database host=host-04.example trace_id=trace-behavior-00004485 msg="event_id=behavior-4485 step=8"
ts=1735841402 level=info service=database host=host-04.example trace_id=trace-behavior-00004489 msg="event_id=behavior-4489 step=1"
ts=1735841450 level=info service=database host=host-04.example trace_id=trace-behavior-00004491 msg="event_id=behavior-4491 step=3"
ts=1735841740 level=info service=database host=host-04.example trace_id=trace-behavior-00004503 msg="event_id=behavior-4503 STACK_TRACE_SENTINEL failure in handler\n    at lab_module_handler(file=example_rs line=43)\n    at lab_module_dispatch(file=example_rs line=13)\nCaused by: simulated timeout after 103ms"
ts=1735841934 level=info service=database host=host-04.example trace_id=trace-behavior-00004511 msg="event_id=behavior-4511 step=1"
ts=1735842079 level=info service=database host=host-04.example trace_id=trace-behavior-00004517 msg="event_id=behavior-4517 step=7"
ts=1735842321 level=info service=database host=host-04.example trace_id=trace-behavior-00004527 msg="event_id=behavior-4527 step=6"
ts=1735842394 level=info service=database host=host-04.example trace_id=trace-behavior-00004530 msg="event_id=behavior-4530 step=9"
ts=1735842490 level=info service=database host=host-04.example trace_id=trace-behavior-00004534 msg="event_id=behavior-4534 step=2"
ts=1735842708 level=info service=database host=host-04.example trace_id=trace-behavior-00004543 msg="event_id=behavior-4543 step=0"
ts=1735842781 level=info service=database host=host-04.example trace_id=trace-behavior-00004546 msg="event_id=behavior-4546 step=3"
ts=1735842853 level=info service=database host=host-04.example trace_id=trace-behavior-00004549 msg="event_id=behavior-4549 step=6"
ts=1735842902 level=info service=database host=host-04.example trace_id=trace-behavior-00004551 msg="event_id=behavior-4551 step=8"
ts=1735842926 level=info service=database host=host-04.example trace_id=trace-behavior-00004552 msg="event_id=behavior-4552 step=9"
ts=1735842950 level=info service=database host=host-04.example trace_id=trace-behavior-00004553 msg="event_id=behavior-4553 step=10"
ts=1735843023 level=info service=database host=host-04.example trace_id=trace-behavior-00004556 msg="event_id=behavior-4556 step=2"
ts=1735843071 level=info service=database host=host-04.example trace_id=trace-behavior-00004558 msg="event_id=behavior-4558 step=4"
ts=1735843119 level=info service=database host=host-04.example trace_id=trace-behavior-00004560 msg="event_id=behavior-4560 step=6"
ts=1735843265 level=info service=database host=host-04.example trace_id=trace-behavior-00004566 msg="event_id=behavior-4566 step=1"
ts=1735843434 level=info service=database host=host-04.example trace_id=trace-behavior-00004573 msg="event_id=behavior-4573 step=8"
ts=1735843458 level=info service=database host=host-04.example trace_id=trace-behavior-00004574 msg="event_id=behavior-4574 step=9"
ts=1735843724 level=info service=database host=host-04.example trace_id=trace-behavior-00004585 msg="event_id=behavior-4585 step=9"
ts=1735843748 level=info service=database host=host-04.example trace_id=trace-behavior-00004586 msg="event_id=behavior-4586 step=10"
ts=1735843797 level=info service=database host=host-04.example trace_id=trace-behavior-00004588 msg="event_id=behavior-4588 step=1"
ts=1735843821 level=info service=database host=host-04.example trace_id=trace-behavior-00004589 msg="event_id=behavior-4589 step=2"
ts=1735844063 level=info service=database host=host-04.example trace_id=trace-behavior-00004599 msg="event_id=behavior-4599 step=1"
ts=1735844813 level=info service=database host=host-04.example trace_id=trace-behavior-00004630 msg="event_id=behavior-4630 step=10"
ts=1735845055 level=info service=database host=host-04.example trace_id=trace-behavior-00004640 msg="event_id=behavior-4640 step=9"
ts=1735845079 level=info service=database host=host-04.example trace_id=trace-behavior-00004641 msg="event_id=behavior-4641 step=10"
ts=1735845394 level=debug service=database host=host-04.example trace_id=trace-behavior-00004654 msg="event_id=behavior-4654 step=1"
ts=1735845490 level=info service=database host=host-04.example trace_id=trace-behavior-00004658 msg="event_id=behavior-4658 step=5"
ts=1735845805 level=info service=database host=host-04.example trace_id=trace-behavior-00004671 msg="event_id=behavior-4671 step=7"
ts=1735845998 level=debug service=database host=host-04.example trace_id=trace-behavior-00004679 msg="event_id=behavior-4679 step=4"
ts=1735846144 level=info service=database host=host-04.example trace_id=trace-behavior-00004685 msg="event_id=behavior-4685 step=10"
ts=1735846192 level=info service=database host=host-04.example trace_id=trace-behavior-00004687 msg="event_id=behavior-4687 step=1"
ts=1735846313 level=info service=database host=host-04.example trace_id=trace-behavior-00004692 msg="event_id=behavior-4692 step=6"
ts=1735846506 level=info service=database host=host-04.example trace_id=trace-behavior-00004700 msg="event_id=behavior-4700 LONG_JSON_SENTINEL payload=xxxxxxxxxxxxxxxxxxxxxxxxxxxxxxxxxxxxxxxxxxxxxxxxxxxxxxxxxxxxxxxxxxxxxxxxxxxxxxxxxxxxxxxxxxxxxxxxxxxxxxxxxxxxxxxxxxxxxxxxxxxxxxxxxxxxxxxxxxxxxxxxxxxxxxxxxxxxxxxxxxxxxxxxxxxxxxxxxxxxxxxxxxxxxxxxxxxxxxxxxxxxxxxxxxxxxxxxxxxxxxxxxxxxxxxxxxxxxxxxxxxxxxxxxxxxxxxxxxxxxxxxxxxxxxxxxxxxxxxxxxxxxxxxxxxxxxxxxxxxxxxxxxxxxxxxxxxxxxxxxxxxxxxxxxxxxxxxxxxxxxxxxxxxxxxxxxxxxxxxxxxxxxxxxxxxxxxxxxxxxxxxxxxxxxxxxxxxxxxxxxxxxxxxxxxxxxxxxxxxxxxxxxxxxxxxxxxxxxxxxxxxxxxxxxxxxxxxxxxxxxxxxxxxxxxxxxxxxxxxxxxxxxxxxxxxxxxxxxxx"
ts=1735846869 level=info service=database host=host-04.example trace_id=trace-behavior-00004715 msg="event_id=behavior-4715 step=7"
ts=1735847135 level=info service=database host=host-04.example trace_id=trace-behavior-00004726 msg="event_id=behavior-4726 step=7"
ts=1735847208 level=info service=database host=host-04.example trace_id=trace-behavior-00004729 msg="event_id=behavior-4729 step=10"
ts=1735847232 level=info service=database host=host-04.example trace_id=trace-behavior-00004730 msg="event_id=behavior-4730 step=0"
ts=1735847523 level=info service=database host=host-04.example trace_id=trace-behavior-00004742 msg="event_id=behavior-4742 step=1"
ts=1735847619 level=info service=database host=host-04.example trace_id=trace-behavior-00004746 msg="event_id=behavior-4746 step=5"
ts=1735847764 level=info service=database host=host-04.example trace_id=trace-behavior-00004752 msg="event_id=behavior-4752 step=0"
ts=1735847813 level=info service=database host=host-04.example trace_id=trace-behavior-00004754 msg="event_id=behavior-4754 step=2"
ts=1735847982 level=info service=database host=host-04.example trace_id=trace-behavior-00004761 msg="event_id=behavior-4761 step=9"
ts=1735848127 level=info service=database host=host-04.example trace_id=trace-behavior-00004767 msg="event_id=behavior-4767 step=4"
ts=1735848176 level=info service=database host=host-04.example trace_id=trace-behavior-00004769 msg="event_id=behavior-4769 step=6"
ts=1735848732 level=info service=database host=host-04.example trace_id=trace-behavior-00004792 msg="event_id=behavior-4792 step=7"
ts=1735849143 level=info service=database host=host-04.example trace_id=trace-behavior-00004809 msg="event_id=behavior-4809 step=2"
ts=1735849410 level=info service=database host=host-04.example trace_id=trace-behavior-00004820 msg="event_id=behavior-4820 step=2"
ts=1735849531 level=info service=database host=host-04.example trace_id=trace-behavior-00004825 msg="event_id=behavior-4825 step=7"
ts=1735849797 level=info service=database host=host-04.example trace_id=trace-behavior-00004836 msg="event_id=behavior-4836 step=7"
ts=1735849845 level=info service=database host=host-04.example trace_id=trace-behavior-00004838 msg="event_id=behavior-4838 step=9"
ts=1735850281 level=info service=database host=host-04.example trace_id=trace-behavior-00004856 msg="event_id=behavior-4856 step=5"
ts=1735850329 level=info service=database host=host-04.example trace_id=trace-behavior-00004858 msg="event_id=behavior-4858 step=7"
ts=1735850377 level=info service=database host=host-04.example trace_id=trace-behavior-00004860 msg="event_id=behavior-4860 step=9"
ts=1735850426 level=info service=database host=host-04.example trace_id=trace-behavior-00004862 msg="event_id=behavior-4862 step=0"
ts=1735850643 level=info service=database host=host-04.example trace_id=trace-behavior-00004871 msg="event_id=behavior-4871 step=9"
ts=1735850716 level=info service=database host=host-04.example trace_id=trace-behavior-00004874 msg="event_id=behavior-4874 step=1"
ts=1735851224 level=info service=database host=host-04.example trace_id=trace-behavior-00004895 msg="event_id=behavior-4895 step=0"
ts=1735851297 level=info service=database host=host-04.example trace_id=trace-behavior-00004898 msg="event_id=behavior-4898 step=3"
ts=1735851490 level=info service=database host=host-04.example trace_id=trace-behavior-00004906 msg="event_id=behavior-4906 step=0"
ts=1735851514 level=info service=database host=host-04.example trace_id=trace-behavior-00004907 msg="event_id=behavior-4907 step=1"
ts=1735851998 level=info service=database host=host-04.example trace_id=trace-behavior-00004927 msg="event_id=behavior-4927 step=10"
ts=1735852240 level=info service=database host=host-04.example trace_id=trace-behavior-00004937 msg="event_id=behavior-4937 step=9"
ts=1735852264 level=info service=database host=host-04.example trace_id=trace-behavior-00004938 msg="event_id=behavior-4938 step=10"
ts=1735852313 level=info service=database host=host-04.example trace_id=trace-behavior-00004940 msg="event_id=behavior-4940 step=1"
ts=1735852385 level=info service=database host=host-04.example trace_id=trace-behavior-00004943 msg="event_id=behavior-4943 step=4"
ts=1735852410 level=info service=database host=host-04.example trace_id=trace-behavior-00004944 msg="event_id=behavior-4944 step=5"
ts=1735852434 level=info service=database host=host-04.example trace_id=trace-behavior-00004945 msg="event_id=behavior-4945 step=6"
ts=1735852530 level=info service=database host=host-04.example trace_id=trace-behavior-00004949 msg="event_id=behavior-4949 step=10"
ts=1735852603 level=info service=database host=host-04.example trace_id=trace-behavior-00004952 msg="event_id=behavior-4952 step=2"
ts=1735852942 level=info service=database host=host-04.example trace_id=trace-behavior-00004966 msg="event_id=behavior-4966 step=5"
ts=1735853692 level=info service=database host=host-04.example trace_id=trace-behavior-00004997 msg="event_id=behavior-4997 step=3"
ts=1735853764 level=info service=database host=host-04.example trace_id=trace-behavior-00005010 msg="event_id=behavior-5010 step=5"
ts=1735853764 level=info service=database host=host-04.example trace_id=trace-behavior-00005012 msg="event_id=behavior-5012 step=7"
ts=1735853764 level=info service=database host=host-04.example trace_id=trace-behavior-00005023 msg="event_id=behavior-5023 step=7"
ts=1735853764 level=info service=database host=host-04.example trace_id=trace-behavior-00005026 msg="event_id=behavior-5026 step=10"
ts=1735853764 level=info service=database host=host-04.example trace_id=trace-behavior-00005027 msg="event_id=behavior-5027 step=0"
ts=1735853764 level=info service=database host=host-04.example trace_id=trace-behavior-00005029 msg="event_id=behavior-5029 step=2"
ts=1735853764 level=info service=database host=host-04.example trace_id=trace-behavior-00005033 msg="event_id=behavior-5033 step=6"
ts=1735854926 level=info service=database host=host-04.example trace_id=trace-behavior-00005048 msg="event_id=behavior-5048 step=10"
ts=1735855361 level=info service=database host=host-04.example trace_id=trace-behavior-00005066 msg="event_id=behavior-5066 step=6"
ts=1735855555 level=info service=database host=host-04.example trace_id=trace-behavior-00005074 msg="event_id=behavior-5074 step=3"
ts=1735855603 level=info service=database host=host-04.example trace_id=trace-behavior-00005076 msg="event_id=behavior-5076 step=5"
ts=1735855676 level=info service=database host=host-04.example trace_id=trace-behavior-00005079 msg="event_id=behavior-5079 step=8"
ts=1735855700 level=info service=database host=host-04.example trace_id=trace-behavior-00005080 msg="event_id=behavior-5080 step=9"
ts=1735855869 level=info service=database host=host-04.example trace_id=trace-behavior-00005087 msg="event_id=behavior-5087 step=5"
ts=1735855918 level=info service=database host=host-04.example trace_id=trace-behavior-00005089 msg="event_id=behavior-5089 step=7"
ts=1735856232 level=info service=database host=host-04.example trace_id=trace-behavior-00005102 msg="event_id=behavior-5102 LONG_JSON_SENTINEL payload=xxxxxxxxxxxxxxxxxxxxxxxxxxxxxxxxxxxxxxxxxxxxxxxxxxxxxxxxxxxxxxxxxxxxxxxxxxxxxxxxxxxxxxxxxxxxxxxxxxxxxxxxxxxxxxxxxxxxxxxxxxxxxxxxxxxxxxxxxxxxxxxxxxxxxxxxxxxxxxxxxxxxxxxxxxxxxxxxxxxxxxxxxxxxxxxxxxxxxxxxxxxxxxxxxxxxxxxxxxxxxxxxxxxxxxxxxxxxxxxxxxxxxxxxxxxxxxxxxxxxxxxxxxxxxxxxxxxxxxxxxxxxxxxxxxxxxxxxxxxxxxxxxxxxxxxxxxxxxxxxxxxxxxxxxxxxxxxxxxxxxxxxxxxxxxxxxxxxxxxxxxxxxxxxxxxxxxxxxxxxxxxxxxxxxxxxxxxxxxxxxxxxxxxxxxxxxxxxxxxxxxxxxxxxxxxxxxxxxxxxxxxxxxxxxxxxxxxxxxxxxxxxxxxxxxxxxxxxxxxxxxxxxxxxxxxxxxxxxxxxxx"
ts=1735856426 level=info service=database host=host-04.example trace_id=trace-behavior-00005110 msg="event_id=behavior-5110 step=6"
ts=1735856692 level=info service=database host=host-04.example trace_id=trace-behavior-00005121 msg="event_id=behavior-5121 step=6"
ts=1735856716 level=info service=database host=host-04.example trace_id=trace-behavior-00005122 msg="event_id=behavior-5122 step=7"
ts=1735857055 level=info service=database host=host-04.example trace_id=trace-behavior-00005136 msg="event_id=behavior-5136 step=10"
ts=1735857369 level=info service=database host=host-04.example trace_id=trace-behavior-00005149 msg="event_id=behavior-5149 step=1"
ts=1735857563 level=info service=database host=host-04.example trace_id=trace-behavior-00005157 msg="event_id=behavior-5157 step=9"
ts=1735857659 level=info service=database host=host-04.example trace_id=trace-behavior-00005161 msg="event_id=behavior-5161 step=2"
ts=1735857829 level=info service=database host=host-04.example trace_id=trace-behavior-00005168 msg="event_id=behavior-5168 step=9"
ts=1735858143 level=info service=database host=host-04.example trace_id=trace-behavior-00005181 msg="event_id=behavior-5181 step=0"
ts=1735858216 level=info service=database host=host-04.example trace_id=trace-behavior-00005184 msg="event_id=behavior-5184 step=3"
ts=1735858288 level=info service=database host=host-04.example trace_id=trace-behavior-00005187 msg="event_id=behavior-5187 step=6"
ts=1735858530 level=info service=database host=host-04.example trace_id=trace-behavior-00005197 msg="event_id=behavior-5197 step=5"
ts=1735859450 level=info service=database host=host-04.example trace_id=trace-behavior-00005235 msg="event_id=behavior-5235 step=10"
ts=1735859522 level=warn service=database host=host-04.example trace_id=trace-behavior-00005238 msg="event_id=behavior-5238 step=2"
ts=1735859546 level=info service=database host=host-04.example trace_id=trace-behavior-00005239 msg="event_id=behavior-5239 step=3"
ts=1735859595 level=info service=database host=host-04.example trace_id=trace-behavior-00005241 msg="event_id=behavior-5241 step=5"
ts=1735859619 level=info service=database host=host-04.example trace_id=trace-behavior-00005242 msg="event_id=behavior-5242 step=6"
ts=1735859692 level=info service=database host=host-04.example trace_id=trace-behavior-00005245 msg="event_id=behavior-5245 step=9"
ts=1735860224 level=info service=database host=host-04.example trace_id=trace-behavior-00005267 msg="event_id=behavior-5267 step=9"
ts=1735860442 level=info service=database host=host-04.example trace_id=trace-behavior-00005276 msg="event_id=behavior-5276 step=7"
ts=1735860708 level=info service=database host=host-04.example trace_id=trace-behavior-00005287 msg="event_id=behavior-5287 step=7"
ts=1735860780 level=info service=database host=host-04.example trace_id=trace-behavior-00005290 msg="event_id=behavior-5290 step=10"
ts=1735861022 level=info service=database host=host-04.example trace_id=trace-behavior-00005300 msg="event_id=behavior-5300 LONG_JSON_SENTINEL payload=xxxxxxxxxxxxxxxxxxxxxxxxxxxxxxxxxxxxxxxxxxxxxxxxxxxxxxxxxxxxxxxxxxxxxxxxxxxxxxxxxxxxxxxxxxxxxxxxxxxxxxxxxxxxxxxxxxxxxxxxxxxxxxxxxxxxxxxxxxxxxxxxxxxxxxxxxxxxxxxxxxxxxxxxxxxxxxxxxxxxxxxxxxxxxxxxxxxxxxxxxxxxxxxxxxxxxxxxxxxxxxxxxxxxxxxxxxxxxxxxxxxxxxxxxxxxxxxxxxxxxxxxxxxxxxxxxxxxxxxxxxxxxxxxxxxxxxxxxxxxxxxxxxxxxxxxxxxxxxxxxxxxxxxxxxxxxxxxxxxxxxxxxxxxxxxxxxxxxxxxxxxxxxxxxxxxxxxxxxxxxxxxxxxxxxxxxxxxxxxxxxxxxxxxxxxxxxxxxxxxxxxxxxxxxxxxxxxxxxxxxxxxxxxxxxxxxxxxxxxxxxxxxxxxxxxxxxxxxxxxxxxxxxxxxxxxxxxxxxxx"
ts=1735861143 level=info service=database host=host-04.example trace_id=trace-behavior-00005305 msg="event_id=behavior-5305 step=3"
ts=1735861458 level=info service=database host=host-04.example trace_id=trace-behavior-00005318 msg="event_id=behavior-5318 step=5"
ts=1735861724 level=info service=database host=host-04.example trace_id=trace-behavior-00005329 msg="event_id=behavior-5329 step=5"
ts=1735861942 level=info service=database host=host-04.example trace_id=trace-behavior-00005338 msg="event_id=behavior-5338 step=3"
ts=1735861990 level=info service=database host=host-04.example trace_id=trace-behavior-00005340 msg="event_id=behavior-5340 step=5"
ts=1735862014 level=debug service=database host=host-04.example trace_id=trace-behavior-00005341 msg="event_id=behavior-5341 step=6"
ts=1735862038 level=info service=database host=host-04.example trace_id=trace-behavior-00005342 msg="event_id=behavior-5342 step=7"
ts=1735862063 level=info service=database host=host-04.example trace_id=trace-behavior-00005343 msg="event_id=behavior-5343 step=8"
ts=1735862111 level=info service=database host=host-04.example trace_id=trace-behavior-00005345 msg="event_id=behavior-5345 step=10"
ts=1735862377 level=info service=database host=host-04.example trace_id=trace-behavior-00005356 msg="event_id=behavior-5356 step=10"
ts=1735862474 level=info service=database host=host-04.example trace_id=trace-behavior-00005360 msg="event_id=behavior-5360 step=3"
ts=1735862958 level=info service=database host=host-04.example trace_id=trace-behavior-00005380 msg="event_id=behavior-5380 step=1"
ts=1735862982 level=info service=database host=host-04.example trace_id=trace-behavior-00005381 msg="event_id=behavior-5381 step=2"
ts=1735863200 level=info service=database host=host-04.example trace_id=trace-behavior-00005390 msg="event_id=behavior-5390 step=0"
ts=1735863296 level=info service=database host=host-04.example trace_id=trace-behavior-00005394 msg="event_id=behavior-5394 step=4"
ts=1735863853 level=info service=database host=host-04.example trace_id=trace-behavior-00005417 msg="event_id=behavior-5417 step=5"
ts=1735864046 level=info service=database host=host-04.example trace_id=trace-behavior-00005425 msg="event_id=behavior-5425 step=2"
ts=1735864506 level=info service=database host=host-04.example trace_id=trace-behavior-00005444 msg="event_id=behavior-5444 step=10"
ts=1735864554 level=info service=database host=host-04.example trace_id=trace-behavior-00005446 msg="event_id=behavior-5446 step=1"
ts=1735864603 level=info service=database host=host-04.example trace_id=trace-behavior-00005448 msg="event_id=behavior-5448 step=3"
ts=1735864748 level=info service=database host=host-04.example trace_id=trace-behavior-00005454 msg="event_id=behavior-5454 step=9"
ts=1735864990 level=info service=database host=host-04.example trace_id=trace-behavior-00005464 msg="event_id=behavior-5464 step=8"
ts=1735865159 level=info service=database host=host-04.example trace_id=trace-behavior-00005471 msg="event_id=behavior-5471 step=4"
ts=1735865208 level=info service=database host=host-04.example trace_id=trace-behavior-00005473 msg="event_id=behavior-5473 step=6"
ts=1735865571 level=info service=database host=host-04.example trace_id=trace-behavior-00005488 msg="event_id=behavior-5488 step=10"
ts=1735865667 level=info service=database host=host-04.example trace_id=trace-behavior-00005492 msg="event_id=behavior-5492 step=3"
ts=1735865958 level=info service=database host=host-04.example trace_id=trace-behavior-00005504 msg="event_id=behavior-5504 step=4"
ts=1735866030 level=debug service=database host=host-04.example trace_id=trace-behavior-00005507 msg="event_id=behavior-5507 step=7"
ts=1735866224 level=info service=database host=host-04.example trace_id=trace-behavior-00005515 msg="event_id=behavior-5515 step=4"
ts=1735866248 level=info service=database host=host-04.example trace_id=trace-behavior-00005516 msg="event_id=behavior-5516 step=5"
ts=1735866514 level=info service=database host=host-04.example trace_id=trace-behavior-00005527 msg="event_id=behavior-5527 step=5"
ts=1735866538 level=info service=database host=host-04.example trace_id=trace-behavior-00005528 msg="event_id=behavior-5528 step=6"
ts=1735866587 level=info service=database host=host-04.example trace_id=trace-behavior-00005530 msg="event_id=behavior-5530 step=8"
ts=1735866683 level=info service=database host=host-04.example trace_id=trace-behavior-00005534 msg="event_id=behavior-5534 step=1"
ts=1735866901 level=info service=database host=host-04.example trace_id=trace-behavior-00005543 msg="event_id=behavior-5543 step=10"
ts=1735866950 level=info service=database host=host-04.example trace_id=trace-behavior-00005545 msg="event_id=behavior-5545 step=1 UTF8_café_λ"
ts=1735867119 level=info service=database host=host-04.example trace_id=trace-behavior-00005552 msg="event_id=behavior-5552 step=8"
ts=1735867191 level=info service=database host=host-04.example trace_id=trace-behavior-00005555 msg="event_id=behavior-5555 step=0"
ts=1735867409 level=info service=database host=host-04.example trace_id=trace-behavior-00005564 msg="event_id=behavior-5564 step=9"
ts=1735867506 level=info service=database host=host-04.example trace_id=trace-behavior-00005568 msg="event_id=behavior-5568 step=2"
ts=1735867579 level=info service=database host=host-04.example trace_id=trace-behavior-00005571 msg="event_id=behavior-5571 step=5"
ts=1735867820 level=info service=database host=host-04.example trace_id=trace-behavior-00005581 msg="event_id=behavior-5581 step=4"
ts=1735868135 level=info service=database host=host-04.example trace_id=trace-behavior-00005594 msg="event_id=behavior-5594 step=6"
ts=1735868377 level=info service=database host=host-04.example trace_id=trace-behavior-00005604 msg="event_id=behavior-5604 step=5"
ts=1735868619 level=info service=database host=host-04.example trace_id=trace-behavior-00005614 msg="event_id=behavior-5614 step=4"
ts=1735868764 level=info service=database host=host-04.example trace_id=trace-behavior-00005620 msg="event_id=behavior-5620 step=10"
ts=1735868788 level=info service=database host=host-04.example trace_id=trace-behavior-00005621 msg="event_id=behavior-5621 step=0"
ts=1735869006 level=info service=database host=host-04.example trace_id=trace-behavior-00005630 msg="event_id=behavior-5630 step=9"
ts=1735869054 level=info service=database host=host-04.example trace_id=trace-behavior-00005632 msg="event_id=behavior-5632 step=0"
ts=1735869175 level=info service=database host=host-04.example trace_id=trace-behavior-00005637 msg="event_id=behavior-5637 step=5"
ts=1735869611 level=info service=database host=host-04.example trace_id=trace-behavior-00005655 msg="event_id=behavior-5655 step=1"
ts=1735870022 level=info service=database host=host-04.example trace_id=trace-behavior-00005672 msg="event_id=behavior-5672 step=7"
ts=1735870143 level=info service=database host=host-04.example trace_id=trace-behavior-00005677 msg="event_id=behavior-5677 step=1"
ts=1735870385 level=info service=database host=host-04.example trace_id=trace-behavior-00005687 msg="event_id=behavior-5687 step=0"
ts=1735870457 level=info service=database host=host-04.example trace_id=trace-behavior-00005690 msg="event_id=behavior-5690 step=3"
ts=1735870748 level=info service=database host=host-04.example trace_id=trace-behavior-00005702 msg="event_id=behavior-5702 LONG_JSON_SENTINEL payload=xxxxxxxxxxxxxxxxxxxxxxxxxxxxxxxxxxxxxxxxxxxxxxxxxxxxxxxxxxxxxxxxxxxxxxxxxxxxxxxxxxxxxxxxxxxxxxxxxxxxxxxxxxxxxxxxxxxxxxxxxxxxxxxxxxxxxxxxxxxxxxxxxxxxxxxxxxxxxxxxxxxxxxxxxxxxxxxxxxxxxxxxxxxxxxxxxxxxxxxxxxxxxxxxxxxxxxxxxxxxxxxxxxxxxxxxxxxxxxxxxxxxxxxxxxxxxxxxxxxxxxxxxxxxxxxxxxxxxxxxxxxxxxxxxxxxxxxxxxxxxxxxxxxxxxxxxxxxxxxxxxxxxxxxxxxxxxxxxxxxxxxxxxxxxxxxxxxxxxxxxxxxxxxxxxxxxxxxxxxxxxxxxxxxxxxxxxxxxxxxxxxxxxxxxxxxxxxxxxxxxxxxxxxxxxxxxxxxxxxxxxxxxxxxxxxxxxxxxxxxxxxxxxxxxxxxxxxxxxxxxxxxxxxxxxxxxxxxxxxxxx"
ts=1735870845 level=info service=database host=host-04.example trace_id=trace-behavior-00005706 msg="event_id=behavior-5706 step=8"
ts=1735870941 level=info service=database host=host-04.example trace_id=trace-behavior-00005710 msg="event_id=behavior-5710 step=1"
ts=1735870966 level=info service=database host=host-04.example trace_id=trace-behavior-00005711 msg="event_id=behavior-5711 step=2"
ts=1735871328 level=info service=database host=host-04.example trace_id=trace-behavior-00005726 msg="event_id=behavior-5726 step=6"
ts=1735872175 level=info service=database host=host-04.example trace_id=trace-behavior-00005761 msg="event_id=behavior-5761 step=8"
ts=1735872248 level=info service=database host=host-04.example trace_id=trace-behavior-00005764 msg="event_id=behavior-5764 step=0"
ts=1735872272 level=info service=database host=host-04.example trace_id=trace-behavior-00005765 msg="event_id=behavior-5765 step=1"
ts=1735872901 level=info service=database host=host-04.example trace_id=trace-behavior-00005791 msg="event_id=behavior-5791 step=5"
ts=1735872974 level=info service=database host=host-04.example trace_id=trace-behavior-00005794 msg="event_id=behavior-5794 step=8"
ts=1735873215 level=info service=database host=host-04.example trace_id=trace-behavior-00005804 msg="event_id=behavior-5804 step=7"
ts=1735873675 level=info service=database host=host-04.example trace_id=trace-behavior-00005823 msg="event_id=behavior-5823 step=4"
ts=1735873965 level=info service=database host=host-04.example trace_id=trace-behavior-00005835 msg="event_id=behavior-5835 step=5"
ts=1735874135 level=info service=database host=host-04.example trace_id=trace-behavior-00005842 msg="event_id=behavior-5842 step=1"
ts=1735874159 level=info service=database host=host-04.example trace_id=trace-behavior-00005843 msg="event_id=behavior-5843 step=2"
ts=1735874232 level=info service=database host=host-04.example trace_id=trace-behavior-00005846 msg="event_id=behavior-5846 step=5"
ts=1735874353 level=info service=database host=host-04.example trace_id=trace-behavior-00005851 msg="event_id=behavior-5851 step=10"
ts=1735874764 level=info service=database host=host-04.example trace_id=trace-behavior-00005868 msg="event_id=behavior-5868 step=5"
ts=1735874788 level=info service=database host=host-04.example trace_id=trace-behavior-00005869 msg="event_id=behavior-5869 step=6"
ts=1735874885 level=info service=database host=host-04.example trace_id=trace-behavior-00005873 msg="event_id=behavior-5873 step=10"
ts=1735875030 level=info service=database host=host-04.example trace_id=trace-behavior-00005879 msg="event_id=behavior-5879 step=5"
ts=1735875103 level=info service=database host=host-04.example trace_id=trace-behavior-00005882 msg="event_id=behavior-5882 step=8"
ts=1735875369 level=info service=database host=host-04.example trace_id=trace-behavior-00005893 msg="event_id=behavior-5893 step=8"
ts=1735875538 level=info service=database host=host-04.example trace_id=trace-behavior-00005900 msg="event_id=behavior-5900 LONG_JSON_SENTINEL payload=xxxxxxxxxxxxxxxxxxxxxxxxxxxxxxxxxxxxxxxxxxxxxxxxxxxxxxxxxxxxxxxxxxxxxxxxxxxxxxxxxxxxxxxxxxxxxxxxxxxxxxxxxxxxxxxxxxxxxxxxxxxxxxxxxxxxxxxxxxxxxxxxxxxxxxxxxxxxxxxxxxxxxxxxxxxxxxxxxxxxxxxxxxxxxxxxxxxxxxxxxxxxxxxxxxxxxxxxxxxxxxxxxxxxxxxxxxxxxxxxxxxxxxxxxxxxxxxxxxxxxxxxxxxxxxxxxxxxxxxxxxxxxxxxxxxxxxxxxxxxxxxxxxxxxxxxxxxxxxxxxxxxxxxxxxxxxxxxxxxxxxxxxxxxxxxxxxxxxxxxxxxxxxxxxxxxxxxxxxxxxxxxxxxxxxxxxxxxxxxxxxxxxxxxxxxxxxxxxxxxxxxxxxxxxxxxxxxxxxxxxxxxxxxxxxxxxxxxxxxxxxxxxxxxxxxxxxxxxxxxxxxxxxxxxxxxxxxxxxxx"
ts=1735875828 level=info service=database host=host-04.example trace_id=trace-behavior-00005912 msg="event_id=behavior-5912 step=5"
ts=1735875998 level=info service=database host=host-04.example trace_id=trace-behavior-00005919 msg="event_id=behavior-5919 step=1"
ts=1735876167 level=info service=database host=host-04.example trace_id=trace-behavior-00005926 msg="event_id=behavior-5926 step=8"
ts=1735876240 level=info service=database host=host-04.example trace_id=trace-behavior-00005929 msg="event_id=behavior-5929 step=0"
ts=1735876361 level=info service=database host=host-04.example trace_id=trace-behavior-00005934 msg="event_id=behavior-5934 step=5"
ts=1735876530 level=info service=database host=host-04.example trace_id=trace-behavior-00005941 msg="event_id=behavior-5941 step=1"
ts=1735877135 level=info service=database host=host-04.example trace_id=trace-behavior-00005966 msg="event_id=behavior-5966 step=4"
ts=1735877232 level=info service=database host=host-04.example trace_id=trace-behavior-00005970 msg="event_id=behavior-5970 step=8"
ts=1735877522 level=info service=database host=host-04.example trace_id=trace-behavior-00005982 msg="event_id=behavior-5982 step=9"
ts=1735878006 level=info service=database host=host-04.example trace_id=trace-behavior-00006002 msg="event_id=behavior-6002 LONG_JSON_SENTINEL payload=xxxxxxxxxxxxxxxxxxxxxxxxxxxxxxxxxxxxxxxxxxxxxxxxxxxxxxxxxxxxxxxxxxxxxxxxxxxxxxxxxxxxxxxxxxxxxxxxxxxxxxxxxxxxxxxxxxxxxxxxxxxxxxxxxxxxxxxxxxxxxxxxxxxxxxxxxxxxxxxxxxxxxxxxxxxxxxxxxxxxxxxxxxxxxxxxxxxxxxxxxxxxxxxxxxxxxxxxxxxxxxxxxxxxxxxxxxxxxxxxxxxxxxxxxxxxxxxxxxxxxxxxxxxxxxxxxxxxxxxxxxxxxxxxxxxxxxxxxxxxxxxxxxxxxxxxxxxxxxxxxxxxxxxxxxxxxxxxxxxxxxxxxxxxxxxxxxxxxxxxxxxxxxxxxxxxxxxxxxxxxxxxxxxxxxxxxxxxxxxxxx"
ts=1735878151 level=info service=database host=host-04.example trace_id=trace-behavior-00006008 msg="event_id=behavior-6008 step=2"
ts=1735878707 level=info service=database host=host-04.example trace_id=trace-behavior-00006031 msg="event_id=behavior-6031 step=3"
ts=1735878973 level=info service=database host=host-04.example trace_id=trace-behavior-00006042 msg="event_id=behavior-6042 step=3"
ts=1735879796 level=info service=database host=host-04.example trace_id=trace-behavior-00006076 msg="event_id=behavior-6076 step=4"
ts=1735879941 level=info service=database host=host-04.example trace_id=trace-behavior-00006082 msg="event_id=behavior-6082 step=10"
ts=1735880594 level=info service=database host=host-04.example trace_id=trace-behavior-00006109 msg="event_id=behavior-6109 step=4"
ts=1735881683 level=info service=database host=host-04.example trace_id=trace-behavior-00006154 msg="event_id=behavior-6154 step=5"
ts=1735882143 level=info service=database host=host-04.example trace_id=trace-behavior-00006173 msg="event_id=behavior-6173 step=2"
ts=1735882336 level=info service=database host=host-04.example trace_id=trace-behavior-00006181 msg="event_id=behavior-6181 step=10"
ts=1735882506 level=info service=database host=host-04.example trace_id=trace-behavior-00006188 msg="event_id=behavior-6188 step=6"
ts=1735882554 level=info service=database host=host-04.example trace_id=trace-behavior-00006190 msg="event_id=behavior-6190 step=8"
ts=1735882651 level=info service=database host=host-04.example trace_id=trace-behavior-00006194 msg="event_id=behavior-6194 step=1"
ts=1735882675 level=info service=database host=host-04.example trace_id=trace-behavior-00006195 msg="event_id=behavior-6195 step=2"
ts=1735882796 level=info service=database host=host-04.example trace_id=trace-behavior-00006200 msg="event_id=behavior-6200 LONG_JSON_SENTINEL payload=xxxxxxxxxxxxxxxxxxxxxxxxxxxxxxxxxxxxxxxxxxxxxxxxxxxxxxxxxxxxxxxxxxxxxxxxxxxxxxxxxxxxxxxxxxxxxxxxxxxxxxxxxxxxxxxxxxxxxxxxxxxxxxxxxxxxxxxxxxxxxxxxxxxxxxxxxxxxxxxxxxxxxxxxxxxxxxxxxxxxxxxxxxxxxxxxxxxxxxxxxxxxxxxxxxxxxxxxxxxxxxxxxxxxxxxxxxxxxxxxxxxxxxxxxxxxxxxxxxxxxxxxxxxxxxxxxxxxxxxxxxxxxxxxxxxxxxxxxxxxxxxxxxxxxxxxxxxxxxxxxxxxxxxxxxxxxxxxxxxxxxxxxxxxxxxxxxxxxxxxxxxxxxxxxxxxxxxxxxxxxxxxxxxxxxxxxxxxxxxx"
ts=1735882989 level=warn service=database host=host-04.example trace_id=trace-behavior-00006208 msg="event_id=behavior-6208 step=4"
ts=1735883038 level=info service=database host=host-04.example trace_id=trace-behavior-00006210 msg="event_id=behavior-6210 step=6"
ts=1735883086 level=info service=database host=host-04.example trace_id=trace-behavior-00006212 msg="event_id=behavior-6212 step=8"
ts=1735883352 level=info service=database host=host-04.example trace_id=trace-behavior-00006223 msg="event_id=behavior-6223 step=8"
ts=1735883401 level=info service=database host=host-04.example trace_id=trace-behavior-00006225 msg="event_id=behavior-6225 step=10"
ts=1735883473 level=info service=database host=host-04.example trace_id=trace-behavior-00006228 msg="event_id=behavior-6228 step=2"
ts=1735883739 level=info service=database host=host-04.example trace_id=trace-behavior-00006239 msg="event_id=behavior-6239 step=2"
ts=1735883836 level=info service=database host=host-04.example trace_id=trace-behavior-00006243 msg="event_id=behavior-6243 step=6"
ts=1735883981 level=info service=database host=host-04.example trace_id=trace-behavior-00006249 msg="event_id=behavior-6249 step=1"
ts=1735884175 level=info service=database host=host-04.example trace_id=trace-behavior-00006257 msg="event_id=behavior-6257 step=9"
ts=1735884659 level=info service=database host=host-04.example trace_id=trace-behavior-00006277 msg="event_id=behavior-6277 step=7"
ts=1735884731 level=info service=database host=host-04.example trace_id=trace-behavior-00006280 msg="event_id=behavior-6280 step=10"
ts=1735884925 level=info service=database host=host-04.example trace_id=trace-behavior-00006288 msg="event_id=behavior-6288 step=7"
ts=1735885288 level=info service=database host=host-04.example trace_id=trace-behavior-00006303 msg="event_id=behavior-6303 STACK_TRACE_SENTINEL failure in handler\n    at lab_module_handler(file=example_rs line=43)\n    at lab_module_dispatch(file=example_rs line=13)\nCaused by: simulated timeout after 103ms"
ts=1735885578 level=info service=database host=host-04.example trace_id=trace-behavior-00006315 msg="event_id=behavior-6315 step=1"
ts=1735885747 level=info service=database host=host-04.example trace_id=trace-behavior-00006322 msg="event_id=behavior-6322 step=8"
ts=1735885868 level=info service=database host=host-04.example trace_id=trace-behavior-00006327 msg="event_id=behavior-6327 step=2"
ts=1735885893 level=info service=database host=host-04.example trace_id=trace-behavior-00006328 msg="event_id=behavior-6328 step=3"
ts=1735886449 level=info service=database host=host-04.example trace_id=trace-behavior-00006351 msg="event_id=behavior-6351 step=4"
ts=1735886860 level=info service=database host=host-04.example trace_id=trace-behavior-00006368 msg="event_id=behavior-6368 step=10"
ts=1735887344 level=info service=database host=host-04.example trace_id=trace-behavior-00006388 msg="event_id=behavior-6388 step=8"
ts=1735887562 level=info service=database host=host-04.example trace_id=trace-behavior-00006397 msg="event_id=behavior-6397 step=6"
ts=1735887659 level=info service=database host=host-04.example trace_id=trace-behavior-00006401 msg="event_id=behavior-6401 LONG_JSON_SENTINEL payload=xxxxxxxxxxxxxxxxxxxxxxxxxxxxxxxxxxxxxxxxxxxxxxxxxxxxxxxxxxxxxxxxxxxxxxxxxxxxxxxxxxxxxxxxxxxxxxxxxxxxxxxxxxxxxxxxxxxxxxxxxxxxxxxxxxxxxxxxxxxxxxxxxxxxxxxxxxxxxxxxxxxxxxxxxxxxxxxxxxxxxxxxxxxxxxxxxxxxxxxxxxxxxxxxxxxxxxxxxxxxxxxxxxxxxxxxxxxxxxxxxxxxxxxxxxxxxxxxxxxxxxxxxxxxxxxxxxxxxxxxxxxxxxxxxxxxxxxxxxxxxxxxxxxxxxxxxxxxxxxxxxxxxxxxxxxxxxxxxxxxxxxxxxxxxxxxxxxxxxxxxxxxxxxxxxxxxxxxxxxxxxxxxxxxxxxxxxxxxxxxx"
ts=1735887925 level=info service=database host=host-04.example trace_id=trace-behavior-00006412 msg="event_id=behavior-6412 step=10"
ts=1735887973 level=info service=database host=host-04.example trace_id=trace-behavior-00006414 msg="event_id=behavior-6414 step=1"
ts=1735888046 level=info service=database host=host-04.example trace_id=trace-behavior-00006417 msg="event_id=behavior-6417 step=4"
ts=1735888554 level=info service=database host=host-04.example trace_id=trace-behavior-00006438 msg="event_id=behavior-6438 step=3"
ts=1735888626 level=info service=database host=host-04.example trace_id=trace-behavior-00006441 msg="event_id=behavior-6441 step=6"
ts=1735888844 level=info service=database host=host-04.example trace_id=trace-behavior-00006450 msg="event_id=behavior-6450 step=4"
ts=1735889038 level=info service=database host=host-04.example trace_id=trace-behavior-00006458 msg="event_id=behavior-6458 step=1"
ts=1735889062 level=info service=database host=host-04.example trace_id=trace-behavior-00006459 msg="event_id=behavior-6459 step=2"
ts=1735889207 level=info service=database host=host-04.example trace_id=trace-behavior-00006465 msg="event_id=behavior-6465 step=8"
ts=1735889255 level=info service=database host=host-04.example trace_id=trace-behavior-00006467 msg="event_id=behavior-6467 step=10"
ts=1735889304 level=info service=database host=host-04.example trace_id=trace-behavior-00006469 msg="event_id=behavior-6469 step=1"
ts=1735889715 level=info service=database host=host-04.example trace_id=trace-behavior-00006486 msg="event_id=behavior-6486 step=7"
ts=1735889812 level=info service=database host=host-04.example trace_id=trace-behavior-00006490 msg="event_id=behavior-6490 step=0"
ts=1735890030 level=warn service=database host=host-04.example trace_id=trace-behavior-00006499 msg="event_id=behavior-6499 step=9"
ts=1735890199 level=info service=database host=host-04.example trace_id=trace-behavior-00006506 msg="event_id=behavior-6506 step=5"
ts=1735890465 level=info service=database host=host-04.example trace_id=trace-behavior-00006517 msg="event_id=behavior-6517 step=5"
ts=1735890513 level=info service=database host=host-04.example trace_id=trace-behavior-00006519 msg="event_id=behavior-6519 step=7"
ts=1735890586 level=debug service=database host=host-04.example trace_id=trace-behavior-00006522 msg="event_id=behavior-6522 step=10"
ts=1735891070 level=info service=database host=host-04.example trace_id=trace-behavior-00006542 msg="event_id=behavior-6542 step=8"
ts=1735891239 level=info service=database host=host-04.example trace_id=trace-behavior-00006549 msg="event_id=behavior-6549 step=4"
ts=1735891602 level=info service=database host=host-04.example trace_id=trace-behavior-00006564 msg="event_id=behavior-6564 step=8"
ts=1735891651 level=info service=database host=host-04.example trace_id=trace-behavior-00006566 msg="event_id=behavior-6566 step=10"
ts=1735891796 level=info service=database host=host-04.example trace_id=trace-behavior-00006572 msg="event_id=behavior-6572 step=5"
ts=1735892207 level=info service=database host=host-04.example trace_id=trace-behavior-00006589 msg="event_id=behavior-6589 step=0"
ts=1735892546 level=info service=database host=host-04.example trace_id=trace-behavior-00006603 msg="event_id=behavior-6603 STACK_TRACE_SENTINEL failure in handler\n    at lab_module_handler(file=example_rs line=43)\n    at lab_module_dispatch(file=example_rs line=13)\nCaused by: simulated timeout after 403ms"
ts=1735892594 level=info service=database host=host-04.example trace_id=trace-behavior-00006605 msg="event_id=behavior-6605 step=5"
ts=1735892788 level=info service=database host=host-04.example trace_id=trace-behavior-00006613 msg="event_id=behavior-6613 step=2"
ts=1735892836 level=info service=database host=host-04.example trace_id=trace-behavior-00006615 msg="event_id=behavior-6615 step=4"
ts=1735892860 level=info service=database host=host-04.example trace_id=trace-behavior-00006616 msg="event_id=behavior-6616 step=5"
ts=1735892981 level=info service=database host=host-04.example trace_id=trace-behavior-00006621 msg="event_id=behavior-6621 step=10"
ts=1735893223 level=info service=database host=host-04.example trace_id=trace-behavior-00006631 msg="event_id=behavior-6631 step=9"
ts=1735893271 level=info service=database host=host-04.example trace_id=trace-behavior-00006633 msg="event_id=behavior-6633 step=0"
ts=1735893320 level=info service=database host=host-04.example trace_id=trace-behavior-00006635 msg="event_id=behavior-6635 step=2"
ts=1735893392 level=info service=database host=host-04.example trace_id=trace-behavior-00006638 msg="event_id=behavior-6638 step=5"
ts=1735893538 level=info service=database host=host-04.example trace_id=trace-behavior-00006644 msg="event_id=behavior-6644 step=0"
ts=1735893755 level=info service=database host=host-04.example trace_id=trace-behavior-00006653 msg="event_id=behavior-6653 step=9"
ts=1735894094 level=info service=database host=host-04.example trace_id=trace-behavior-00006667 msg="event_id=behavior-6667 step=1"
ts=1735894118 level=info service=database host=host-04.example trace_id=trace-behavior-00006668 msg="event_id=behavior-6668 step=2"
ts=1735894239 level=info service=database host=host-04.example trace_id=trace-behavior-00006673 msg="event_id=behavior-6673 step=7"
ts=1735894578 level=info service=database host=host-04.example trace_id=trace-behavior-00006687 msg="event_id=behavior-6687 step=10"
ts=1735894650 level=info service=database host=host-04.example trace_id=trace-behavior-00006690 msg="event_id=behavior-6690 step=2"
ts=1735894699 level=info service=database host=host-04.example trace_id=trace-behavior-00006692 msg="event_id=behavior-6692 step=4"
ts=1735894723 level=warn service=database host=host-04.example trace_id=trace-behavior-00006693 msg="event_id=behavior-6693 step=5"
ts=1735894747 level=info service=database host=host-04.example trace_id=trace-behavior-00006694 msg="event_id=behavior-6694 step=6"
ts=1735894917 level=info service=database host=host-04.example trace_id=trace-behavior-00006701 msg="event_id=behavior-6701 LONG_JSON_SENTINEL payload=xxxxxxxxxxxxxxxxxxxxxxxxxxxxxxxxxxxxxxxxxxxxxxxxxxxxxxxxxxxxxxxxxxxxxxxxxxxxxxxxxxxxxxxxxxxxxxxxxxxxxxxxxxxxxxxxxxxxxxxxxxxxxxxxxxxxxxxxxxxxxxxxxxxxxxxxxxxxxxxxxxxxxxxxxxxxxxxxxxxxxxxxxxxxxxxxxxxxxxxxxxxxxxxxxxxxxxxxxxxxxxxxxxxxxxxxxxxxxxxxxxxxxxxxxxxxxxxxxxxxxxxxxxxxxxxxxxxxxxxxxxxxxxxxxxxxxxxxxxxxxxxxxxxxxxxxxxxxxxxxxxxxxxxxxxxxxxxxxxxxxxxxxxxxxxxxxxxxxxxxxxxxxxxxxxxxxxxxxxxxxxxxxxxxxxxxxxxxxxxxxxxxxxxxxxxxxxxxxxxxxxxxxxxxxxxxxxxxxxxxxxxxxxxxxxxxxxxxxxxxxxxxxxxxxxxxxxxxxxxxxxxxxxxxxxxxxxxxxxxxx"
ts=1735895013 level=info service=database host=host-04.example trace_id=trace-behavior-00006705 msg="event_id=behavior-6705 step=6"
ts=1735895062 level=info service=database host=host-04.example trace_id=trace-behavior-00006707 msg="event_id=behavior-6707 step=8"
ts=1735895860 level=info service=database host=host-04.example trace_id=trace-behavior-00006740 msg="event_id=behavior-6740 step=8"
ts=1735895933 level=info service=database host=host-04.example trace_id=trace-behavior-00006743 msg="event_id=behavior-6743 step=0"
ts=1735895957 level=info service=database host=host-04.example trace_id=trace-behavior-00006744 msg="event_id=behavior-6744 step=1"
ts=1735896054 level=info service=database host=host-04.example trace_id=trace-behavior-00006748 msg="event_id=behavior-6748 step=5"
ts=1735896150 level=error service=database host=host-04.example trace_id=trace-behavior-00006752 msg="event_id=behavior-6752 step=9"
ts=1735896296 level=debug service=database host=host-04.example trace_id=trace-behavior-00006758 msg="event_id=behavior-6758 step=4"
ts=1735896465 level=info service=database host=host-04.example trace_id=trace-behavior-00006765 msg="event_id=behavior-6765 step=0"
ts=1735896828 level=info service=database host=host-04.example trace_id=trace-behavior-00006780 msg="event_id=behavior-6780 step=4"
ts=1735896997 level=info service=database host=host-04.example trace_id=trace-behavior-00006787 msg="event_id=behavior-6787 step=0"
ts=1735897578 level=info service=database host=host-04.example trace_id=trace-behavior-00006811 msg="event_id=behavior-6811 step=2"
ts=1735897941 level=info service=database host=host-04.example trace_id=trace-behavior-00006826 msg="event_id=behavior-6826 step=6"
ts=1735898158 level=info service=database host=host-04.example trace_id=trace-behavior-00006835 msg="event_id=behavior-6835 step=4"
ts=1735898183 level=info service=database host=host-04.example trace_id=trace-behavior-00006836 msg="event_id=behavior-6836 step=5"
ts=1735898231 level=info service=database host=host-04.example trace_id=trace-behavior-00006838 msg="event_id=behavior-6838 step=7"
ts=1735898255 level=info service=database host=host-04.example trace_id=trace-behavior-00006839 msg="event_id=behavior-6839 step=8"
ts=1735898497 level=info service=database host=host-04.example trace_id=trace-behavior-00006849 msg="event_id=behavior-6849 step=7"
ts=1735899223 level=info service=database host=host-04.example trace_id=trace-behavior-00006879 msg="event_id=behavior-6879 step=4"
ts=1735899392 level=info service=database host=host-04.example trace_id=trace-behavior-00006886 msg="event_id=behavior-6886 step=0"
ts=1735899658 level=info service=database host=host-04.example trace_id=trace-behavior-00006897 msg="event_id=behavior-6897 step=0"
ts=1735899683 level=info service=database host=host-04.example trace_id=trace-behavior-00006898 msg="event_id=behavior-6898 step=1"
ts=1735899731 level=info service=database host=host-04.example trace_id=trace-behavior-00006900 msg="event_id=behavior-6900 STACK_TRACE_SENTINEL failure in handler\n    at lab_module_handler(file=example_rs line=40)\n    at lab_module_dispatch(file=example_rs line=10)\nCaused by: simulated timeout after 700ms"
ts=1735900021 level=debug service=database host=host-04.example trace_id=trace-behavior-00006912 msg="event_id=behavior-6912 step=4"
ts=1735900094 level=info service=database host=host-04.example trace_id=trace-behavior-00006915 msg="event_id=behavior-6915 step=7"
ts=1735900287 level=info service=database host=host-04.example trace_id=trace-behavior-00006923 msg="event_id=behavior-6923 step=4"
ts=1735900336 level=debug service=database host=host-04.example trace_id=trace-behavior-00006925 msg="event_id=behavior-6925 step=6"
ts=1735900626 level=info service=database host=host-04.example trace_id=trace-behavior-00006937 msg="event_id=behavior-6937 step=7"
ts=1735900747 level=info service=database host=host-04.example trace_id=trace-behavior-00006942 msg="event_id=behavior-6942 step=1"
ts=1735900844 level=info service=database host=host-04.example trace_id=trace-behavior-00006946 msg="event_id=behavior-6946 step=5"
ts=1735901086 level=info service=database host=host-04.example trace_id=trace-behavior-00006956 msg="event_id=behavior-6956 step=4"
ts=1735901304 level=info service=database host=host-04.example trace_id=trace-behavior-00006965 msg="event_id=behavior-6965 step=2"
ts=1735901400 level=info service=database host=host-04.example trace_id=trace-behavior-00006969 msg="event_id=behavior-6969 step=6"
ts=1735901618 level=info service=database host=host-04.example trace_id=trace-behavior-00006978 msg="event_id=behavior-6978 step=4"
ts=1735901908 level=info service=database host=host-04.example trace_id=trace-behavior-00006990 msg="event_id=behavior-6990 step=5"
ts=1735901933 level=info service=database host=host-04.example trace_id=trace-behavior-00006991 msg="event_id=behavior-6991 step=6"
ts=1735902150 level=info service=database host=host-04.example trace_id=trace-behavior-00007000 msg="event_id=behavior-7000 LONG_JSON_SENTINEL payload=xxxxxxxxxxxxxxxxxxxxxxxxxxxxxxxxxxxxxxxxxxxxxxxxxxxxxxxxxxxxxxxxxxxxxxxxxxxxxxxxxxxxxxxxxxxxxxxxxxxxxxxxxxxxxxxxxxxxxxxxxxxxxxxxxxxxxxxxxxxxxxxxxxxxxxxxxxxxxxxxxxxxxxxxxxxxxxxxxxxxxxxxxxxxxxxxxxxxxxxxxxxxxxxxxxxxxxxxxxxxxxxxxxxxxxxxxxxxxxxxxxxxxxxxxxxxxxxxxxxxxxxxxxxxxxxxxxxxxxxxxxxxxxxxxxxxxxxxxxxxxxxxxxxxxxxxxxxxxxxxxxxxxxxxxxxxxxxxxxxxxxxxxxxxxxxxxxxxxxxxxxxxxxxxxxxxxxxxxxxxxxxxxxxxxxxxxxxxxxxx"
ts=1735902803 level=info service=database host=host-04.example trace_id=trace-behavior-00007027 msg="event_id=behavior-7027 step=9"
ts=1735902924 level=info service=database host=host-04.example trace_id=trace-behavior-00007032 msg="event_id=behavior-7032 step=3"
ts=1735902997 level=info service=database host=host-04.example trace_id=trace-behavior-00007035 msg="event_id=behavior-7035 step=6"
ts=1735903070 level=debug service=database host=host-04.example trace_id=trace-behavior-00007038 msg="event_id=behavior-7038 step=9"
ts=1735903650 level=info service=database host=host-04.example trace_id=trace-behavior-00007062 msg="event_id=behavior-7062 step=0"
ts=1735904473 level=info service=database host=host-04.example trace_id=trace-behavior-00007096 msg="event_id=behavior-7096 step=1"
ts=1735904618 level=info service=database host=host-04.example trace_id=trace-behavior-00007102 msg="event_id=behavior-7102 LONG_JSON_SENTINEL payload=xxxxxxxxxxxxxxxxxxxxxxxxxxxxxxxxxxxxxxxxxxxxxxxxxxxxxxxxxxxxxxxxxxxxxxxxxxxxxxxxxxxxxxxxxxxxxxxxxxxxxxxxxxxxxxxxxxxxxxxxxxxxxxxxxxxxxxxxxxxxxxxxxxxxxxxxxxxxxxxxxxxxxxxxxxxxxxxxxxxxxxxxxxxxxxxxxxxxxxxxxxxxxxxxxxxxxxxxxxxxxxxxxxxxxxxxxxxxxxxxxxxxxxxxxxxxxxxxxxxxxxxxxxxxxxxxxxxxxxxxxxxxxxxxxxxxxxxxxxxxxxxxxxxxxxxxxxxxxxxxxxxxxxxxxxxxxxxxxxxxxxxxxxxxxxxxxxxxxxxxxxxxxxxxxxxxxxxxxxxxxxxxxxxxxxxxxxxxxxxxxxxxxxxxxxxxxxxxxxxxxxxxxxxxxxxxxxxxxxxxxxxxxxxxxxxxxxxxxxxxxxxxxxxxxxxxxxxxxxxxxxxxxxxxxxxxxxxxxxxxxx"
ts=1735904836 level=info service=database host=host-04.example trace_id=trace-behavior-00007111 msg="event_id=behavior-7111 step=5"
ts=1735905126 level=info service=database host=host-04.example trace_id=trace-behavior-00007123 msg="event_id=behavior-7123 step=6"
ts=1735905416 level=info service=database host=host-04.example trace_id=trace-behavior-00007135 msg="event_id=behavior-7135 step=7"
ts=1735905489 level=info service=database host=host-04.example trace_id=trace-behavior-00007138 msg="event_id=behavior-7138 step=10"
ts=1735906094 level=info service=database host=host-04.example trace_id=trace-behavior-00007163 msg="event_id=behavior-7163 step=2"
ts=1735906239 level=info service=database host=host-04.example trace_id=trace-behavior-00007169 msg="event_id=behavior-7169 step=8"
ts=1735906408 level=info service=database host=host-04.example trace_id=trace-behavior-00007176 msg="event_id=behavior-7176 step=4"
ts=1735906553 level=info service=database host=host-04.example trace_id=trace-behavior-00007182 msg="event_id=behavior-7182 step=10"
ts=1735906747 level=info service=database host=host-04.example trace_id=trace-behavior-00007190 msg="event_id=behavior-7190 step=7"
ts=1735906844 level=info service=database host=host-04.example trace_id=trace-behavior-00007194 msg="event_id=behavior-7194 step=0"
ts=1735906916 level=info service=database host=host-04.example trace_id=trace-behavior-00007197 msg="event_id=behavior-7197 step=3"
ts=1735907134 level=info service=database host=host-04.example trace_id=trace-behavior-00007206 msg="event_id=behavior-7206 step=1"
ts=1735907279 level=info service=database host=host-04.example trace_id=trace-behavior-00007212 msg="event_id=behavior-7212 step=7"
ts=1735907328 level=info service=database host=host-04.example trace_id=trace-behavior-00007214 msg="event_id=behavior-7214 step=9"
ts=1735907545 level=info service=database host=host-04.example trace_id=trace-behavior-00007223 msg="event_id=behavior-7223 step=7"
ts=1735907569 level=info service=database host=host-04.example trace_id=trace-behavior-00007224 msg="event_id=behavior-7224 step=8"
ts=1735907666 level=info service=database host=host-04.example trace_id=trace-behavior-00007228 msg="event_id=behavior-7228 step=1"
ts=1735907787 level=info service=database host=host-04.example trace_id=trace-behavior-00007233 msg="event_id=behavior-7233 step=6"
ts=1735907908 level=info service=database host=host-04.example trace_id=trace-behavior-00007238 msg="event_id=behavior-7238 step=0"
ts=1735907957 level=info service=database host=host-04.example trace_id=trace-behavior-00007240 msg="event_id=behavior-7240 step=2"
ts=1735908416 level=info service=database host=host-04.example trace_id=trace-behavior-00007259 msg="event_id=behavior-7259 step=10"
ts=1735908440 level=info service=database host=host-04.example trace_id=trace-behavior-00007260 msg="event_id=behavior-7260 step=0"
ts=1735908586 level=info service=database host=host-04.example trace_id=trace-behavior-00007266 msg="event_id=behavior-7266 step=6"
ts=1735908634 level=info service=database host=host-04.example trace_id=trace-behavior-00007268 msg="event_id=behavior-7268 step=8"
ts=1735909142 level=info service=database host=host-04.example trace_id=trace-behavior-00007289 msg="event_id=behavior-7289 step=7"
ts=1735909336 level=info service=database host=host-04.example trace_id=trace-behavior-00007297 msg="event_id=behavior-7297 step=4"
ts=1735909553 level=debug service=database host=host-04.example trace_id=trace-behavior-00007306 msg="event_id=behavior-7306 step=2"
ts=1735909771 level=info service=database host=host-04.example trace_id=trace-behavior-00007315 msg="event_id=behavior-7315 step=0"
ts=1735909844 level=info service=database host=host-04.example trace_id=trace-behavior-00007318 msg="event_id=behavior-7318 step=3"
ts=1735910352 level=info service=database host=host-04.example trace_id=trace-behavior-00007339 msg="event_id=behavior-7339 step=2"
ts=1735910884 level=info service=database host=host-04.example trace_id=trace-behavior-00007361 msg="event_id=behavior-7361 step=2"
ts=1735910908 level=info service=database host=host-04.example trace_id=trace-behavior-00007362 msg="event_id=behavior-7362 step=3"
ts=1735911416 level=info service=database host=host-04.example trace_id=trace-behavior-00007383 msg="event_id=behavior-7383 step=2"
ts=1735911586 level=info service=database host=host-04.example trace_id=trace-behavior-00007390 msg="event_id=behavior-7390 step=9"
ts=1735911706 level=info service=database host=host-04.example trace_id=trace-behavior-00007395 msg="event_id=behavior-7395 step=3"
ts=1735911827 level=info service=database host=host-04.example trace_id=trace-behavior-00007400 msg="event_id=behavior-7400 LONG_JSON_SENTINEL payload=xxxxxxxxxxxxxxxxxxxxxxxxxxxxxxxxxxxxxxxxxxxxxxxxxxxxxxxxxxxxxxxxxxxxxxxxxxxxxxxxxxxxxxxxxxxxxxxxxxxxxxxxxxxxxxxxxxxxxxxxxxxxxxxxxxxxxxxxxxxxxxxxxxxxxxxxxxxxxxxxxxxxxxxxxxxxxxxxxxxxxxxxxxxxxxxxxxxxxxxxxxxxxxxxxxxxxxxxxxxxxxxxxxxxxxxxxxxxxxxxxxxxxxxxxxxxxxxxxxxxxxxxxxxxxxxxxxxxxxxxxxxxxxxxxxxxxxxxxxxxxxxxxxxxxxxxxxxxxxxxxxxxxxxxxxxxxxxxxxxxxxxxxxxxxxxxxxxxxxxxxxxxxxxxxxxxxxxxxxxxxxxxxxxxxxxxxxxxxxxx"
ts=1735911997 level=info service=database host=host-04.example trace_id=trace-behavior-00007407 msg="event_id=behavior-7407 step=4"
ts=1735912190 level=info service=database host=host-04.example trace_id=trace-behavior-00007415 msg="event_id=behavior-7415 step=1"
ts=1735913037 level=info service=database host=host-04.example trace_id=trace-behavior-00007450 msg="event_id=behavior-7450 step=3"
ts=1735913327 level=info service=database host=host-04.example trace_id=trace-behavior-00007462 msg="event_id=behavior-7462 step=4"
ts=1735913642 level=info service=database host=host-04.example trace_id=trace-behavior-00007475 msg="event_id=behavior-7475 step=6"
ts=1735913763 level=info service=database host=host-04.example trace_id=trace-behavior-00007480 msg="event_id=behavior-7480 step=0"
ts=1735914198 level=info service=database host=host-04.example trace_id=trace-behavior-00007498 msg="event_id=behavior-7498 step=7"
ts=1735914271 level=info service=database host=host-04.example trace_id=trace-behavior-00007501 msg="event_id=behavior-7501 LONG_JSON_SENTINEL payload=xxxxxxxxxxxxxxxxxxxxxxxxxxxxxxxxxxxxxxxxxxxxxxxxxxxxxxxxxxxxxxxxxxxxxxxxxxxxxxxxxxxxxxxxxxxxxxxxxxxxxxxxxxxxxxxxxxxxxxxxxxxxxxxxxxxxxxxxxxxxxxxxxxxxxxxxxxxxxxxxxxxxxxxxxxxxxxxxxxxxxxxxxxxxxxxxxxxxxxxxxxxxxxxxxxxxxxxxxxxxxxxxxxxxxxxxxxxxxxxxxxxxxxxxxxxxxxxxxxxxxxxxxxxxxxxxxxxxxxxxxxxxxxxxxxxxxxxxxxxxxxxxxxxxxxxxxxxxxxxxxxxxxxxxxxxxxxxxxxxxxxxxxxxxxxxxxxxxxxxxxxxxxxxxxxxxxxxxxxxxxxxxxxxxxxxxxxxxxxxxxxxxxxxxxxxxxxxxxxxxxxxxxxxxxxxxxxxxxxxxxxxxxxxxxxxxxxxxxxxxxxxxxxxxxxxxxxxxxxxxxxxxxxxxxxxxxxxxxxxxx"
ts=1735914344 level=info service=database host=host-04.example trace_id=trace-behavior-00007504 msg="event_id=behavior-7504 step=2"
ts=1735914392 level=info service=database host=host-04.example trace_id=trace-behavior-00007506 msg="event_id=behavior-7506 step=4"
ts=1735914561 level=info service=database host=host-04.example trace_id=trace-behavior-00007513 msg="event_id=behavior-7513 step=0"
ts=1735914948 level=info service=database host=host-04.example trace_id=trace-behavior-00007529 msg="event_id=behavior-7529 step=5"
ts=1735916037 level=info service=database host=host-04.example trace_id=trace-behavior-00007574 msg="event_id=behavior-7574 step=6"
ts=1735916134 level=info service=database host=host-04.example trace_id=trace-behavior-00007578 msg="event_id=behavior-7578 step=10"
ts=1735916279 level=info service=database host=host-04.example trace_id=trace-behavior-00007584 msg="event_id=behavior-7584 step=5"
ts=1735916352 level=info service=database host=host-04.example trace_id=trace-behavior-00007587 msg="event_id=behavior-7587 step=8"
ts=1735916569 level=error service=database host=host-04.example trace_id=trace-behavior-00007596 msg="event_id=behavior-7596 step=6"
ts=1735916618 level=info service=database host=host-04.example trace_id=trace-behavior-00007598 msg="event_id=behavior-7598 step=8"
ts=1735916666 level=info service=database host=host-04.example trace_id=trace-behavior-00007600 msg="event_id=behavior-7600 LONG_JSON_SENTINEL payload=xxxxxxxxxxxxxxxxxxxxxxxxxxxxxxxxxxxxxxxxxxxxxxxxxxxxxxxxxxxxxxxxxxxxxxxxxxxxxxxxxxxxxxxxxxxxxxxxxxxxxxxxxxxxxxxxxxxxxxxxxxxxxxxxxxxxxxxxxxxxxxxxxxxxxxxxxxxxxxxxxxxxxxxxxxxxxxxxxxxxxxxxxxxxxxxxxxxxxxxxxxxxxxxxxxxxxxxxxxxxxxxxxxxxxxxxxxxxxxxxxxxxxxxxxxxxxxxxxxxxxxxxxxxxxxxxxxxxxxxxxxxxxxxxxxxxxxxxxxxxxxxxxxxxxxxxxxxxxxxxxxxxxxxxxxxxxxxxxxxxxxxxxxxxxxxxxxxxxxxxxxxxxxxxxxxxxxxxxxxxxxxxxxxxxxxxxxxxxxxx"
ts=1735916884 level=info service=database host=host-04.example trace_id=trace-behavior-00007609 msg="event_id=behavior-7609 step=8"
ts=1735917126 level=info service=database host=host-04.example trace_id=trace-behavior-00007619 msg="event_id=behavior-7619 step=7"
ts=1735917658 level=info service=database host=host-04.example trace_id=trace-behavior-00007641 msg="event_id=behavior-7641 step=7"
ts=1735917755 level=info service=database host=host-04.example trace_id=trace-behavior-00007645 msg="event_id=behavior-7645 step=0"
ts=1735918045 level=info service=database host=host-04.example trace_id=trace-behavior-00007657 msg="event_id=behavior-7657 step=1"
ts=1735918456 level=info service=database host=host-04.example trace_id=trace-behavior-00007674 msg="event_id=behavior-7674 step=7"
ts=1735918553 level=info service=database host=host-04.example trace_id=trace-behavior-00007678 msg="event_id=behavior-7678 step=0"
ts=1735918626 level=info service=database host=host-04.example trace_id=trace-behavior-00007681 msg="event_id=behavior-7681 step=3"
ts=1735919061 level=info service=database host=host-04.example trace_id=trace-behavior-00007699 msg="event_id=behavior-7699 step=10"
ts=1735919255 level=info service=database host=host-04.example trace_id=trace-behavior-00007707 msg="event_id=behavior-7707 step=7"
ts=1735919351 level=info service=database host=host-04.example trace_id=trace-behavior-00007711 msg="event_id=behavior-7711 step=0"
ts=1735919472 level=info service=database host=host-04.example trace_id=trace-behavior-00007716 msg="event_id=behavior-7716 step=5"
ts=1735919593 level=info service=database host=host-04.example trace_id=trace-behavior-00007721 msg="event_id=behavior-7721 step=10"
ts=1735919666 level=info service=database host=host-04.example trace_id=trace-behavior-00007724 msg="event_id=behavior-7724 step=2"
ts=1735919835 level=info service=database host=host-04.example trace_id=trace-behavior-00007731 msg="event_id=behavior-7731 step=9"
ts=1735919908 level=info service=database host=host-04.example trace_id=trace-behavior-00007734 msg="event_id=behavior-7734 step=1"
ts=1735920077 level=info service=database host=host-04.example trace_id=trace-behavior-00007741 msg="event_id=behavior-7741 step=8"
ts=1735920295 level=info service=database host=host-04.example trace_id=trace-behavior-00007750 msg="event_id=behavior-7750 step=6"
ts=1735920658 level=info service=database host=host-04.example trace_id=trace-behavior-00007765 msg="event_id=behavior-7765 step=10"
ts=1735920706 level=info service=database host=host-04.example trace_id=trace-behavior-00007767 msg="event_id=behavior-7767 step=1"
ts=1735920948 level=info service=database host=host-04.example trace_id=trace-behavior-00007777 msg="event_id=behavior-7777 step=0"
ts=1735921311 level=info service=database host=host-04.example trace_id=trace-behavior-00007792 msg="event_id=behavior-7792 step=4"
ts=1735922158 level=info service=database host=host-04.example trace_id=trace-behavior-00007827 msg="event_id=behavior-7827 step=6"
ts=1735922182 level=info service=database host=host-04.example trace_id=trace-behavior-00007828 msg="event_id=behavior-7828 step=7"
ts=1735922376 level=info service=database host=host-04.example trace_id=trace-behavior-00007836 msg="event_id=behavior-7836 step=4"
ts=1735922690 level=info service=database host=host-04.example trace_id=trace-behavior-00007849 msg="event_id=behavior-7849 step=6"
ts=1735922859 level=info service=database host=host-04.example trace_id=trace-behavior-00007856 msg="event_id=behavior-7856 step=2"
ts=1735923101 level=info service=database host=host-04.example trace_id=trace-behavior-00007866 msg="event_id=behavior-7866 step=1"
ts=1735923368 level=info service=database host=host-04.example trace_id=trace-behavior-00007877 msg="event_id=behavior-7877 step=1"
ts=1735923997 level=info service=database host=host-04.example trace_id=trace-behavior-00007903 msg="event_id=behavior-7903 LONG_JSON_SENTINEL payload=xxxxxxxxxxxxxxxxxxxxxxxxxxxxxxxxxxxxxxxxxxxxxxxxxxxxxxxxxxxxxxxxxxxxxxxxxxxxxxxxxxxxxxxxxxxxxxxxxxxxxxxxxxxxxxxxxxxxxxxxxxxxxxxxxxxxxxxxxxxxxxxxxxxxxxxxxxxxxxxxxxxxxxxxxxxxxxxxxxxxxxxxxxxxxxxxxxxxxxxxxxxxxxxxxxxxxxxxxxxxxxxxxxxxxxxxxxxxxxxxxxxxxxxxxxxxxxxxxxxxxxxxxxxxxxxxxxxxxxxxxxxxxxxxxxxxxxxxxxxxxxxxxxxxxxxxxxxxxxxxxxxxxxxxxxxxxxxxxxxxxxxxxxxxxxxxxxxxxxxxxxxxxxxxxxxxxxxxxxxxxxxxxxxxxxxxxxxxxxxxxxxxxxxxxxxxxxxxxxxxxxxxxxxxxxxxxxxxxxxxxxxxxxxxxxxxxxxxxxxxxxxxxxxxxxxxxxxxxxxxxxxxxxxxxxxxxxxxxxxxxxx"
ts=1735924408 level=info service=database host=host-04.example trace_id=trace-behavior-00007920 msg="event_id=behavior-7920 step=0"
ts=1735924432 level=info service=database host=host-04.example trace_id=trace-behavior-00007921 msg="event_id=behavior-7921 step=1"
ts=1735924456 level=info service=database host=host-04.example trace_id=trace-behavior-00007922 msg="event_id=behavior-7922 step=2"
ts=1735924480 level=info service=database host=host-04.example trace_id=trace-behavior-00007923 msg="event_id=behavior-7923 step=3"
ts=1735924674 level=debug service=database host=host-04.example trace_id=trace-behavior-00007931 msg="event_id=behavior-7931 step=0"
ts=1735925303 level=info service=database host=host-04.example trace_id=trace-behavior-00007957 msg="event_id=behavior-7957 step=4"
ts=1735925738 level=info service=database host=host-04.example trace_id=trace-behavior-00007975 msg="event_id=behavior-7975 step=0"
ts=1735925763 level=info service=database host=host-04.example trace_id=trace-behavior-00007976 msg="event_id=behavior-7976 step=1"
ts=1736035170 level=info service=database host=host-04.example trace_id=trace-behavior-00012502 msg="event_id=behavior-12502 LONG_JSON_SENTINEL payload=xxxxxxxxxxxxxxxxxxxxxxxxxxxxxxxxxxxxxxxxxxxxxxxxxxxxxxxxxxxxxxxxxxxxxxxxxxxxxxxxxxxxxxxxxxxxxxxxxxxxxxxxxxxxxxxxxxxxxxxxxxxxxxxxxxxxxxxxxxxxxxxxxxxxxxxxxxxxxxxxxxxxxxxxxxxxxxxxxxxxxxxxxxxxxxxxxxxxxxxxxxxxxxxxxxxxxxxxxxxxxxxxxxxxxxxxxxxxxxxxxxxxxxxxxxxxxxxxxxxxxxxxxxxxxxxxxxxxxxxxxxxxxxxxxxxxxxxxxxxxxxxxxxxxxxxxxxxxxxxxxxxxxxxxxxxxxxxxxxxxxxxxxxxxxxxxxxxxxxxxxxxxxxxxxxxxxxxxxxxxxxxxxxxxxxxxxxxxxxxxxxxxxxxxxxxxxxxxxxxxxxxxxxxxxxxxxxxxxxxxxxxxxxxxxxxxxxxxxxxxxxxxxxxxxxxxxxxxxxxxxxxxxxxxxxxxxxxxxxxxxx"
ts=1736035533 level=info service=database host=host-04.example trace_id=trace-behavior-00012517 msg="event_id=behavior-12517 step=10"
ts=1736035630 level=debug service=database host=host-04.example trace_id=trace-behavior-00012521 msg="event_id=behavior-12521 step=3"
ts=1736035775 level=info service=database host=host-04.example trace_id=trace-behavior-00012527 msg="event_id=behavior-12527 step=9"
ts=1736036138 level=info service=database host=host-04.example trace_id=trace-behavior-00012542 msg="event_id=behavior-12542 step=2"
ts=1736036380 level=info service=database host=host-04.example trace_id=trace-behavior-00012552 msg="event_id=behavior-12552 step=1"
ts=1736036404 level=info service=database host=host-04.example trace_id=trace-behavior-00012553 msg="event_id=behavior-12553 step=2"
ts=1736036549 level=info service=database host=host-04.example trace_id=trace-behavior-00012559 msg="event_id=behavior-12559 step=8"
ts=1736036670 level=info service=database host=host-04.example trace_id=trace-behavior-00012564 msg="event_id=behavior-12564 step=2"
ts=1736036936 level=info service=database host=host-04.example trace_id=trace-behavior-00012575 msg="event_id=behavior-12575 step=2"
ts=1736037105 level=info service=database host=host-04.example trace_id=trace-behavior-00012582 msg="event_id=behavior-12582 step=9"
ts=1736037275 level=info service=database host=host-04.example trace_id=trace-behavior-00012589 msg="event_id=behavior-12589 step=5"
ts=1736037396 level=info service=database host=host-04.example trace_id=trace-behavior-00012594 msg="event_id=behavior-12594 step=10"
ts=1736037662 level=info service=database host=host-04.example trace_id=trace-behavior-00012605 msg="event_id=behavior-12605 step=10"
ts=1736037880 level=info service=database host=host-04.example trace_id=trace-behavior-00012614 msg="event_id=behavior-12614 step=8"
ts=1736038001 level=info service=database host=host-04.example trace_id=trace-behavior-00012619 msg="event_id=behavior-12619 step=2"
ts=1736038073 level=info service=database host=host-04.example trace_id=trace-behavior-00012622 msg="event_id=behavior-12622 step=5"
ts=1736038146 level=info service=database host=host-04.example trace_id=trace-behavior-00012625 msg="event_id=behavior-12625 step=8"
ts=1736038363 level=info service=database host=host-04.example trace_id=trace-behavior-00012634 msg="event_id=behavior-12634 step=6"
ts=1736038436 level=info service=database host=host-04.example trace_id=trace-behavior-00012637 msg="event_id=behavior-12637 step=9"
ts=1736038533 level=info service=database host=host-04.example trace_id=trace-behavior-00012641 msg="event_id=behavior-12641 step=2"
ts=1736038678 level=info service=database host=host-04.example trace_id=trace-behavior-00012647 msg="event_id=behavior-12647 step=8"
ts=1736039138 level=info service=database host=host-04.example trace_id=trace-behavior-00012666 msg="event_id=behavior-12666 step=5"
ts=1736039501 level=info service=database host=host-04.example trace_id=trace-behavior-00012681 msg="event_id=behavior-12681 step=9"
ts=1736039525 level=info service=database host=host-04.example trace_id=trace-behavior-00012682 msg="event_id=behavior-12682 step=10"
ts=1736039621 level=info service=database host=host-04.example trace_id=trace-behavior-00012686 msg="event_id=behavior-12686 step=3"
ts=1736039912 level=info service=database host=host-04.example trace_id=trace-behavior-00012698 msg="event_id=behavior-12698 step=4"
ts=1736040202 level=info service=database host=host-04.example trace_id=trace-behavior-00012710 msg="event_id=behavior-12710 step=5"
ts=1736040275 level=info service=database host=host-04.example trace_id=trace-behavior-00012713 msg="event_id=behavior-12713 step=8"
ts=1736040444 level=info service=database host=host-04.example trace_id=trace-behavior-00012720 msg="event_id=behavior-12720 step=4"
ts=1736040638 level=info service=database host=host-04.example trace_id=trace-behavior-00012728 msg="event_id=behavior-12728 step=1"
ts=1736040662 level=info service=database host=host-04.example trace_id=trace-behavior-00012729 msg="event_id=behavior-12729 step=2"
ts=1736040734 level=info service=database host=host-04.example trace_id=trace-behavior-00012732 msg="event_id=behavior-12732 step=5"
ts=1736040831 level=info service=database host=host-04.example trace_id=trace-behavior-00012736 msg="event_id=behavior-12736 step=9"
ts=1736041170 level=info service=database host=host-04.example trace_id=trace-behavior-00012750 msg="event_id=behavior-12750 step=1"
ts=1736041218 level=info service=database host=host-04.example trace_id=trace-behavior-00012752 msg="event_id=behavior-12752 step=3"
ts=1736041291 level=info service=database host=host-04.example trace_id=trace-behavior-00012755 msg="event_id=behavior-12755 step=6"
ts=1736041533 level=info service=database host=host-04.example trace_id=trace-behavior-00012765 msg="event_id=behavior-12765 step=5"
ts=1736041702 level=info service=database host=host-04.example trace_id=trace-behavior-00012772 msg="event_id=behavior-12772 step=1"
ts=1736042259 level=info service=database host=host-04.example trace_id=trace-behavior-00012795 msg="event_id=behavior-12795 step=2"
ts=1736042428 level=info service=database host=host-04.example trace_id=trace-behavior-00012802 msg="event_id=behavior-12802 LONG_JSON_SENTINEL payload=xxxxxxxxxxxxxxxxxxxxxxxxxxxxxxxxxxxxxxxxxxxxxxxxxxxxxxxxxxxxxxxxxxxxxxxxxxxxxxxxxxxxxxxxxxxxxxxxxxxxxxxxxxxxxxxxxxxxxxxxxxxxxxxxxxxxxxxxxxxxxxxxxxxxxxxxxxxxxxxxxxxxxxxxxxxxxxxxxxxxxxxxxxxxxxxxxxxxxxxxxxxxxxxxxxxxxxxxxxxxxxxxxxxxxxxxxxxxxxxxxxxxxxxxxxxxxxxxxxxxxxxxxxxxxxxxxxxxxxxxxxxxxxxxxxxxxxxxxxxxxxxxxxxxxxxxxxxxxxxxxxxxxxxxxxxxxxxxxxxxxxxxxxxxxxxxxxxxxxxxxxxxxxxxxxxxxxxxxxxxxxxxxxxxxxxxxxxxxxxxxx"
ts=1736042646 level=info service=database host=host-04.example trace_id=trace-behavior-00012811 msg="event_id=behavior-12811 step=7"
ts=1736043033 level=info service=database host=host-04.example trace_id=trace-behavior-00012827 msg="event_id=behavior-12827 step=1"
ts=1736043517 level=info service=database host=host-04.example trace_id=trace-behavior-00012847 msg="event_id=behavior-12847 step=10"
ts=1736043565 level=info service=database host=host-04.example trace_id=trace-behavior-00012849 msg="event_id=behavior-12849 step=1"
ts=1736043855 level=info service=database host=host-04.example trace_id=trace-behavior-00012861 msg="event_id=behavior-12861 step=2"
ts=1736044097 level=error service=database host=host-04.example trace_id=trace-behavior-00012871 msg="event_id=behavior-12871 step=1"
ts=1736044291 level=info service=database host=host-04.example trace_id=trace-behavior-00012879 msg="event_id=behavior-12879 step=9"
ts=1736044460 level=info service=database host=host-04.example trace_id=trace-behavior-00012886 msg="event_id=behavior-12886 step=5"
ts=1736044944 level=info service=database host=host-04.example trace_id=trace-behavior-00012906 msg="event_id=behavior-12906 step=3"
ts=1736044992 level=info service=database host=host-04.example trace_id=trace-behavior-00012908 msg="event_id=behavior-12908 step=5"
ts=1736045137 level=info service=database host=host-04.example trace_id=trace-behavior-00012914 msg="event_id=behavior-12914 step=0"
ts=1736045186 level=info service=database host=host-04.example trace_id=trace-behavior-00012916 msg="event_id=behavior-12916 step=2"
ts=1736045379 level=info service=database host=host-04.example trace_id=trace-behavior-00012924 msg="event_id=behavior-12924 step=10"
ts=1736045428 level=info service=database host=host-04.example trace_id=trace-behavior-00012926 msg="event_id=behavior-12926 step=1"
ts=1736045452 level=info service=database host=host-04.example trace_id=trace-behavior-00012927 msg="event_id=behavior-12927 step=2"
ts=1736045815 level=info service=database host=host-04.example trace_id=trace-behavior-00012942 msg="event_id=behavior-12942 step=6"
ts=1736046081 level=info service=database host=host-04.example trace_id=trace-behavior-00012953 msg="event_id=behavior-12953 step=6"
ts=1736046129 level=info service=database host=host-04.example trace_id=trace-behavior-00012955 msg="event_id=behavior-12955 step=8"
ts=1736046226 level=info service=database host=host-04.example trace_id=trace-behavior-00012959 msg="event_id=behavior-12959 step=1"
ts=1736046783 level=info service=database host=host-04.example trace_id=trace-behavior-00012982 msg="event_id=behavior-12982 step=2"
ts=1736047508 level=info service=database host=host-04.example trace_id=trace-behavior-00013012 msg="event_id=behavior-13012 step=10"
ts=1736047920 level=info service=database host=host-04.example trace_id=trace-behavior-00013029 msg="event_id=behavior-13029 step=5"
ts=1736048016 level=info service=database host=host-04.example trace_id=trace-behavior-00013033 msg="event_id=behavior-13033 step=9"
ts=1736048041 level=info service=database host=host-04.example trace_id=trace-behavior-00013034 msg="event_id=behavior-13034 step=10"
ts=1736048210 level=info service=database host=host-04.example trace_id=trace-behavior-00013041 msg="event_id=behavior-13041 step=6"
ts=1736048234 level=info service=database host=host-04.example trace_id=trace-behavior-00013042 msg="event_id=behavior-13042 step=7"
ts=1736048307 level=info service=database host=host-04.example trace_id=trace-behavior-00013045 msg="event_id=behavior-13045 step=10"
ts=1736048549 level=info service=database host=host-04.example trace_id=trace-behavior-00013055 msg="event_id=behavior-13055 step=9"
ts=1736048645 level=info service=database host=host-04.example trace_id=trace-behavior-00013059 msg="event_id=behavior-13059 step=2"
ts=1736048694 level=info service=database host=host-04.example trace_id=trace-behavior-00013061 msg="event_id=behavior-13061 step=4"
ts=1736048791 level=info service=database host=host-04.example trace_id=trace-behavior-00013065 msg="event_id=behavior-13065 step=8"
ts=1736049129 level=info service=database host=host-04.example trace_id=trace-behavior-00013079 msg="event_id=behavior-13079 step=0"
ts=1736049226 level=info service=database host=host-04.example trace_id=trace-behavior-00013083 msg="event_id=behavior-13083 step=4"
ts=1736049444 level=info service=database host=host-04.example trace_id=trace-behavior-00013092 msg="event_id=behavior-13092 step=2"
ts=1736049565 level=info service=database host=host-04.example trace_id=trace-behavior-00013097 msg="event_id=behavior-13097 step=7"
ts=1736049613 level=info service=database host=host-04.example trace_id=trace-behavior-00013099 msg="event_id=behavior-13099 step=9"
ts=1736049637 level=info service=database host=host-04.example trace_id=trace-behavior-00013100 msg="event_id=behavior-13100 LONG_JSON_SENTINEL payload=xxxxxxxxxxxxxxxxxxxxxxxxxxxxxxxxxxxxxxxxxxxxxxxxxxxxxxxxxxxxxxxxxxxxxxxxxxxxxxxxxxxxxxxxxxxxxxxxxxxxxxxxxxxxxxxxxxxxxxxxxxxxxxxxxxxxxxxxxxxxxxxxxxxxxxxxxxxxxxxxxxxxxxxxxxxxxxxxxxxxxxxxxxxxxxxxxxxxxxxxxxxxxxxxxxxxxxxxxxxxxxxxxxxxxxxxxxxxxxxxxxxxxxxxxxxxxxxxxxxxxxxxxxxxxxxxxxxxxxxxxxxxxxxxxxxxxxxxxxxxxxxxxxxxxxxxxxxxxxxxxxxxxxxxxxxxxxxxxxxxxxxxxxxxxxxxxxxxxxxxxxxxxxxxxxxxxxxxxxxxxxxxxxxxxxxxxxxxxxxxxxxxxxxxxxxxxxxxxxxxxxxxxxxxxxxxxxxxxxxxxxxxxxxxxxxxxxxxxxxxxxxxxxxxxxxxxxxxxxxxxxxxxxxxxxxxxxxxxxxx"
ts=1736049686 level=info service=database host=host-04.example trace_id=trace-behavior-00013102 msg="event_id=behavior-13102 LONG_JSON_SENTINEL payload=xxxxxxxxxxxxxxxxxxxxxxxxxxxxxxxxxxxxxxxxxxxxxxxxxxxxxxxxxxxxxxxxxxxxxxxxxxxxxxxxxxxxxxxxxxxxxxxxxxxxxxxxxxxxxxxxxxxxxxxxxxxxxxxxxxxxxxxxxxxxxxxxxxxxxxxxxxxxxxxxxxxxxxxxxxxxxxxxxxxxxxxxxxxxxxxxxxxxxxxxxxxxxxxxxxxxxxxxxxxxxxxxxxxxxxxxxxxxxxxxxxxxxxxxxxxxxxxxxxxxxxxxxxxxxxxxxxxxxxxxxxxxxxxxxxxxxxxxxxxxxxxxxxxxxxxxxxxxxxxxxxxxxxxxxxxxxxxxxxxxxxxxxxxxxxxxxxxxxxxxxxxxxxxxxxxxxxxxxxxxxxxxxxxxxxxxxxxxxxxxxxxxxxxxxxxxxxxxxxxxxxxxxxxxxxxxxxxxxxxxxxxxxxxxxxxxxxxxxxxxxxxxxxxxxxxxxxxxxxxxxxxxxxxxxxxxxxxxxxxxxx"
ts=1736049783 level=info service=database host=host-04.example trace_id=trace-behavior-00013106 msg="event_id=behavior-13106 step=5"
ts=1736049903 level=info service=database host=host-04.example trace_id=trace-behavior-00013111 msg="event_id=behavior-13111 step=10"
ts=1736050242 level=info service=database host=host-04.example trace_id=trace-behavior-00013125 msg="event_id=behavior-13125 step=2"
ts=1736050653 level=info service=database host=host-04.example trace_id=trace-behavior-00013142 msg="event_id=behavior-13142 step=8"
ts=1736050702 level=info service=database host=host-04.example trace_id=trace-behavior-00013144 msg="event_id=behavior-13144 step=10"
ts=1736050726 level=info service=database host=host-04.example trace_id=trace-behavior-00013145 msg="event_id=behavior-13145 step=0"
ts=1736050774 level=info service=database host=host-04.example trace_id=trace-behavior-00013147 msg="event_id=behavior-13147 step=2"
ts=1736051041 level=info service=database host=host-04.example trace_id=trace-behavior-00013158 msg="event_id=behavior-13158 step=2"
ts=1736051379 level=info service=database host=host-04.example trace_id=trace-behavior-00013172 msg="event_id=behavior-13172 step=5"
ts=1736051452 level=info service=database host=host-04.example trace_id=trace-behavior-00013175 msg="event_id=behavior-13175 step=8"
ts=1736051597 level=info service=database host=host-04.example trace_id=trace-behavior-00013181 msg="event_id=behavior-13181 step=3"
ts=1736051694 level=info service=database host=host-04.example trace_id=trace-behavior-00013185 msg="event_id=behavior-13185 step=7"
ts=1736052516 level=info service=database host=host-04.example trace_id=trace-behavior-00013219 msg="event_id=behavior-13219 step=8"
ts=1736052589 level=info service=database host=host-04.example trace_id=trace-behavior-00013222 msg="event_id=behavior-13222 step=0"
ts=1736052710 level=info service=database host=host-04.example trace_id=trace-behavior-00013227 msg="event_id=behavior-13227 step=5"
ts=1736053726 level=info service=database host=host-04.example trace_id=trace-behavior-00013269 msg="event_id=behavior-13269 step=3"
ts=1736053944 level=info service=database host=host-04.example trace_id=trace-behavior-00013278 msg="event_id=behavior-13278 step=1"
ts=1736054355 level=info service=database host=host-04.example trace_id=trace-behavior-00013295 msg="event_id=behavior-13295 step=7"
ts=1736054476 level=info service=database host=host-04.example trace_id=trace-behavior-00013300 msg="event_id=behavior-13300 LONG_JSON_SENTINEL payload=xxxxxxxxxxxxxxxxxxxxxxxxxxxxxxxxxxxxxxxxxxxxxxxxxxxxxxxxxxxxxxxxxxxxxxxxxxxxxxxxxxxxxxxxxxxxxxxxxxxxxxxxxxxxxxxxxxxxxxxxxxxxxxxxxxxxxxxxxxxxxxxxxxxxxxxxxxxxxxxxxxxxxxxxxxxxxxxxxxxxxxxxxxxxxxxxxxxxxxxxxxxxxxxxxxxxxxxxxxxxxxxxxxxxxxxxxxxxxxxxxxxxxxxxxxxxxxxxxxxxxxxxxxxxxxxxxxxxxxxxxxxxxxxxxxxxxxxxxxxxxxxxxxxxxxxxxxxxxxxxxxxxxxxxxxxxxxxxxxxxxxxxxxxxxxxxxxxxxxxxxxxxxxxxxxxxxxxxxxxxxxxxxxxxxxxxxxxxxxxxxxxxxxxxxxxxxxxxxxxxxxxxxxxxxxxxxxxxxxxxxxxxxxxxxxxxxxxxxxxxxxxxxxxxxxxxxxxxxxxxxxxxxxxxxxxxxxxxxxxx"
ts=1736054549 level=info service=database host=host-04.example trace_id=trace-behavior-00013303 msg="event_id=behavior-13303 LONG_JSON_SENTINEL payload=xxxxxxxxxxxxxxxxxxxxxxxxxxxxxxxxxxxxxxxxxxxxxxxxxxxxxxxxxxxxxxxxxxxxxxxxxxxxxxxxxxxxxxxxxxxxxxxxxxxxxxxxxxxxxxxxxxxxxxxxxxxxxxxxxxxxxxxxxxxxxxxxxxxxxxxxxxxxxxxxxxxxxxxxxxxxxxxxxxxxxxxxxxxxxxxxxxxxxxxxxxxxxxxxxxxxxxxxxxxxxxxxxxxxxxxxxxxxxxxxxxxxxxxxxxxxxxxxxxxxxxxxxxxxxxxxxxxxxxxxxxxxxxxxxxxxxxxxxxxxxxxxxxxxxxxxxxxxxxxxxxxxxxxxxxxxxxxxxxxxxxxxxxxxxxxxxxxxxxxxxxxxxxxxxxxxxxxxxxxxxxxxxxxxxxxxxxxxxxxxxxxxxxxxxxxxxxxxxxxxxxxxxxxxxxxxxxxxxxxxxxxxxxxxxxxxxxxxxxxxxxxxxxxxxxxxxxxxxxxxxxxxxxxxxxxxxxxxxxxxxxx"
ts=1736054645 level=info service=database host=host-04.example trace_id=trace-behavior-00013307 msg="event_id=behavior-13307 step=8"
ts=1736054718 level=info service=database host=host-04.example trace_id=trace-behavior-00013310 msg="event_id=behavior-13310 step=0"
ts=1736055202 level=info service=database host=host-04.example trace_id=trace-behavior-00013330 msg="event_id=behavior-13330 step=9"
ts=1736055976 level=info service=database host=host-04.example trace_id=trace-behavior-00013362 msg="event_id=behavior-13362 step=8"
ts=1736056339 level=info service=database host=host-04.example trace_id=trace-behavior-00013377 msg="event_id=behavior-13377 step=1"
ts=1736056411 level=info service=database host=host-04.example trace_id=trace-behavior-00013380 msg="event_id=behavior-13380 step=4"
ts=1736056629 level=info service=database host=host-04.example trace_id=trace-behavior-00013389 msg="event_id=behavior-13389 step=2"
ts=1736056798 level=info service=database host=host-04.example trace_id=trace-behavior-00013396 msg="event_id=behavior-13396 step=9"
ts=1736057428 level=info service=database host=host-04.example trace_id=trace-behavior-00013422 msg="event_id=behavior-13422 step=2"
ts=1736057452 level=info service=database host=host-04.example trace_id=trace-behavior-00013423 msg="event_id=behavior-13423 step=3"
ts=1736057573 level=info service=database host=host-04.example trace_id=trace-behavior-00013428 msg="event_id=behavior-13428 step=8"
ts=1736057645 level=info service=database host=host-04.example trace_id=trace-behavior-00013431 msg="event_id=behavior-13431 step=0"
ts=1736057742 level=info service=database host=host-04.example trace_id=trace-behavior-00013435 msg="event_id=behavior-13435 step=4"
ts=1736057815 level=info service=database host=host-04.example trace_id=trace-behavior-00013438 msg="event_id=behavior-13438 step=7"
ts=1736058032 level=info service=database host=host-04.example trace_id=trace-behavior-00013447 msg="event_id=behavior-13447 step=5"
ts=1736058492 level=info service=database host=host-04.example trace_id=trace-behavior-00013466 msg="event_id=behavior-13466 step=2"
ts=1736058540 level=info service=database host=host-04.example trace_id=trace-behavior-00013468 msg="event_id=behavior-13468 step=4"
ts=1736059097 level=info service=database host=host-04.example trace_id=trace-behavior-00013491 msg="event_id=behavior-13491 step=5"
ts=1736059411 level=error service=database host=host-04.example trace_id=trace-behavior-00013504 msg="event_id=behavior-13504 step=7"
ts=1736059532 level=info service=database host=host-04.example trace_id=trace-behavior-00013509 msg="event_id=behavior-13509 step=1"
ts=1736059919 level=info service=database host=host-04.example trace_id=trace-behavior-00013525 msg="event_id=behavior-13525 step=6"
ts=1736060306 level=info service=database host=host-04.example trace_id=trace-behavior-00013541 msg="event_id=behavior-13541 step=0"
ts=1736060331 level=info service=database host=host-04.example trace_id=trace-behavior-00013542 msg="event_id=behavior-13542 step=1"
ts=1736060379 level=info service=database host=host-04.example trace_id=trace-behavior-00013544 msg="event_id=behavior-13544 step=3"
ts=1736060597 level=info service=database host=host-04.example trace_id=trace-behavior-00013553 msg="event_id=behavior-13553 step=1"
ts=1736061056 level=info service=database host=host-04.example trace_id=trace-behavior-00013572 msg="event_id=behavior-13572 step=9"
ts=1736061105 level=info service=database host=host-04.example trace_id=trace-behavior-00013574 msg="event_id=behavior-13574 step=0"
ts=1736061250 level=warn service=database host=host-04.example trace_id=trace-behavior-00013580 msg="event_id=behavior-13580 step=6"
ts=1736061468 level=info service=database host=host-04.example trace_id=trace-behavior-00013589 msg="event_id=behavior-13589 step=4"
ts=1736061516 level=info service=database host=host-04.example trace_id=trace-behavior-00013591 msg="event_id=behavior-13591 step=6"
ts=1736061565 level=info service=database host=host-04.example trace_id=trace-behavior-00013593 msg="event_id=behavior-13593 step=8"
ts=1736062024 level=info service=database host=host-04.example trace_id=trace-behavior-00013612 msg="event_id=behavior-13612 step=5"
ts=1736062266 level=info service=database host=host-04.example trace_id=trace-behavior-00013622 msg="event_id=behavior-13622 step=4"
ts=1736062290 level=info service=database host=host-04.example trace_id=trace-behavior-00013623 msg="event_id=behavior-13623 step=5"
ts=1736062484 level=info service=database host=host-04.example trace_id=trace-behavior-00013631 msg="event_id=behavior-13631 step=2"
ts=1736062629 level=info service=database host=host-04.example trace_id=trace-behavior-00013637 msg="event_id=behavior-13637 step=8"
ts=1736062653 level=debug service=database host=host-04.example trace_id=trace-behavior-00013638 msg="event_id=behavior-13638 step=9"
ts=1736062702 level=info service=database host=host-04.example trace_id=trace-behavior-00013640 msg="event_id=behavior-13640 step=0"
ts=1736062774 level=info service=database host=host-04.example trace_id=trace-behavior-00013643 msg="event_id=behavior-13643 step=3"
ts=1736062847 level=info service=database host=host-04.example trace_id=trace-behavior-00013646 msg="event_id=behavior-13646 step=6"
ts=1736062871 level=info service=database host=host-04.example trace_id=trace-behavior-00013647 msg="event_id=behavior-13647 step=7"
ts=1736063331 level=info service=database host=host-04.example trace_id=trace-behavior-00013666 msg="event_id=behavior-13666 step=4"
ts=1736063379 level=info service=database host=host-04.example trace_id=trace-behavior-00013668 msg="event_id=behavior-13668 step=6"
ts=1736063452 level=info service=database host=host-04.example trace_id=trace-behavior-00013671 msg="event_id=behavior-13671 step=9"
ts=1736063476 level=info service=database host=host-04.example trace_id=trace-behavior-00013672 msg="event_id=behavior-13672 step=10"
ts=1736063790 level=info service=database host=host-04.example trace_id=trace-behavior-00013685 msg="event_id=behavior-13685 step=1"
ts=1736064589 level=info service=database host=host-04.example trace_id=trace-behavior-00013718 msg="event_id=behavior-13718 step=1"
ts=1736064661 level=info service=database host=host-04.example trace_id=trace-behavior-00013721 msg="event_id=behavior-13721 step=4"
ts=1736065097 level=info service=database host=host-04.example trace_id=trace-behavior-00013739 msg="event_id=behavior-13739 step=0"
ts=1736066161 level=info service=database host=host-04.example trace_id=trace-behavior-00013783 msg="event_id=behavior-13783 step=0"
ts=1736066379 level=info service=database host=host-04.example trace_id=trace-behavior-00013792 msg="event_id=behavior-13792 step=9"
ts=1736066500 level=info service=database host=host-04.example trace_id=trace-behavior-00013797 msg="event_id=behavior-13797 step=3"
ts=1736066718 level=info service=database host=host-04.example trace_id=trace-behavior-00013806 msg="event_id=behavior-13806 step=1"
ts=1736066742 level=info service=database host=host-04.example trace_id=trace-behavior-00013807 msg="event_id=behavior-13807 step=2"
ts=1736066766 level=info service=database host=host-04.example trace_id=trace-behavior-00013808 msg="event_id=behavior-13808 step=3"
ts=1736067274 level=info service=database host=host-04.example trace_id=trace-behavior-00013829 msg="event_id=behavior-13829 step=2"
ts=1736067347 level=info service=database host=host-04.example trace_id=trace-behavior-00013832 msg="event_id=behavior-13832 step=5"
ts=1736067371 level=info service=database host=host-04.example trace_id=trace-behavior-00013833 msg="event_id=behavior-13833 step=6"
ts=1736067419 level=info service=database host=host-04.example trace_id=trace-behavior-00013835 msg="event_id=behavior-13835 step=8"
ts=1736067637 level=info service=database host=host-04.example trace_id=trace-behavior-00013844 msg="event_id=behavior-13844 step=6"
ts=1736068290 level=warn service=database host=host-04.example trace_id=trace-behavior-00013871 msg="event_id=behavior-13871 step=0"
ts=1736068435 level=info service=database host=host-04.example trace_id=trace-behavior-00013877 msg="event_id=behavior-13877 step=6"
ts=1736068532 level=info service=database host=host-04.example trace_id=trace-behavior-00013881 msg="event_id=behavior-13881 step=10"
ts=1736068580 level=info service=database host=host-04.example trace_id=trace-behavior-00013883 msg="event_id=behavior-13883 step=1"
ts=1736068750 level=info service=database host=host-04.example trace_id=trace-behavior-00013890 msg="event_id=behavior-13890 step=8"
ts=1736068871 level=info service=database host=host-04.example trace_id=trace-behavior-00013895 msg="event_id=behavior-13895 step=2"
ts=1736069185 level=info service=database host=host-04.example trace_id=trace-behavior-00013908 msg="event_id=behavior-13908 step=4"
ts=1736069209 level=info service=database host=host-04.example trace_id=trace-behavior-00013909 msg="event_id=behavior-13909 step=5"
ts=1736069234 level=info service=database host=host-04.example trace_id=trace-behavior-00013910 msg="event_id=behavior-13910 step=6"
ts=1736069306 level=info service=database host=host-04.example trace_id=trace-behavior-00013913 msg="event_id=behavior-13913 step=9"
ts=1736069476 level=info service=database host=host-04.example trace_id=trace-behavior-00013920 msg="event_id=behavior-13920 step=5"
ts=1736069669 level=info service=database host=host-04.example trace_id=trace-behavior-00013928 msg="event_id=behavior-13928 step=2"
ts=1736069766 level=info service=database host=host-04.example trace_id=trace-behavior-00013932 msg="event_id=behavior-13932 step=6"
ts=1736069959 level=info service=database host=host-04.example trace_id=trace-behavior-00013940 msg="event_id=behavior-13940 step=3"
ts=1736070419 level=info service=database host=host-04.example trace_id=trace-behavior-00013959 msg="event_id=behavior-13959 step=0"
ts=1736070443 level=info service=database host=host-04.example trace_id=trace-behavior-00013960 msg="event_id=behavior-13960 step=1"
ts=1736070588 level=info service=database host=host-04.example trace_id=trace-behavior-00013966 msg="event_id=behavior-13966 step=7"
ts=1736070927 level=info service=database host=host-04.example trace_id=trace-behavior-00013980 msg="event_id=behavior-13980 step=10"
ts=1736071242 level=info service=database host=host-04.example trace_id=trace-behavior-00013993 msg="event_id=behavior-13993 step=1"
ts=1736071290 level=info service=database host=host-04.example trace_id=trace-behavior-00013995 msg="event_id=behavior-13995 step=3"
ts=1736071653 level=info service=database host=host-04.example trace_id=trace-behavior-00014010 msg="event_id=behavior-14010 step=7"
ts=1736071677 level=info service=database host=host-04.example trace_id=trace-behavior-00014011 msg="event_id=behavior-14011 step=8"
ts=1736071895 level=info service=database host=host-04.example trace_id=trace-behavior-00014020 msg="event_id=behavior-14020 step=6"
ts=1736072403 level=info service=database host=host-04.example trace_id=trace-behavior-00014041 msg="event_id=behavior-14041 step=5"
ts=1736072669 level=info service=database host=host-04.example trace_id=trace-behavior-00014052 msg="event_id=behavior-14052 step=5"
ts=1736072814 level=info service=database host=host-04.example trace_id=trace-behavior-00014058 msg="event_id=behavior-14058 step=0"
ts=1736072959 level=info service=database host=host-04.example trace_id=trace-behavior-00014064 msg="event_id=behavior-14064 step=6"
ts=1736073153 level=info service=database host=host-04.example trace_id=trace-behavior-00014072 msg="event_id=behavior-14072 step=3"
ts=1736073274 level=info service=database host=host-04.example trace_id=trace-behavior-00014077 msg="event_id=behavior-14077 step=8"
ts=1736073322 level=info service=database host=host-04.example trace_id=trace-behavior-00014079 msg="event_id=behavior-14079 step=10"
ts=1736073637 level=info service=database host=host-04.example trace_id=trace-behavior-00014092 msg="event_id=behavior-14092 step=1"
ts=1736073879 level=info service=database host=host-04.example trace_id=trace-behavior-00014102 msg="event_id=behavior-14102 LONG_JSON_SENTINEL payload=xxxxxxxxxxxxxxxxxxxxxxxxxxxxxxxxxxxxxxxxxxxxxxxxxxxxxxxxxxxxxxxxxxxxxxxxxxxxxxxxxxxxxxxxxxxxxxxxxxxxxxxxxxxxxxxxxxxxxxxxxxxxxxxxxxxxxxxxxxxxxxxxxxxxxxxxxxxxxxxxxxxxxxxxxxxxxxxxxxxxxxxxxxxxxxxxxxxxxxxxxxxxxxxxxxxxxxxxxxxxxxxxxxxxxxxxxxxxxxxxxxxxxxxxxxxxxxxxxxxxxxxxxxxxxxxxxxxxxxxxxxxxxxxxxxxxxxxxxxxxxxxxxxxxxxxxxxxxxxxxxxxxxxxxxxxxxxxxxxxxxxxxxxxxxxxxxxxxxxxxxxxxxxxxxxxxxxxxxxxxxxxxxxxxxxxxxxxxxxxxxxxxxxxxxxxxxxxxxxxxxxxxxxxxxxxxxxxxxxxxxxxxxxxxxxxxxxxxxxxxxxxxxxxxxxxxxxxxxxxxxxxxxxxxxxxxxxxxxxxxxx"
ts=1736074266 level=info service=database host=host-04.example trace_id=trace-behavior-00014118 msg="event_id=behavior-14118 step=5"
ts=1736074290 level=info service=database host=host-04.example trace_id=trace-behavior-00014119 msg="event_id=behavior-14119 step=6"
ts=1736074992 level=info service=database host=host-04.example trace_id=trace-behavior-00014148 msg="event_id=behavior-14148 step=2"
ts=1736075306 level=info service=database host=host-04.example trace_id=trace-behavior-00014161 msg="event_id=behavior-14161 step=4"
ts=1736075427 level=info service=database host=host-04.example trace_id=trace-behavior-00014166 msg="event_id=behavior-14166 step=9"
ts=1736075475 level=info service=database host=host-04.example trace_id=trace-behavior-00014168 msg="event_id=behavior-14168 step=0"
ts=1736075645 level=info service=database host=host-04.example trace_id=trace-behavior-00014175 msg="event_id=behavior-14175 step=7"
ts=1736076056 level=info service=database host=host-04.example trace_id=trace-behavior-00014192 msg="event_id=behavior-14192 step=2"
ts=1736076467 level=info service=database host=host-04.example trace_id=trace-behavior-00014209 msg="event_id=behavior-14209 step=8"
ts=1736076685 level=info service=database host=host-04.example trace_id=trace-behavior-00014218 msg="event_id=behavior-14218 step=6"
ts=1736076806 level=info service=database host=host-04.example trace_id=trace-behavior-00014223 msg="event_id=behavior-14223 step=0"
ts=1736076951 level=info service=database host=host-04.example trace_id=trace-behavior-00014229 msg="event_id=behavior-14229 step=6"
ts=1736077000 level=info service=database host=host-04.example trace_id=trace-behavior-00014231 msg="event_id=behavior-14231 step=8"
ts=1736077096 level=info service=database host=host-04.example trace_id=trace-behavior-00014235 msg="event_id=behavior-14235 step=1"
ts=1736077169 level=info service=database host=host-04.example trace_id=trace-behavior-00014238 msg="event_id=behavior-14238 step=4"
ts=1736077387 level=debug service=database host=host-04.example trace_id=trace-behavior-00014247 msg="event_id=behavior-14247 step=2"
ts=1736077411 level=info service=database host=host-04.example trace_id=trace-behavior-00014248 msg="event_id=behavior-14248 step=3"
ts=1736077459 level=info service=database host=host-04.example trace_id=trace-behavior-00014250 msg="event_id=behavior-14250 step=5"
ts=1736077943 level=info service=database host=host-04.example trace_id=trace-behavior-00014270 msg="event_id=behavior-14270 step=3"
ts=1736078064 level=info service=database host=host-04.example trace_id=trace-behavior-00014275 msg="event_id=behavior-14275 step=8"
ts=1736078379 level=info service=database host=host-04.example trace_id=trace-behavior-00014288 msg="event_id=behavior-14288 step=10"
ts=1736078645 level=info service=database host=host-04.example trace_id=trace-behavior-00014299 msg="event_id=behavior-14299 step=10"
ts=1736079225 level=info service=database host=host-04.example trace_id=trace-behavior-00014323 msg="event_id=behavior-14323 step=1"
ts=1736079322 level=info service=database host=host-04.example trace_id=trace-behavior-00014327 msg="event_id=behavior-14327 step=5"
ts=1736079661 level=info service=database host=host-04.example trace_id=trace-behavior-00014341 msg="event_id=behavior-14341 step=8"
ts=1736079806 level=info service=database host=host-04.example trace_id=trace-behavior-00014347 msg="event_id=behavior-14347 step=3"
ts=1736079951 level=info service=database host=host-04.example trace_id=trace-behavior-00014353 msg="event_id=behavior-14353 step=9"
ts=1736080145 level=info service=database host=host-04.example trace_id=trace-behavior-00014361 msg="event_id=behavior-14361 step=6"
ts=1736080193 level=info service=database host=host-04.example trace_id=trace-behavior-00014363 msg="event_id=behavior-14363 step=8"
ts=1736080338 level=info service=database host=host-04.example trace_id=trace-behavior-00014369 msg="event_id=behavior-14369 step=3"
ts=1736080774 level=info service=database host=host-04.example trace_id=trace-behavior-00014387 msg="event_id=behavior-14387 step=10"
ts=1736080895 level=info service=database host=host-04.example trace_id=trace-behavior-00014392 msg="event_id=behavior-14392 step=4"
ts=1736081040 level=info service=database host=host-04.example trace_id=trace-behavior-00014398 msg="event_id=behavior-14398 step=10"
ts=1736081064 level=info service=database host=host-04.example trace_id=trace-behavior-00014399 msg="event_id=behavior-14399 step=0"
ts=1736081185 level=info service=database host=host-04.example trace_id=trace-behavior-00014404 msg="event_id=behavior-14404 step=5"
ts=1736081717 level=info service=database host=host-04.example trace_id=trace-behavior-00014426 msg="event_id=behavior-14426 step=5"
ts=1736081741 level=info service=database host=host-04.example trace_id=trace-behavior-00014427 msg="event_id=behavior-14427 step=6"
ts=1736081983 level=info service=database host=host-04.example trace_id=trace-behavior-00014437 msg="event_id=behavior-14437 step=5"
ts=1736082443 level=info service=database host=host-04.example trace_id=trace-behavior-00014456 msg="event_id=behavior-14456 step=2"
ts=1736082540 level=info service=database host=host-04.example trace_id=trace-behavior-00014460 msg="event_id=behavior-14460 step=6"
ts=1736082782 level=info service=database host=host-04.example trace_id=trace-behavior-00014470 msg="event_id=behavior-14470 step=5"
ts=1736082951 level=info service=database host=host-04.example trace_id=trace-behavior-00014477 msg="event_id=behavior-14477 step=1"
ts=1736083145 level=info service=database host=host-04.example trace_id=trace-behavior-00014485 msg="event_id=behavior-14485 step=9"
ts=1736083266 level=info service=database host=host-04.example trace_id=trace-behavior-00014490 msg="event_id=behavior-14490 step=3"
ts=1736083387 level=info service=database host=host-04.example trace_id=trace-behavior-00014495 msg="event_id=behavior-14495 step=8"
ts=1736083459 level=info service=database host=host-04.example trace_id=trace-behavior-00014498 msg="event_id=behavior-14498 step=0"
ts=1736083653 level=info service=database host=host-04.example trace_id=trace-behavior-00014506 msg="event_id=behavior-14506 step=8"
ts=1736083701 level=info service=database host=host-04.example trace_id=trace-behavior-00014508 msg="event_id=behavior-14508 step=10"
ts=1736083822 level=info service=database host=host-04.example trace_id=trace-behavior-00014513 msg="event_id=behavior-14513 step=4"
ts=1736083919 level=info service=database host=host-04.example trace_id=trace-behavior-00014517 msg="event_id=behavior-14517 step=8"
ts=1736084064 level=info service=database host=host-04.example trace_id=trace-behavior-00014523 msg="event_id=behavior-14523 step=3"
ts=1736084354 level=info service=database host=host-04.example trace_id=trace-behavior-00014535 msg="event_id=behavior-14535 step=4"
ts=1736084403 level=info service=database host=host-04.example trace_id=trace-behavior-00014537 msg="event_id=behavior-14537 step=6"
ts=1736084427 level=info service=database host=host-04.example trace_id=trace-behavior-00014538 msg="event_id=behavior-14538 step=7"
ts=1736084524 level=info service=database host=host-04.example trace_id=trace-behavior-00014542 msg="event_id=behavior-14542 step=0"
ts=1736084596 level=info service=database host=host-04.example trace_id=trace-behavior-00014545 msg="event_id=behavior-14545 step=3"
ts=1736084620 level=info service=database host=host-04.example trace_id=trace-behavior-00014546 msg="event_id=behavior-14546 step=4"
ts=1736084741 level=info service=database host=host-04.example trace_id=trace-behavior-00014551 msg="event_id=behavior-14551 step=9"
ts=1736084838 level=info service=database host=host-04.example trace_id=trace-behavior-00014555 msg="event_id=behavior-14555 step=2"
ts=1736085080 level=info service=database host=host-04.example trace_id=trace-behavior-00014565 msg="event_id=behavior-14565 step=1"
ts=1736085177 level=info service=database host=host-04.example trace_id=trace-behavior-00014569 msg="event_id=behavior-14569 step=5"
ts=1736085249 level=info service=database host=host-04.example trace_id=trace-behavior-00014572 msg="event_id=behavior-14572 step=8"
ts=1736085419 level=info service=database host=host-04.example trace_id=trace-behavior-00014579 msg="event_id=behavior-14579 step=4"
ts=1736085564 level=info service=database host=host-04.example trace_id=trace-behavior-00014585 msg="event_id=behavior-14585 step=10"
ts=1736085806 level=info service=database host=host-04.example trace_id=trace-behavior-00014595 msg="event_id=behavior-14595 step=9"
ts=1736085951 level=info service=database host=host-04.example trace_id=trace-behavior-00014601 msg="event_id=behavior-14601 STACK_TRACE_SENTINEL failure in handler\n    at lab_module_handler(file=example_rs line=41)\n    at lab_module_dispatch(file=example_rs line=11)\nCaused by: simulated timeout after 301ms"
ts=1736086193 level=info service=database host=host-04.example trace_id=trace-behavior-00014611 msg="event_id=behavior-14611 step=3"
ts=1736086266 level=info service=database host=host-04.example trace_id=trace-behavior-00014614 msg="event_id=behavior-14614 step=6"
ts=1736086532 level=info service=database host=host-04.example trace_id=trace-behavior-00014625 msg="event_id=behavior-14625 step=6"
ts=1736086701 level=info service=database host=host-04.example trace_id=trace-behavior-00014632 msg="event_id=behavior-14632 step=2"
ts=1736086798 level=info service=database host=host-04.example trace_id=trace-behavior-00014636 msg="event_id=behavior-14636 step=6"
ts=1736087016 level=info service=database host=host-04.example trace_id=trace-behavior-00014645 msg="event_id=behavior-14645 step=4"
ts=1736087161 level=info service=database host=host-04.example trace_id=trace-behavior-00014651 msg="event_id=behavior-14651 step=10"
ts=1736087451 level=info service=database host=host-04.example trace_id=trace-behavior-00014663 msg="event_id=behavior-14663 step=0"
ts=1736087596 level=info service=database host=host-04.example trace_id=trace-behavior-00014669 msg="event_id=behavior-14669 step=6"
ts=1736087645 level=info service=database host=host-04.example trace_id=trace-behavior-00014671 msg="event_id=behavior-14671 step=8"
ts=1736087765 level=info service=database host=host-04.example trace_id=trace-behavior-00014676 msg="event_id=behavior-14676 step=2"
ts=1736087935 level=info service=database host=host-04.example trace_id=trace-behavior-00014683 msg="event_id=behavior-14683 step=9"
ts=1736088225 level=info service=database host=host-04.example trace_id=trace-behavior-00014695 msg="event_id=behavior-14695 step=10"
ts=1736088274 level=info service=database host=host-04.example trace_id=trace-behavior-00014697 msg="event_id=behavior-14697 step=1"
ts=1736088419 level=info service=database host=host-04.example trace_id=trace-behavior-00014703 msg="event_id=behavior-14703 STACK_TRACE_SENTINEL failure in handler\n    at lab_module_handler(file=example_rs line=43)\n    at lab_module_dispatch(file=example_rs line=13)\nCaused by: simulated timeout after 403ms"
ts=1736088661 level=info service=database host=host-04.example trace_id=trace-behavior-00014713 msg="event_id=behavior-14713 step=6"
ts=1736088709 level=info service=database host=host-04.example trace_id=trace-behavior-00014715 msg="event_id=behavior-14715 step=8"
ts=1736088782 level=debug service=database host=host-04.example trace_id=trace-behavior-00014718 msg="event_id=behavior-14718 step=0"
ts=1736088927 level=info service=database host=host-04.example trace_id=trace-behavior-00014724 msg="event_id=behavior-14724 step=6"
ts=1736088951 level=info service=database host=host-04.example trace_id=trace-behavior-00014725 msg="event_id=behavior-14725 step=7"
ts=1736089144 level=info service=database host=host-04.example trace_id=trace-behavior-00014733 msg="event_id=behavior-14733 step=4"
ts=1736089604 level=info service=database host=host-04.example trace_id=trace-behavior-00014752 msg="event_id=behavior-14752 step=1"
ts=1736089749 level=info service=database host=host-04.example trace_id=trace-behavior-00014758 msg="event_id=behavior-14758 step=7"
ts=1736090233 level=info service=database host=host-04.example trace_id=trace-behavior-00014778 msg="event_id=behavior-14778 step=5"
ts=1736090427 level=info service=database host=host-04.example trace_id=trace-behavior-00014786 msg="event_id=behavior-14786 step=2"
ts=1736090717 level=info service=database host=host-04.example trace_id=trace-behavior-00014798 msg="event_id=behavior-14798 step=3"
ts=1736090911 level=info service=database host=host-04.example trace_id=trace-behavior-00014806 msg="event_id=behavior-14806 step=0"
ts=1736090959 level=info service=database host=host-04.example trace_id=trace-behavior-00014808 msg="event_id=behavior-14808 step=2"
ts=1736091201 level=info service=database host=host-04.example trace_id=trace-behavior-00014818 msg="event_id=behavior-14818 step=1"
ts=1736091515 level=info service=database host=host-04.example trace_id=trace-behavior-00014831 msg="event_id=behavior-14831 step=3"
ts=1736091564 level=info service=database host=host-04.example trace_id=trace-behavior-00014833 msg="event_id=behavior-14833 step=5"
ts=1736091757 level=warn service=database host=host-04.example trace_id=trace-behavior-00014841 msg="event_id=behavior-14841 step=2"
ts=1736092290 level=info service=database host=host-04.example trace_id=trace-behavior-00014863 msg="event_id=behavior-14863 step=2"
ts=1736092314 level=info service=database host=host-04.example trace_id=trace-behavior-00014864 msg="event_id=behavior-14864 step=3"
ts=1736092532 level=info service=database host=host-04.example trace_id=trace-behavior-00014873 msg="event_id=behavior-14873 step=1"
ts=1736092652 level=info service=database host=host-04.example trace_id=trace-behavior-00014878 msg="event_id=behavior-14878 step=6"
ts=1736092749 level=info service=database host=host-04.example trace_id=trace-behavior-00014882 msg="event_id=behavior-14882 step=10"
ts=1736092773 level=info service=database host=host-04.example trace_id=trace-behavior-00014883 msg="event_id=behavior-14883 step=0"
ts=1736093717 level=info service=database host=host-04.example trace_id=trace-behavior-00014922 msg="event_id=behavior-14922 step=6"
ts=1736093959 level=info service=database host=host-04.example trace_id=trace-behavior-00014932 msg="event_id=behavior-14932 step=5"
ts=1736094298 level=info service=database host=host-04.example trace_id=trace-behavior-00014946 msg="event_id=behavior-14946 step=8"
ts=1736094612 level=info service=database host=host-04.example trace_id=trace-behavior-00014959 msg="event_id=behavior-14959 step=10"
ts=1736094660 level=info service=database host=host-04.example trace_id=trace-behavior-00014961 msg="event_id=behavior-14961 step=1"
ts=1736094781 level=info service=database host=host-04.example trace_id=trace-behavior-00014966 msg="event_id=behavior-14966 step=6"
ts=1736094830 level=info service=database host=host-04.example trace_id=trace-behavior-00014968 msg="event_id=behavior-14968 step=8"
ts=1736095072 level=info service=database host=host-04.example trace_id=trace-behavior-00014978 msg="event_id=behavior-14978 step=7"
ts=1736095096 level=info service=database host=host-04.example trace_id=trace-behavior-00014979 msg="event_id=behavior-14979 step=8"
ts=1736095169 level=info service=database host=host-04.example trace_id=trace-behavior-00014982 msg="event_id=behavior-14982 step=0"
ts=1736095410 level=info service=database host=host-04.example trace_id=trace-behavior-00014992 msg="event_id=behavior-14992 step=10"
ts=1736095459 level=info service=database host=host-04.example trace_id=trace-behavior-00014994 msg="event_id=behavior-14994 step=1"
ts=1736095628 level=info service=database host=host-04.example trace_id=trace-behavior-00015001 msg="event_id=behavior-15001 LONG_JSON_SENTINEL payload=xxxxxxxxxxxxxxxxxxxxxxxxxxxxxxxxxxxxxxxxxxxxxxxxxxxxxxxxxxxxxxxxxxxxxxxxxxxxxxxxxxxxxxxxxxxxxxxxxxxxxxxxxxxxxxxxxxxxxxxxxxxxxxxxxxxxxxxxxxxxxxxxxxxxxxxxxxxxxxxxxxxxxxxxxxxxxxxxxxxxxxxxxxxxxxxxxxxxxxxxxxxxxxxxxxxxxxxxxxxxxxxxxxxxxxxxxxxxxxxxxxxxxxxxxxxxxxxxxxxxxxxxxxxxxxxxxxxxxxxxxxxxxxxxxxxxxxxxxxxxxxxxxxxxxxxxxxxxxxxxxxxxxxxxxxxxxxxxxxxxxxxxxxxxxxxxxxxxxxxxxxxxxxxxxxxxxxxxxxxxxxxxxxxxxxxxxxxxxxxxx"
ts=1736095773 level=info service=database host=host-04.example trace_id=trace-behavior-00015007 msg="event_id=behavior-15007 step=3"
ts=1736096378 level=info service=database host=host-04.example trace_id=trace-behavior-00015032 msg="event_id=behavior-15032 step=6"
ts=1736096402 level=info service=database host=host-04.example trace_id=trace-behavior-00015033 msg="event_id=behavior-15033 step=7"
ts=1736096862 level=info service=database host=host-04.example trace_id=trace-behavior-00015052 msg="event_id=behavior-15052 step=4"
ts=1736097249 level=info service=database host=host-04.example trace_id=trace-behavior-00015068 msg="event_id=behavior-15068 step=9"
ts=1736097878 level=info service=database host=host-04.example trace_id=trace-behavior-00015094 msg="event_id=behavior-15094 step=2"
ts=1736097999 level=info service=database host=host-04.example trace_id=trace-behavior-00015099 msg="event_id=behavior-15099 step=7"
ts=1736098120 level=info service=database host=host-04.example trace_id=trace-behavior-00015104 msg="event_id=behavior-15104 step=1"
ts=1736098314 level=info service=database host=host-04.example trace_id=trace-behavior-00015112 msg="event_id=behavior-15112 step=9"
ts=1736098362 level=info service=database host=host-04.example trace_id=trace-behavior-00015114 msg="event_id=behavior-15114 step=0"
ts=1736098628 level=info service=database host=host-04.example trace_id=trace-behavior-00015125 msg="event_id=behavior-15125 step=0"
ts=1736098822 level=info service=database host=host-04.example trace_id=trace-behavior-00015133 msg="event_id=behavior-15133 step=8"
ts=1736098870 level=info service=database host=host-04.example trace_id=trace-behavior-00015135 msg="event_id=behavior-15135 step=10"
ts=1736098894 level=info service=database host=host-04.example trace_id=trace-behavior-00015136 msg="event_id=behavior-15136 step=0"
ts=1736098918 level=info service=database host=host-04.example trace_id=trace-behavior-00015137 msg="event_id=behavior-15137 step=1"
ts=1736099185 level=info service=database host=host-04.example trace_id=trace-behavior-00015148 msg="event_id=behavior-15148 step=1"
ts=1736099354 level=info service=database host=host-04.example trace_id=trace-behavior-00015155 msg="event_id=behavior-15155 step=8"
ts=1736099668 level=info service=database host=host-04.example trace_id=trace-behavior-00015168 msg="event_id=behavior-15168 step=10"
ts=1736099789 level=info service=database host=host-04.example trace_id=trace-behavior-00015173 msg="event_id=behavior-15173 step=4"
ts=1736099959 level=info service=database host=host-04.example trace_id=trace-behavior-00015180 msg="event_id=behavior-15180 step=0"
ts=1736100104 level=info service=database host=host-04.example trace_id=trace-behavior-00015186 msg="event_id=behavior-15186 step=6"
ts=1736100322 level=info service=database host=host-04.example trace_id=trace-behavior-00015195 msg="event_id=behavior-15195 step=4"
ts=1736100588 level=info service=database host=host-04.example trace_id=trace-behavior-00015206 msg="event_id=behavior-15206 step=4"
ts=1736100830 level=info service=database host=host-04.example trace_id=trace-behavior-00015216 msg="event_id=behavior-15216 step=3"
ts=1736100999 level=info service=database host=host-04.example trace_id=trace-behavior-00015223 msg="event_id=behavior-15223 step=10"
ts=1736101072 level=info service=database host=host-04.example trace_id=trace-behavior-00015226 msg="event_id=behavior-15226 step=2"
ts=1736101265 level=info service=database host=host-04.example trace_id=trace-behavior-00015234 msg="event_id=behavior-15234 step=10"
ts=1736101628 level=info service=database host=host-04.example trace_id=trace-behavior-00015249 msg="event_id=behavior-15249 step=3"
ts=1736101676 level=info service=database host=host-04.example trace_id=trace-behavior-00015251 msg="event_id=behavior-15251 step=5"
ts=1736101822 level=info service=database host=host-04.example trace_id=trace-behavior-00015257 msg="event_id=behavior-15257 step=0"
ts=1736101943 level=info service=database host=host-04.example trace_id=trace-behavior-00015262 msg="event_id=behavior-15262 step=5"
ts=1736102064 level=info service=database host=host-04.example trace_id=trace-behavior-00015267 msg="event_id=behavior-15267 step=10"
ts=1736102160 level=info service=database host=host-04.example trace_id=trace-behavior-00015271 msg="event_id=behavior-15271 step=3"
ts=1736102281 level=info service=database host=host-04.example trace_id=trace-behavior-00015276 msg="event_id=behavior-15276 step=8"
ts=1736102330 level=info service=database host=host-04.example trace_id=trace-behavior-00015278 msg="event_id=behavior-15278 step=10"
ts=1736102741 level=info service=database host=host-04.example trace_id=trace-behavior-00015295 msg="event_id=behavior-15295 step=5"
ts=1736102886 level=info service=database host=host-04.example trace_id=trace-behavior-00015301 msg="event_id=behavior-15301 LONG_JSON_SENTINEL payload=xxxxxxxxxxxxxxxxxxxxxxxxxxxxxxxxxxxxxxxxxxxxxxxxxxxxxxxxxxxxxxxxxxxxxxxxxxxxxxxxxxxxxxxxxxxxxxxxxxxxxxxxxxxxxxxxxxxxxxxxxxxxxxxxxxxxxxxxxxxxxxxxxxxxxxxxxxxxxxxxxxxxxxxxxxxxxxxxxxxxxxxxxxxxxxxxxxxxxxxxxxxxxxxxxxxxxxxxxxxxxxxxxxxxxxxxxxxxxxxxxxxxxxxxxxxxxxxxxxxxxxxxxxxxxxxxxxxxxxxxxxxxxxxxxxxxxxxxxxxxxxxxxxxxxxxxxxxxxxxxxxxxxxxxxxxxxxxxxxxxxxxxxxxxxxxxxxxxxxxxxxxxxxxxxxxxxxxxxxxxxxxxxxxxxxxxxxxxxxxxxxxxxxxxxxxxxxxxxxxxxxxxxxxxxxxxxxxxxxxxxxxxxxxxxxxxxxxxxxxxxxxxxxxxxxxxxxxxxxxxxxxxxxxxxxxxxxxxxxxxx"
ts=1736103104 level=info service=database host=host-04.example trace_id=trace-behavior-00015310 msg="event_id=behavior-15310 step=9"
ts=1736103443 level=info service=database host=host-04.example trace_id=trace-behavior-00015324 msg="event_id=behavior-15324 step=1"
ts=1736104289 level=info service=database host=host-04.example trace_id=trace-behavior-00015359 msg="event_id=behavior-15359 step=3"
ts=1736104313 level=info service=database host=host-04.example trace_id=trace-behavior-00015360 msg="event_id=behavior-15360 step=4"
ts=1736104386 level=info service=database host=host-04.example trace_id=trace-behavior-00015363 msg="event_id=behavior-15363 step=7"
ts=1736104483 level=info service=database host=host-04.example trace_id=trace-behavior-00015367 msg="event_id=behavior-15367 step=0"
ts=1736104628 level=info service=database host=host-04.example trace_id=trace-behavior-00015373 msg="event_id=behavior-15373 step=6"
ts=1736104701 level=info service=database host=host-04.example trace_id=trace-behavior-00015376 msg="event_id=behavior-15376 step=9"
ts=1736104918 level=info service=database host=host-04.example trace_id=trace-behavior-00015385 msg="event_id=behavior-15385 step=7"
ts=1736104943 level=info service=database host=host-04.example trace_id=trace-behavior-00015386 msg="event_id=behavior-15386 step=8"
ts=1736104991 level=info service=database host=host-04.example trace_id=trace-behavior-00015388 msg="event_id=behavior-15388 step=10"
ts=1736105015 level=info service=database host=host-04.example trace_id=trace-behavior-00015389 msg="event_id=behavior-15389 step=0"
ts=1736105160 level=info service=database host=host-04.example trace_id=trace-behavior-00015395 msg="event_id=behavior-15395 step=6"
ts=1736105523 level=info service=database host=host-04.example trace_id=trace-behavior-00015410 msg="event_id=behavior-15410 step=10"
ts=1736105789 level=info service=database host=host-04.example trace_id=trace-behavior-00015421 msg="event_id=behavior-15421 step=10"
ts=1736105862 level=info service=database host=host-04.example trace_id=trace-behavior-00015424 msg="event_id=behavior-15424 step=2"
ts=1736105910 level=info service=database host=host-04.example trace_id=trace-behavior-00015426 msg="event_id=behavior-15426 step=4"
ts=1736105959 level=info service=database host=host-04.example trace_id=trace-behavior-00015428 msg="event_id=behavior-15428 step=6"
ts=1736106031 level=info service=database host=host-04.example trace_id=trace-behavior-00015431 msg="event_id=behavior-15431 step=9"
ts=1736106104 level=info service=database host=host-04.example trace_id=trace-behavior-00015434 msg="event_id=behavior-15434 step=1"
ts=1736106322 level=info service=database host=host-04.example trace_id=trace-behavior-00015443 msg="event_id=behavior-15443 step=10"
ts=1736106394 level=info service=database host=host-04.example trace_id=trace-behavior-00015446 msg="event_id=behavior-15446 step=2"
ts=1736106491 level=info service=database host=host-04.example trace_id=trace-behavior-00015450 msg="event_id=behavior-15450 step=6"
ts=1736106539 level=info service=database host=host-04.example trace_id=trace-behavior-00015452 msg="event_id=behavior-15452 step=8"
ts=1736107071 level=info service=database host=host-04.example trace_id=trace-behavior-00015474 msg="event_id=behavior-15474 step=8"
ts=1736107241 level=info service=database host=host-04.example trace_id=trace-behavior-00015481 msg="event_id=behavior-15481 step=4"
ts=1736108088 level=info service=database host=host-04.example trace_id=trace-behavior-00015516 msg="event_id=behavior-15516 step=6"
ts=1736108233 level=info service=database host=host-04.example trace_id=trace-behavior-00015522 msg="event_id=behavior-15522 step=1"
ts=1736108402 level=info service=database host=host-04.example trace_id=trace-behavior-00015529 msg="event_id=behavior-15529 step=8"
ts=1736108620 level=info service=database host=host-04.example trace_id=trace-behavior-00015538 msg="event_id=behavior-15538 step=6"
ts=1736109346 level=info service=database host=host-04.example trace_id=trace-behavior-00015568 msg="event_id=behavior-15568 step=3"
ts=1736109370 level=info service=database host=host-04.example trace_id=trace-behavior-00015569 msg="event_id=behavior-15569 step=4"
ts=1736109612 level=info service=database host=host-04.example trace_id=trace-behavior-00015579 msg="event_id=behavior-15579 step=3"
ts=1736109902 level=info service=database host=host-04.example trace_id=trace-behavior-00015591 msg="event_id=behavior-15591 step=4"
ts=1736109999 level=info service=database host=host-04.example trace_id=trace-behavior-00015595 msg="event_id=behavior-15595 step=8"
ts=1736110168 level=info service=database host=host-04.example trace_id=trace-behavior-00015602 msg="event_id=behavior-15602 LONG_JSON_SENTINEL payload=xxxxxxxxxxxxxxxxxxxxxxxxxxxxxxxxxxxxxxxxxxxxxxxxxxxxxxxxxxxxxxxxxxxxxxxxxxxxxxxxxxxxxxxxxxxxxxxxxxxxxxxxxxxxxxxxxxxxxxxxxxxxxxxxxxxxxxxxxxxxxxxxxxxxxxxxxxxxxxxxxxxxxxxxxxxxxxxxxxxxxxxxxxxxxxxxxxxxxxxxxxxxxxxxxxxxxxxxxxxxxxxxxxxxxxxxxxxxxxxxxxxxxxxxxxxxxxxxxxxxxxxxxxxxxxxxxxxxxxxxxxxxxxxxxxxxxxxxxxxxxxxxxxxxxxxxxxxxxxxxxxxxxxxxxxxxxxxxxxxxxxxxxxxxxxxxxxxxxxxxxxxxxxxxxxxxxxxxxxxxxxxxxxxxxxxxxxxxxxxxxx"
ts=1736110265 level=info service=database host=host-04.example trace_id=trace-behavior-00015606 msg="event_id=behavior-15606 step=8"
ts=1736110604 level=info service=database host=host-04.example trace_id=trace-behavior-00015620 msg="event_id=behavior-15620 step=0"
ts=1736111281 level=info service=database host=host-04.example trace_id=trace-behavior-00015648 msg="event_id=behavior-15648 step=6"
ts=1736111378 level=info service=database host=host-04.example trace_id=trace-behavior-00015652 msg="event_id=behavior-15652 step=10"
ts=1736112007 level=info service=database host=host-04.example trace_id=trace-behavior-00015678 msg="event_id=behavior-15678 step=3"
ts=1736112079 level=info service=database host=host-04.example trace_id=trace-behavior-00015681 msg="event_id=behavior-15681 step=6"
ts=1736112128 level=info service=database host=host-04.example trace_id=trace-behavior-00015683 msg="event_id=behavior-15683 step=8"
ts=1736112249 level=info service=database host=host-04.example trace_id=trace-behavior-00015688 msg="event_id=behavior-15688 step=2"
ts=1736113144 level=info service=database host=host-04.example trace_id=trace-behavior-00015725 msg="event_id=behavior-15725 step=6"
ts=1736113241 level=info service=database host=host-04.example trace_id=trace-behavior-00015729 msg="event_id=behavior-15729 step=10"
ts=1736113507 level=info service=database host=host-04.example trace_id=trace-behavior-00015740 msg="event_id=behavior-15740 step=10"
ts=1736113652 level=info service=database host=host-04.example trace_id=trace-behavior-00015746 msg="event_id=behavior-15746 step=5"
ts=1736113821 level=info service=database host=host-04.example trace_id=trace-behavior-00015753 msg="event_id=behavior-15753 step=1"
ts=1736114112 level=info service=database host=host-04.example trace_id=trace-behavior-00015765 msg="event_id=behavior-15765 step=2"
ts=1736114208 level=info service=database host=host-04.example trace_id=trace-behavior-00015769 msg="event_id=behavior-15769 step=6"
ts=1736114329 level=info service=database host=host-04.example trace_id=trace-behavior-00015774 msg="event_id=behavior-15774 step=0"
ts=1736114378 level=info service=database host=host-04.example trace_id=trace-behavior-00015776 msg="event_id=behavior-15776 step=2"
ts=1736114813 level=info service=database host=host-04.example trace_id=trace-behavior-00015794 msg="event_id=behavior-15794 step=9"
ts=1736114886 level=info service=database host=host-04.example trace_id=trace-behavior-00015797 msg="event_id=behavior-15797 step=1"
ts=1736115031 level=info service=database host=host-04.example trace_id=trace-behavior-00015803 msg="event_id=behavior-15803 LONG_JSON_SENTINEL payload=xxxxxxxxxxxxxxxxxxxxxxxxxxxxxxxxxxxxxxxxxxxxxxxxxxxxxxxxxxxxxxxxxxxxxxxxxxxxxxxxxxxxxxxxxxxxxxxxxxxxxxxxxxxxxxxxxxxxxxxxxxxxxxxxxxxxxxxxxxxxxxxxxxxxxxxxxxxxxxxxxxxxxxxxxxxxxxxxxxxxxxxxxxxxxxxxxxxxxxxxxxxxxxxxxxxxxxxxxxxxxxxxxxxxxxxxxxxxxxxxxxxxxxxxxxxxxxxxxxxxxxxxxxxxxxxxxxxxxxxxxxxxxxxxxxxxxxxxxxxxxxxxxxxxxxxxxxxxxxxxxxxxxxxxxxxxxxxxxxxxxxxxxxxxxxxxxxxxxxxxxxxxxxxxxxxxxxxxxxxxxxxxxxxxxxxxxxxxxxxxxxx"
ts=1736115345 level=info service=database host=host-04.example trace_id=trace-behavior-00015816 msg="event_id=behavior-15816 step=9"
ts=1736115418 level=info service=database host=host-04.example trace_id=trace-behavior-00015819 msg="event_id=behavior-15819 step=1"
ts=1736115587 level=info service=database host=host-04.example trace_id=trace-behavior-00015826 msg="event_id=behavior-15826 step=8"
ts=1736115660 level=info service=database host=host-04.example trace_id=trace-behavior-00015829 msg="event_id=behavior-15829 step=0"
ts=1736115757 level=info service=database host=host-04.example trace_id=trace-behavior-00015833 msg="event_id=behavior-15833 step=4"
ts=1736116120 level=info service=database host=host-04.example trace_id=trace-behavior-00015848 msg="event_id=behavior-15848 step=8"
ts=1736116652 level=info service=database host=host-04.example trace_id=trace-behavior-00015870 msg="event_id=behavior-15870 step=8"
ts=1736116821 level=info service=database host=host-04.example trace_id=trace-behavior-00015877 msg="event_id=behavior-15877 step=4"
ts=1736116918 level=info service=database host=host-04.example trace_id=trace-behavior-00015881 msg="event_id=behavior-15881 step=8"
ts=1736117063 level=info service=database host=host-04.example trace_id=trace-behavior-00015887 msg="event_id=behavior-15887 step=3"
ts=1736117087 level=info service=database host=host-04.example trace_id=trace-behavior-00015888 msg="event_id=behavior-15888 step=4"
ts=1736117136 level=info service=database host=host-04.example trace_id=trace-behavior-00015890 msg="event_id=behavior-15890 step=6"
ts=1736117208 level=info service=database host=host-04.example trace_id=trace-behavior-00015893 msg="event_id=behavior-15893 step=9"
ts=1736117402 level=info service=database host=host-04.example trace_id=trace-behavior-00015901 msg="event_id=behavior-15901 LONG_JSON_SENTINEL payload=xxxxxxxxxxxxxxxxxxxxxxxxxxxxxxxxxxxxxxxxxxxxxxxxxxxxxxxxxxxxxxxxxxxxxxxxxxxxxxxxxxxxxxxxxxxxxxxxxxxxxxxxxxxxxxxxxxxxxxxxxxxxxxxxxxxxxxxxxxxxxxxxxxxxxxxxxxxxxxxxxxxxxxxxxxxxxxxxxxxxxxxxxxxxxxxxxxxxxxxxxxxxxxxxxxxxxxxxxxxxxxxxxxxxxxxxxxxxxxxxxxxxxxxxxxxxxxxxxxxxxxxxxxxxxxxxxxxxxxxxxxxxxxxxxxxxxxxxxxxxxxxxxxxxxxxxxxxxxxxxxxxxxxxxxxxxxxxxxxxxxxxxxxxxxxxxxxxxxxxxxxxxxxxxxxxxxxxxxxxxxxxxxxxxxxxxxxxxxxxxxxxxxxxxxxxxxxxxxxxxxxxxxxxxxxxxxxxxxxxxxxxxxxxxxxxxxxxxxxxxxxxxxxxxxxxxxxxxxxxxxxxxxxxxxxxxxxxxxxxxx"
ts=1736117668 level=info service=database host=host-04.example trace_id=trace-behavior-00015912 msg="event_id=behavior-15912 step=6"
ts=1736118539 level=info service=database host=host-04.example trace_id=trace-behavior-00015948 msg="event_id=behavior-15948 step=9"
ts=1736118853 level=debug service=database host=host-04.example trace_id=trace-behavior-00015961 msg="event_id=behavior-15961 step=0"
ts=1736118950 level=info service=database host=host-04.example trace_id=trace-behavior-00015965 msg="event_id=behavior-15965 step=4"
ts=1736118974 level=info service=database host=host-04.example trace_id=trace-behavior-00015966 msg="event_id=behavior-15966 step=5"
ts=1736119579 level=info service=database host=host-04.example trace_id=trace-behavior-00015991 msg="event_id=behavior-15991 step=8"
ts=1736119652 level=info service=database host=host-04.example trace_id=trace-behavior-00015994 msg="event_id=behavior-15994 step=0"
ts=1736119749 level=info service=database host=host-04.example trace_id=trace-behavior-00015998 msg="event_id=behavior-15998 step=4"
ts=1736119773 level=info service=database host=host-04.example trace_id=trace-behavior-00015999 msg="event_id=behavior-15999 step=5"
ts=1736139241 level=info service=database host=host-04.example trace_id=trace-behavior-00016800 msg="event_id=behavior-16800 STACK_TRACE_SENTINEL failure in handler\n    at lab_module_handler(file=example_rs line=40)\n    at lab_module_dispatch(file=example_rs line=10)\nCaused by: simulated timeout after 700ms"
ts=1736139411 level=info service=database host=host-04.example trace_id=trace-behavior-00016807 msg="event_id=behavior-16807 step=10"
ts=1736139580 level=info service=database host=host-04.example trace_id=trace-behavior-00016814 msg="event_id=behavior-16814 step=6"
ts=1736139653 level=info service=database host=host-04.example trace_id=trace-behavior-00016817 msg="event_id=behavior-16817 step=9"
ts=1736139943 level=info service=database host=host-04.example trace_id=trace-behavior-00016829 msg="event_id=behavior-16829 step=10"
ts=1736140016 level=info service=database host=host-04.example trace_id=trace-behavior-00016832 msg="event_id=behavior-16832 step=2"
ts=1736140112 level=info service=database host=host-04.example trace_id=trace-behavior-00016836 msg="event_id=behavior-16836 step=6"
ts=1736140790 level=info service=database host=host-04.example trace_id=trace-behavior-00016864 msg="event_id=behavior-16864 step=1"
ts=1736141588 level=info service=database host=host-04.example trace_id=trace-behavior-00016897 msg="event_id=behavior-16897 step=1"
ts=1736141709 level=info service=database host=host-04.example trace_id=trace-behavior-00016902 msg="event_id=behavior-16902 STACK_TRACE_SENTINEL failure in handler\n    at lab_module_handler(file=example_rs line=42)\n    at lab_module_dispatch(file=example_rs line=12)\nCaused by: simulated timeout after 802ms"
ts=1736141927 level=info service=database host=host-04.example trace_id=trace-behavior-00016911 msg="event_id=behavior-16911 step=4"
ts=1736141951 level=info service=database host=host-04.example trace_id=trace-behavior-00016912 msg="event_id=behavior-16912 step=5"
ts=1736142145 level=info service=database host=host-04.example trace_id=trace-behavior-00016920 msg="event_id=behavior-16920 step=2"
ts=1736142386 level=info service=database host=host-04.example trace_id=trace-behavior-00016930 msg="event_id=behavior-16930 step=1"
ts=1736142411 level=info service=database host=host-04.example trace_id=trace-behavior-00016931 msg="event_id=behavior-16931 step=2"
ts=1736142435 level=info service=database host=host-04.example trace_id=trace-behavior-00016932 msg="event_id=behavior-16932 step=3"
ts=1736142580 level=info service=database host=host-04.example trace_id=trace-behavior-00016938 msg="event_id=behavior-16938 step=9"
ts=1736143136 level=info service=database host=host-04.example trace_id=trace-behavior-00016961 msg="event_id=behavior-16961 step=10"
ts=1736143161 level=info service=database host=host-04.example trace_id=trace-behavior-00016962 msg="event_id=behavior-16962 step=0"
ts=1736143233 level=info service=database host=host-04.example trace_id=trace-behavior-00016965 msg="event_id=behavior-16965 step=3"
ts=1736143427 level=info service=database host=host-04.example trace_id=trace-behavior-00016973 msg="event_id=behavior-16973 step=0"
ts=1736143790 level=info service=database host=host-04.example trace_id=trace-behavior-00016988 msg="event_id=behavior-16988 step=4"
ts=1736143959 level=info service=database host=host-04.example trace_id=trace-behavior-00016995 msg="event_id=behavior-16995 step=0"
ts=1736144225 level=info service=database host=host-04.example trace_id=trace-behavior-00017006 msg="event_id=behavior-17006 step=0"
ts=1736144322 level=info service=database host=host-04.example trace_id=trace-behavior-00017010 msg="event_id=behavior-17010 step=4"
ts=1736144346 level=info service=database host=host-04.example trace_id=trace-behavior-00017011 msg="event_id=behavior-17011 step=5"
ts=1736145023 level=info service=database host=host-04.example trace_id=trace-behavior-00017039 msg="event_id=behavior-17039 step=0"
ts=1736145096 level=info service=database host=host-04.example trace_id=trace-behavior-00017042 msg="event_id=behavior-17042 step=3"
ts=1736145362 level=info service=database host=host-04.example trace_id=trace-behavior-00017053 msg="event_id=behavior-17053 step=3"
ts=1736145532 level=info service=database host=host-04.example trace_id=trace-behavior-00017060 msg="event_id=behavior-17060 step=10"
ts=1736146088 level=info service=database host=host-04.example trace_id=trace-behavior-00017083 msg="event_id=behavior-17083 step=0"
ts=1736146112 level=info service=database host=host-04.example trace_id=trace-behavior-00017084 msg="event_id=behavior-17084 step=1"
ts=1736146136 level=info service=database host=host-04.example trace_id=trace-behavior-00017085 msg="event_id=behavior-17085 step=2"
ts=1736146282 level=error service=database host=host-04.example trace_id=trace-behavior-00017091 msg="event_id=behavior-17091 step=8"
ts=1736146886 level=info service=database host=host-04.example trace_id=trace-behavior-00017116 msg="event_id=behavior-17116 step=0"
ts=1736146911 level=info service=database host=host-04.example trace_id=trace-behavior-00017117 msg="event_id=behavior-17117 step=1"
ts=1736146935 level=info service=database host=host-04.example trace_id=trace-behavior-00017118 msg="event_id=behavior-17118 step=2"
ts=1736147273 level=info service=database host=host-04.example trace_id=trace-behavior-00017132 msg="event_id=behavior-17132 step=5"
ts=1736147467 level=info service=database host=host-04.example trace_id=trace-behavior-00017140 msg="event_id=behavior-17140 step=2"
ts=1736147661 level=info service=database host=host-04.example trace_id=trace-behavior-00017148 msg="event_id=behavior-17148 step=10"
ts=1736148338 level=info service=database host=host-04.example trace_id=trace-behavior-00017176 msg="event_id=behavior-17176 step=5"
ts=1736148362 level=info service=database host=host-04.example trace_id=trace-behavior-00017177 msg="event_id=behavior-17177 step=6"
ts=1736148894 level=info service=database host=host-04.example trace_id=trace-behavior-00017199 msg="event_id=behavior-17199 step=6"
ts=1736149136 level=info service=database host=host-04.example trace_id=trace-behavior-00017209 msg="event_id=behavior-17209 step=5"
ts=1736149160 level=info service=database host=host-04.example trace_id=trace-behavior-00017210 msg="event_id=behavior-17210 step=6"
ts=1736149209 level=info service=database host=host-04.example trace_id=trace-behavior-00017212 msg="event_id=behavior-17212 step=8"
ts=1736149233 level=info service=database host=host-04.example trace_id=trace-behavior-00017213 msg="event_id=behavior-17213 step=9"
ts=1736149330 level=info service=database host=host-04.example trace_id=trace-behavior-00017217 msg="event_id=behavior-17217 step=2"
ts=1736149451 level=info service=database host=host-04.example trace_id=trace-behavior-00017222 msg="event_id=behavior-17222 step=7"
ts=1736149499 level=info service=database host=host-04.example trace_id=trace-behavior-00017224 msg="event_id=behavior-17224 step=9"
ts=1736149548 level=info service=database host=host-04.example trace_id=trace-behavior-00017226 msg="event_id=behavior-17226 step=0"
ts=1736149693 level=info service=database host=host-04.example trace_id=trace-behavior-00017232 msg="event_id=behavior-17232 step=6"
ts=1736149838 level=info service=database host=host-04.example trace_id=trace-behavior-00017238 msg="event_id=behavior-17238 step=1"
ts=1736150080 level=debug service=database host=host-04.example trace_id=trace-behavior-00017248 msg="event_id=behavior-17248 step=0"
ts=1736150539 level=info service=database host=host-04.example trace_id=trace-behavior-00017267 msg="event_id=behavior-17267 step=8"
ts=1736150660 level=info service=database host=host-04.example trace_id=trace-behavior-00017272 msg="event_id=behavior-17272 step=2"
ts=1736150733 level=info service=database host=host-04.example trace_id=trace-behavior-00017275 msg="event_id=behavior-17275 step=5"
ts=1736150830 level=info service=database host=host-04.example trace_id=trace-behavior-00017279 msg="event_id=behavior-17279 step=9"
ts=1736151289 level=info service=database host=host-04.example trace_id=trace-behavior-00017298 msg="event_id=behavior-17298 step=6"
ts=1736151628 level=info service=database host=host-04.example trace_id=trace-behavior-00017312 msg="event_id=behavior-17312 step=9"
ts=1736151846 level=debug service=database host=host-04.example trace_id=trace-behavior-00017321 msg="event_id=behavior-17321 step=7"
ts=1736151967 level=info service=database host=host-04.example trace_id=trace-behavior-00017326 msg="event_id=behavior-17326 step=1"
ts=1736152136 level=info service=database host=host-04.example trace_id=trace-behavior-00017333 msg="event_id=behavior-17333 step=8"
ts=1736152209 level=info service=database host=host-04.example trace_id=trace-behavior-00017336 msg="event_id=behavior-17336 step=0"
ts=1736152547 level=info service=database host=host-04.example trace_id=trace-behavior-00017350 msg="event_id=behavior-17350 step=3"
ts=1736153297 level=info service=database host=host-04.example trace_id=trace-behavior-00017381 msg="event_id=behavior-17381 step=1"
ts=1736153443 level=info service=database host=host-04.example trace_id=trace-behavior-00017387 msg="event_id=behavior-17387 step=7"
ts=1736153685 level=info service=database host=host-04.example trace_id=trace-behavior-00017397 msg="event_id=behavior-17397 step=6"
ts=1736153806 level=info service=database host=host-04.example trace_id=trace-behavior-00017402 msg="event_id=behavior-17402 LONG_JSON_SENTINEL payload=xxxxxxxxxxxxxxxxxxxxxxxxxxxxxxxxxxxxxxxxxxxxxxxxxxxxxxxxxxxxxxxxxxxxxxxxxxxxxxxxxxxxxxxxxxxxxxxxxxxxxxxxxxxxxxxxxxxxxxxxxxxxxxxxxxxxxxxxxxxxxxxxxxxxxxxxxxxxxxxxxxxxxxxxxxxxxxxxxxxxxxxxxxxxxxxxxxxxxxxxxxxxxxxxxxxxxxxxxxxxxxxxxxxxxxxxxxxxxxxxxxxxxxxxxxxxxxxxxxxxxxxxxxxxxxxxxxxxxxxxxxxxxxxxxxxxxxxxxxxxxxxxxxxxxxxxxxxxxxxxxxxxxxxxxxxxxxxxxxxxxxxxxxxxxxxxxxxxxxxxxxxxxxxxxxxxxxxxxxxxxxxxxxxxxxxxxxxxxxxxxx"
ts=1736153951 level=info service=database host=host-04.example trace_id=trace-behavior-00017408 msg="event_id=behavior-17408 step=6"
ts=1736154265 level=info service=database host=host-04.example trace_id=trace-behavior-00017421 msg="event_id=behavior-17421 step=8"
ts=1736154289 level=info service=database host=host-04.example trace_id=trace-behavior-00017422 msg="event_id=behavior-17422 step=9"
ts=1736154604 level=info service=database host=host-04.example trace_id=trace-behavior-00017435 msg="event_id=behavior-17435 step=0"
ts=1736154918 level=info service=database host=host-04.example trace_id=trace-behavior-00017448 msg="event_id=behavior-17448 step=2"
ts=1736154967 level=info service=database host=host-04.example trace_id=trace-behavior-00017450 msg="event_id=behavior-17450 step=4"
ts=1736155039 level=info service=database host=host-04.example trace_id=trace-behavior-00017453 msg="event_id=behavior-17453 step=7"
ts=1736155136 level=info service=database host=host-04.example trace_id=trace-behavior-00017457 msg="event_id=behavior-17457 step=0"
ts=1736155257 level=info service=database host=host-04.example trace_id=trace-behavior-00017462 msg="event_id=behavior-17462 step=5"
ts=1736155402 level=info service=database host=host-04.example trace_id=trace-behavior-00017468 msg="event_id=behavior-17468 step=0"
ts=1736155693 level=info service=database host=host-04.example trace_id=trace-behavior-00017480 msg="event_id=behavior-17480 step=1"
ts=1736155814 level=info service=database host=host-04.example trace_id=trace-behavior-00017485 msg="event_id=behavior-17485 step=6"
ts=1736156128 level=info service=database host=host-04.example trace_id=trace-behavior-00017498 msg="event_id=behavior-17498 step=8"
ts=1736156176 level=info service=database host=host-04.example trace_id=trace-behavior-00017500 msg="event_id=behavior-17500 LONG_JSON_SENTINEL payload=xxxxxxxxxxxxxxxxxxxxxxxxxxxxxxxxxxxxxxxxxxxxxxxxxxxxxxxxxxxxxxxxxxxxxxxxxxxxxxxxxxxxxxxxxxxxxxxxxxxxxxxxxxxxxxxxxxxxxxxxxxxxxxxxxxxxxxxxxxxxxxxxxxxxxxxxxxxxxxxxxxxxxxxxxxxxxxxxxxxxxxxxxxxxxxxxxxxxxxxxxxxxxxxxxxxxxxxxxxxxxxxxxxxxxxxxxxxxxxxxxxxxxxxxxxxxxxxxxxxxxxxxxxxxxxxxxxxxxxxxxxxxxxxxxxxxxxxxxxxxxxxxxxxxxxxxxxxxxxxxxxxxxxxxxxxxxxxxxxxxxxxxxxxxxxxxxxxxxxxxxxxxxxxxxxxxxxxxxxxxxxxxxxxxxxxxxxxxxxxxxxxxxxxxxxxxxxxxxxxxxxxxxxxxxxxxxxxxxxxxxxxxxxxxxxxxxxxxxxxxxxxxxxxxxxxxxxxxxxxxxxxxxxxxxxxxxxxxxxxx"
ts=1736156273 level=info service=database host=host-04.example trace_id=trace-behavior-00017504 msg="event_id=behavior-17504 step=3"
ts=1736156297 level=info service=database host=host-04.example trace_id=trace-behavior-00017505 msg="event_id=behavior-17505 step=4"
ts=1736156588 level=info service=database host=host-04.example trace_id=trace-behavior-00017517 msg="event_id=behavior-17517 step=5"
ts=1736156612 level=info service=database host=host-04.example trace_id=trace-behavior-00017518 msg="event_id=behavior-17518 step=6"
ts=1736156660 level=info service=database host=host-04.example trace_id=trace-behavior-00017520 msg="event_id=behavior-17520 step=8"
ts=1736156757 level=info service=database host=host-04.example trace_id=trace-behavior-00017524 msg="event_id=behavior-17524 step=1"
ts=1736158257 level=info service=database host=host-04.example trace_id=trace-behavior-00017586 msg="event_id=behavior-17586 step=8"
ts=1736158693 level=info service=database host=host-04.example trace_id=trace-behavior-00017604 msg="event_id=behavior-17604 step=4"
ts=1736158862 level=info service=database host=host-04.example trace_id=trace-behavior-00017611 msg="event_id=behavior-17611 step=0"
ts=1736158959 level=info service=database host=host-04.example trace_id=trace-behavior-00017615 msg="event_id=behavior-17615 step=4"
ts=1736159515 level=info service=database host=host-04.example trace_id=trace-behavior-00017638 msg="event_id=behavior-17638 step=5"
ts=1736159563 level=info service=database host=host-04.example trace_id=trace-behavior-00017640 msg="event_id=behavior-17640 step=7"
ts=1736159612 level=info service=database host=host-04.example trace_id=trace-behavior-00017642 msg="event_id=behavior-17642 step=9"
ts=1736159733 level=info service=database host=host-04.example trace_id=trace-behavior-00017647 msg="event_id=behavior-17647 step=3"
ts=1736159757 level=info service=database host=host-04.example trace_id=trace-behavior-00017648 msg="event_id=behavior-17648 step=4"
ts=1736159975 level=info service=database host=host-04.example trace_id=trace-behavior-00017657 msg="event_id=behavior-17657 step=2"
ts=1736160023 level=info service=database host=host-04.example trace_id=trace-behavior-00017659 msg="event_id=behavior-17659 step=4"
ts=1736160434 level=info service=database host=host-04.example trace_id=trace-behavior-00017676 msg="event_id=behavior-17676 step=10"
ts=1736160580 level=info service=database host=host-04.example trace_id=trace-behavior-00017682 msg="event_id=behavior-17682 step=5"
ts=1736160701 level=info service=database host=host-04.example trace_id=trace-behavior-00017687 msg="event_id=behavior-17687 step=10"
ts=1736161039 level=info service=database host=host-04.example trace_id=trace-behavior-00017701 msg="event_id=behavior-17701 LONG_JSON_SENTINEL payload=xxxxxxxxxxxxxxxxxxxxxxxxxxxxxxxxxxxxxxxxxxxxxxxxxxxxxxxxxxxxxxxxxxxxxxxxxxxxxxxxxxxxxxxxxxxxxxxxxxxxxxxxxxxxxxxxxxxxxxxxxxxxxxxxxxxxxxxxxxxxxxxxxxxxxxxxxxxxxxxxxxxxxxxxxxxxxxxxxxxxxxxxxxxxxxxxxxxxxxxxxxxxxxxxxxxxxxxxxxxxxxxxxxxxxxxxxxxxxxxxxxxxxxxxxxxxxxxxxxxxxxxxxxxxxxxxxxxxxxxxxxxxxxxxxxxxxxxxxxxxxxxxxxxxxxxxxxxxxxxxxxxxxxxxxxxxxxxxxxxxxxxxxxxxxxxxxxxxxxxxxxxxxxxxxxxxxxxxxxxxxxxxxxxxxxxxxxxxxxxxxxxxxxxxxxxxxxxxxxxxxxxxxxxxxxxxxxxxxxxxxxxxxxxxxxxxxxxxxxxxxxxxxxxxxxxxxxxxxxxxxxxxxxxxxxxxxxxxxxxxx"
ts=1736161112 level=info service=database host=host-04.example trace_id=trace-behavior-00017704 msg="event_id=behavior-17704 step=5"
ts=1736161257 level=info service=database host=host-04.example trace_id=trace-behavior-00017710 msg="event_id=behavior-17710 step=0"
ts=1736161330 level=info service=database host=host-04.example trace_id=trace-behavior-00017713 msg="event_id=behavior-17713 step=3"
ts=1736161378 level=info service=database host=host-04.example trace_id=trace-behavior-00017715 msg="event_id=behavior-17715 step=5"
ts=1736161644 level=info service=database host=host-04.example trace_id=trace-behavior-00017726 msg="event_id=behavior-17726 step=5"
ts=1736161717 level=info service=database host=host-04.example trace_id=trace-behavior-00017729 msg="event_id=behavior-17729 step=8"
ts=1736161789 level=info service=database host=host-04.example trace_id=trace-behavior-00017732 msg="event_id=behavior-17732 step=0"
ts=1736161838 level=info service=database host=host-04.example trace_id=trace-behavior-00017734 msg="event_id=behavior-17734 step=2"
ts=1736162031 level=info service=database host=host-04.example trace_id=trace-behavior-00017742 msg="event_id=behavior-17742 step=10"
ts=1736162080 level=info service=database host=host-04.example trace_id=trace-behavior-00017744 msg="event_id=behavior-17744 step=1 UTF8_café_λ"
ts=1736162321 level=info service=database host=host-04.example trace_id=trace-behavior-00017754 msg="event_id=behavior-17754 step=0"
ts=1736162418 level=info service=database host=host-04.example trace_id=trace-behavior-00017758 msg="event_id=behavior-17758 step=4"
ts=1736162781 level=info service=database host=host-04.example trace_id=trace-behavior-00017773 msg="event_id=behavior-17773 step=8"
ts=1736163410 level=info service=database host=host-04.example trace_id=trace-behavior-00017799 msg="event_id=behavior-17799 step=1"
ts=1736163434 level=info service=database host=host-04.example trace_id=trace-behavior-00017800 msg="event_id=behavior-17800 LONG_JSON_SENTINEL payload=xxxxxxxxxxxxxxxxxxxxxxxxxxxxxxxxxxxxxxxxxxxxxxxxxxxxxxxxxxxxxxxxxxxxxxxxxxxxxxxxxxxxxxxxxxxxxxxxxxxxxxxxxxxxxxxxxxxxxxxxxxxxxxxxxxxxxxxxxxxxxxxxxxxxxxxxxxxxxxxxxxxxxxxxxxxxxxxxxxxxxxxxxxxxxxxxxxxxxxxxxxxxxxxxxxxxxxxxxxxxxxxxxxxxxxxxxxxxxxxxxxxxxxxxxxxxxxxxxxxxxxxxxxxxxxxxxxxxxxxxxxxxxxxxxxxxxxxxxxxxxxxxxxxxxxxxxxxxxxxxxxxxxxxxxxxxxxxxxxxxxxxxxxxxxxxxxxxxxxxxxxxxxxxxxxxxxxxxxxxxxxxxxxxxxxxxxxxxxxxx"
ts=1736163483 level=info service=database host=host-04.example trace_id=trace-behavior-00017802 msg="event_id=behavior-17802 STACK_TRACE_SENTINEL failure in handler\n    at lab_module_handler(file=example_rs line=42)\n    at lab_module_dispatch(file=example_rs line=12)\nCaused by: simulated timeout after 802ms"
ts=1736163579 level=info service=database host=host-04.example trace_id=trace-behavior-00017806 msg="event_id=behavior-17806 step=8"
ts=1736163773 level=info service=database host=host-04.example trace_id=trace-behavior-00017814 msg="event_id=behavior-17814 step=5"
ts=1736164088 level=info service=database host=host-04.example trace_id=trace-behavior-00017827 msg="event_id=behavior-17827 step=7"
ts=1736164112 level=info service=database host=host-04.example trace_id=trace-behavior-00017828 msg="event_id=behavior-17828 step=8"
ts=1736164209 level=info service=database host=host-04.example trace_id=trace-behavior-00017832 msg="event_id=behavior-17832 step=1"
ts=1736164450 level=info service=database host=host-04.example trace_id=trace-behavior-00017842 msg="event_id=behavior-17842 step=0"
ts=1736165128 level=info service=database host=host-04.example trace_id=trace-behavior-00017870 msg="event_id=behavior-17870 step=6"
ts=1736165273 level=info service=database host=host-04.example trace_id=trace-behavior-00017876 msg="event_id=behavior-17876 step=1"
ts=1736165684 level=info service=database host=host-04.example trace_id=trace-behavior-00017893 msg="event_id=behavior-17893 step=7"
ts=1736166434 level=info service=database host=host-04.example trace_id=trace-behavior-00017924 msg="event_id=behavior-17924 step=5"
ts=1736166579 level=info service=database host=host-04.example trace_id=trace-behavior-00017930 msg="event_id=behavior-17930 step=0"
ts=1736166894 level=info service=database host=host-04.example trace_id=trace-behavior-00017943 msg="event_id=behavior-17943 step=2"
ts=1736166991 level=info service=database host=host-04.example trace_id=trace-behavior-00017947 msg="event_id=behavior-17947 step=6"
ts=1736167063 level=info service=database host=host-04.example trace_id=trace-behavior-00017950 msg="event_id=behavior-17950 step=9"
ts=1736167934 level=info service=database host=host-04.example trace_id=trace-behavior-00017986 msg="event_id=behavior-17986 step=1"
ts=1736167983 level=debug service=database host=host-04.example trace_id=trace-behavior-00017988 msg="event_id=behavior-17988 step=3"
ts=1736168128 level=info service=database host=host-04.example trace_id=trace-behavior-00017994 msg="event_id=behavior-17994 step=9"
ts=1736168200 level=info service=database host=host-04.example trace_id=trace-behavior-00017997 msg="event_id=behavior-17997 step=1"
ts=1736168273 level=debug service=database host=host-04.example trace_id=trace-behavior-00018000 msg="event_id=behavior-18000 STACK_TRACE_SENTINEL failure in handler\n    at lab_module_handler(file=example_rs line=40)\n    at lab_module_dispatch(file=example_rs line=10)\nCaused by: simulated timeout after 100ms"
ts=1736168466 level=info service=database host=host-04.example trace_id=trace-behavior-00018008 msg="event_id=behavior-18008 step=1"
ts=1736168563 level=info service=database host=host-04.example trace_id=trace-behavior-00018012 msg="event_id=behavior-18012 step=5"
ts=1736168708 level=info service=database host=host-04.example trace_id=trace-behavior-00018018 msg="event_id=behavior-18018 step=0"
ts=1736168829 level=info service=database host=host-04.example trace_id=trace-behavior-00018023 msg="event_id=behavior-18023 step=5"
ts=1736168950 level=info service=database host=host-04.example trace_id=trace-behavior-00018028 msg="event_id=behavior-18028 step=10"
ts=1736169023 level=debug service=database host=host-04.example trace_id=trace-behavior-00018031 msg="event_id=behavior-18031 step=2"
ts=1736169192 level=info service=database host=host-04.example trace_id=trace-behavior-00018038 msg="event_id=behavior-18038 step=9"
ts=1736169362 level=info service=database host=host-04.example trace_id=trace-behavior-00018045 msg="event_id=behavior-18045 step=5"
ts=1736169894 level=info service=database host=host-04.example trace_id=trace-behavior-00018067 msg="event_id=behavior-18067 step=5"
ts=1736169918 level=info service=database host=host-04.example trace_id=trace-behavior-00018068 msg="event_id=behavior-18068 step=6"
ts=1736170112 level=debug service=database host=host-04.example trace_id=trace-behavior-00018076 msg="event_id=behavior-18076 step=3"
ts=1736170160 level=info service=database host=host-04.example trace_id=trace-behavior-00018078 msg="event_id=behavior-18078 step=5"
ts=1736170499 level=info service=database host=host-04.example trace_id=trace-behavior-00018092 msg="event_id=behavior-18092 step=8"
ts=1736170741 level=info service=database host=host-04.example trace_id=trace-behavior-00018102 msg="event_id=behavior-18102 STACK_TRACE_SENTINEL failure in handler\n    at lab_module_handler(file=example_rs line=42)\n    at lab_module_dispatch(file=example_rs line=12)\nCaused by: simulated timeout after 202ms"
ts=1736171878 level=info service=database host=host-04.example trace_id=trace-behavior-00018149 msg="event_id=behavior-18149 step=10"
ts=1736171902 level=debug service=database host=host-04.example trace_id=trace-behavior-00018150 msg="event_id=behavior-18150 step=0"
ts=1736171926 level=info service=database host=host-04.example trace_id=trace-behavior-00018151 msg="event_id=behavior-18151 step=1"
ts=1736171974 level=info service=database host=host-04.example trace_id=trace-behavior-00018153 msg="event_id=behavior-18153 step=3"
ts=1736172047 level=info service=database host=host-04.example trace_id=trace-behavior-00018156 msg="event_id=behavior-18156 step=6"
ts=1736172144 level=info service=database host=host-04.example trace_id=trace-behavior-00018160 msg="event_id=behavior-18160 step=10"
ts=1736172313 level=info service=database host=host-04.example trace_id=trace-behavior-00018167 msg="event_id=behavior-18167 step=6"
ts=1736172555 level=info service=database host=host-04.example trace_id=trace-behavior-00018177 msg="event_id=behavior-18177 step=5"
ts=1736172628 level=info service=database host=host-04.example trace_id=trace-behavior-00018180 msg="event_id=behavior-18180 step=8"
ts=1736172700 level=info service=database host=host-04.example trace_id=trace-behavior-00018183 msg="event_id=behavior-18183 step=0"
ts=1736172749 level=info service=database host=host-04.example trace_id=trace-behavior-00018185 msg="event_id=behavior-18185 step=2"
ts=1736172942 level=info service=database host=host-04.example trace_id=trace-behavior-00018193 msg="event_id=behavior-18193 step=10"
ts=1736173039 level=info service=database host=host-04.example trace_id=trace-behavior-00018197 msg="event_id=behavior-18197 step=3"
ts=1736173571 level=info service=database host=host-04.example trace_id=trace-behavior-00018219 msg="event_id=behavior-18219 step=3"
ts=1736173644 level=info service=database host=host-04.example trace_id=trace-behavior-00018222 msg="event_id=behavior-18222 step=6"
ts=1736173861 level=info service=database host=host-04.example trace_id=trace-behavior-00018231 msg="event_id=behavior-18231 step=4"
ts=1736174224 level=info service=database host=host-04.example trace_id=trace-behavior-00018246 msg="event_id=behavior-18246 step=8"
ts=1736174442 level=info service=database host=host-04.example trace_id=trace-behavior-00018255 msg="event_id=behavior-18255 step=6"
ts=1736175240 level=info service=database host=host-04.example trace_id=trace-behavior-00018288 msg="event_id=behavior-18288 step=6"
ts=1736175773 level=info service=database host=host-04.example trace_id=trace-behavior-00018310 msg="event_id=behavior-18310 step=6"
ts=1736175797 level=info service=database host=host-04.example trace_id=trace-behavior-00018311 msg="event_id=behavior-18311 step=7"
ts=1736176136 level=info service=database host=host-04.example trace_id=trace-behavior-00018325 msg="event_id=behavior-18325 step=10"
ts=1736176353 level=info service=database host=host-04.example trace_id=trace-behavior-00018334 msg="event_id=behavior-18334 step=8"
ts=1736176716 level=info service=database host=host-04.example trace_id=trace-behavior-00018349 msg="event_id=behavior-18349 step=1"
ts=1736176934 level=debug service=database host=host-04.example trace_id=trace-behavior-00018358 msg="event_id=behavior-18358 step=10"
ts=1736177587 level=info service=database host=host-04.example trace_id=trace-behavior-00018385 msg="event_id=behavior-18385 step=4"
ts=1736177684 level=info service=database host=host-04.example trace_id=trace-behavior-00018389 msg="event_id=behavior-18389 step=8"
ts=1736178071 level=info service=database host=host-04.example trace_id=trace-behavior-00018405 msg="event_id=behavior-18405 step=2"
ts=1736178821 level=info service=database host=host-04.example trace_id=trace-behavior-00018436 msg="event_id=behavior-18436 step=0"
ts=1736179087 level=info service=database host=host-04.example trace_id=trace-behavior-00018447 msg="event_id=behavior-18447 step=0"
ts=1736179111 level=info service=database host=host-04.example trace_id=trace-behavior-00018448 msg="event_id=behavior-18448 step=1"
ts=1736179450 level=debug service=database host=host-04.example trace_id=trace-behavior-00018462 msg="event_id=behavior-18462 step=4"
ts=1736179982 level=info service=database host=host-04.example trace_id=trace-behavior-00018484 msg="event_id=behavior-18484 step=4"
ts=1736180007 level=info service=database host=host-04.example trace_id=trace-behavior-00018485 msg="event_id=behavior-18485 step=5"
ts=1736180031 level=info service=database host=host-04.example trace_id=trace-behavior-00018486 msg="event_id=behavior-18486 step=6"
ts=1736180176 level=info service=database host=host-04.example trace_id=trace-behavior-00018492 msg="event_id=behavior-18492 step=1"
ts=1736180466 level=info service=database host=host-04.example trace_id=trace-behavior-00018504 msg="event_id=behavior-18504 step=2"
ts=1736180587 level=info service=database host=host-04.example trace_id=trace-behavior-00018509 msg="event_id=behavior-18509 step=7"
ts=1736180732 level=info service=database host=host-04.example trace_id=trace-behavior-00018515 msg="event_id=behavior-18515 step=2"
ts=1736181216 level=info service=database host=host-04.example trace_id=trace-behavior-00018535 msg="event_id=behavior-18535 step=0"
ts=1736182305 level=info service=database host=host-04.example trace_id=trace-behavior-00018580 msg="event_id=behavior-18580 step=1"
ts=1736182329 level=info service=database host=host-04.example trace_id=trace-behavior-00018581 msg="event_id=behavior-18581 step=2"
ts=1736182498 level=info service=database host=host-04.example trace_id=trace-behavior-00018588 msg="event_id=behavior-18588 step=9"
ts=1736182523 level=info service=database host=host-04.example trace_id=trace-behavior-00018589 msg="event_id=behavior-18589 step=10"
ts=1736182668 level=info service=database host=host-04.example trace_id=trace-behavior-00018595 msg="event_id=behavior-18595 step=5"
ts=1736182789 level=info service=database host=host-04.example trace_id=trace-behavior-00018600 msg="event_id=behavior-18600 STACK_TRACE_SENTINEL failure in handler\n    at lab_module_handler(file=example_rs line=40)\n    at lab_module_dispatch(file=example_rs line=10)\nCaused by: simulated timeout after 700ms"
ts=1736182934 level=info service=database host=host-04.example trace_id=trace-behavior-00018606 msg="event_id=behavior-18606 step=5"
ts=1736182958 level=info service=database host=host-04.example trace_id=trace-behavior-00018607 msg="event_id=behavior-18607 step=6"
ts=1736183103 level=info service=database host=host-04.example trace_id=trace-behavior-00018613 msg="event_id=behavior-18613 step=1"
ts=1736183587 level=info service=database host=host-04.example trace_id=trace-behavior-00018633 msg="event_id=behavior-18633 step=10"
ts=1736184361 level=info service=database host=host-04.example trace_id=trace-behavior-00018665 msg="event_id=behavior-18665 step=9"
ts=1736184482 level=info service=database host=host-04.example trace_id=trace-behavior-00018670 msg="event_id=behavior-18670 step=3"
ts=1736184555 level=info service=database host=host-04.example trace_id=trace-behavior-00018673 msg="event_id=behavior-18673 step=6"
ts=1736184724 level=info service=database host=host-04.example trace_id=trace-behavior-00018680 msg="event_id=behavior-18680 step=2"
ts=1736184773 level=info service=database host=host-04.example trace_id=trace-behavior-00018682 msg="event_id=behavior-18682 step=4"
ts=1736184869 level=info service=database host=host-04.example trace_id=trace-behavior-00018686 msg="event_id=behavior-18686 step=8"
ts=1736184966 level=info service=database host=host-04.example trace_id=trace-behavior-00018690 msg="event_id=behavior-18690 step=1"
ts=1736185450 level=info service=database host=host-04.example trace_id=trace-behavior-00018710 msg="event_id=behavior-18710 step=10"
ts=1736185692 level=info service=database host=host-04.example trace_id=trace-behavior-00018720 msg="event_id=behavior-18720 step=9"
ts=1736185789 level=info service=database host=host-04.example trace_id=trace-behavior-00018724 msg="event_id=behavior-18724 step=2"
ts=1736186466 level=info service=database host=host-04.example trace_id=trace-behavior-00018752 msg="event_id=behavior-18752 step=8"
ts=1736186756 level=info service=database host=host-04.example trace_id=trace-behavior-00018764 msg="event_id=behavior-18764 step=9"
ts=1736186829 level=info service=database host=host-04.example trace_id=trace-behavior-00018767 msg="event_id=behavior-18767 step=1"
ts=1736186926 level=debug service=database host=host-04.example trace_id=trace-behavior-00018771 msg="event_id=behavior-18771 step=5"
ts=1736187071 level=info service=database host=host-04.example trace_id=trace-behavior-00018777 msg="event_id=behavior-18777 step=0"
ts=1736187168 level=info service=database host=host-04.example trace_id=trace-behavior-00018781 msg="event_id=behavior-18781 step=4"
ts=1736187385 level=info service=database host=host-04.example trace_id=trace-behavior-00018790 msg="event_id=behavior-18790 step=2"
ts=1736187531 level=info service=database host=host-04.example trace_id=trace-behavior-00018796 msg="event_id=behavior-18796 step=8"
ts=1736187627 level=info service=database host=host-04.example trace_id=trace-behavior-00018800 msg="event_id=behavior-18800 LONG_JSON_SENTINEL payload=xxxxxxxxxxxxxxxxxxxxxxxxxxxxxxxxxxxxxxxxxxxxxxxxxxxxxxxxxxxxxxxxxxxxxxxxxxxxxxxxxxxxxxxxxxxxxxxxxxxxxxxxxxxxxxxxxxxxxxxxxxxxxxxxxxxxxxxxxxxxxxxxxxxxxxxxxxxxxxxxxxxxxxxxxxxxxxxxxxxxxxxxxxxxxxxxxxxxxxxxxxxxxxxxxxxxxxxxxxxxxxxxxxxxxxxxxxxxxxxxxxxxxxxxxxxxxxxxxxxxxxxxxxxxxxxxxxxxxxxxxxxxxxxxxxxxxxxxxxxxxxxxxxxxxxxxxxxxxxxxxxxxxxxxxxxxxxxxxxxxxxxxxxxxxxxxxxxxxxxxxxxxxxxxxxxxxxxxxxxxxxxxxxxxxxxxxxxxxxxx"
ts=1736187651 level=info service=database host=host-04.example trace_id=trace-behavior-00018801 msg="event_id=behavior-18801 STACK_TRACE_SENTINEL failure in handler\n    at lab_module_handler(file=example_rs line=41)\n    at lab_module_dispatch(file=example_rs line=11)\nCaused by: simulated timeout after 901ms"
ts=1736188353 level=info service=database host=host-04.example trace_id=trace-behavior-00018830 msg="event_id=behavior-18830 step=9"
ts=1736188474 level=info service=database host=host-04.example trace_id=trace-behavior-00018835 msg="event_id=behavior-18835 step=3"
ts=1736188837 level=info service=database host=host-04.example trace_id=trace-behavior-00018850 msg="event_id=behavior-18850 step=7"
ts=1736189587 level=info service=database host=host-04.example trace_id=trace-behavior-00018881 msg="event_id=behavior-18881 step=5"
ts=1736190361 level=info service=database host=host-04.example trace_id=trace-behavior-00018913 msg="event_id=behavior-18913 step=4"
ts=1736190385 level=info service=database host=host-04.example trace_id=trace-behavior-00018914 msg="event_id=behavior-18914 step=5"
ts=1736190434 level=info service=database host=host-04.example trace_id=trace-behavior-00018916 msg="event_id=behavior-18916 step=7"
ts=1736190748 level=info service=database host=host-04.example trace_id=trace-behavior-00018929 msg="event_id=behavior-18929 step=9"
ts=1736190918 level=info service=database host=host-04.example trace_id=trace-behavior-00018936 msg="event_id=behavior-18936 step=5"
ts=1736190942 level=info service=database host=host-04.example trace_id=trace-behavior-00018937 msg="event_id=behavior-18937 step=6"
ts=1736191063 level=info service=database host=host-04.example trace_id=trace-behavior-00018942 msg="event_id=behavior-18942 step=0"
ts=1736191087 level=info service=database host=host-04.example trace_id=trace-behavior-00018943 msg="event_id=behavior-18943 step=1"
ts=1736191111 level=info service=database host=host-04.example trace_id=trace-behavior-00018944 msg="event_id=behavior-18944 step=2"
ts=1736191159 level=info service=database host=host-04.example trace_id=trace-behavior-00018946 msg="event_id=behavior-18946 step=4"
ts=1736191474 level=info service=database host=host-04.example trace_id=trace-behavior-00018959 msg="event_id=behavior-18959 step=6"
ts=1736191619 level=info service=database host=host-04.example trace_id=trace-behavior-00018965 msg="event_id=behavior-18965 step=1"
ts=1736192321 level=info service=database host=host-04.example trace_id=trace-behavior-00018994 msg="event_id=behavior-18994 step=8"
ts=1736192393 level=info service=database host=host-04.example trace_id=trace-behavior-00018997 msg="event_id=behavior-18997 step=0"
ts=1736192732 level=info service=database host=host-04.example trace_id=trace-behavior-00019011 msg="event_id=behavior-19011 step=3"
ts=1736192901 level=info service=database host=host-04.example trace_id=trace-behavior-00019018 msg="event_id=behavior-19018 step=10"
ts=1736193071 level=info service=database host=host-04.example trace_id=trace-behavior-00019025 msg="event_id=behavior-19025 step=6"
ts=1736193216 level=info service=database host=host-04.example trace_id=trace-behavior-00019031 msg="event_id=behavior-19031 step=1"
ts=1736193942 level=info service=database host=host-04.example trace_id=trace-behavior-00019061 msg="event_id=behavior-19061 step=9"
ts=1736194450 level=info service=database host=host-04.example trace_id=trace-behavior-00019082 msg="event_id=behavior-19082 step=8"
ts=1736194692 level=info service=database host=host-04.example trace_id=trace-behavior-00019092 msg="event_id=behavior-19092 step=7"
ts=1736194813 level=info service=database host=host-04.example trace_id=trace-behavior-00019097 msg="event_id=behavior-19097 step=1"
ts=1736194958 level=info service=database host=host-04.example trace_id=trace-behavior-00019103 msg="event_id=behavior-19103 LONG_JSON_SENTINEL payload=xxxxxxxxxxxxxxxxxxxxxxxxxxxxxxxxxxxxxxxxxxxxxxxxxxxxxxxxxxxxxxxxxxxxxxxxxxxxxxxxxxxxxxxxxxxxxxxxxxxxxxxxxxxxxxxxxxxxxxxxxxxxxxxxxxxxxxxxxxxxxxxxxxxxxxxxxxxxxxxxxxxxxxxxxxxxxxxxxxxxxxxxxxxxxxxxxxxxxxxxxxxxxxxxxxxxxxxxxxxxxxxxxxxxxxxxxxxxxxxxxxxxxxxxxxxxxxxxxxxxxxxxxxxxxxxxxxxxxxxxxxxxxxxxxxxxxxxxxxxxxxxxxxxxxxxxxxxxxxxxxxxxxxxxxxxxxxxxxxxxxxxxxxxxxxxxxxxxxxxxxxxxxxxxxxxxxxxxxxxxxxxxxxxxxxxxxxxxxxxxxxxxxxxxxxxxxxxxxxxxxxxxxxxxxxxxxxxxxxxxxxxxxxxxxxxxxxxxxxxxxxxxxxxxxxxxxxxxxxxxxxxxxxxxxxxxxxxxxxxxxxx"
ts=1736195030 level=info service=database host=host-04.example trace_id=trace-behavior-00019106 msg="event_id=behavior-19106 step=10"
ts=1736195127 level=info service=database host=host-04.example trace_id=trace-behavior-00019110 msg="event_id=behavior-19110 step=3"
ts=1736195224 level=info service=database host=host-04.example trace_id=trace-behavior-00019114 msg="event_id=behavior-19114 step=7"
ts=1736195853 level=info service=database host=host-04.example trace_id=trace-behavior-00019140 msg="event_id=behavior-19140 step=0"
ts=1736196143 level=info service=database host=host-04.example trace_id=trace-behavior-00019152 msg="event_id=behavior-19152 step=1"
ts=1736196313 level=info service=database host=host-04.example trace_id=trace-behavior-00019159 msg="event_id=behavior-19159 step=8"
ts=1736196966 level=info service=database host=host-04.example trace_id=trace-behavior-00019186 msg="event_id=behavior-19186 step=2"
ts=1736197038 level=info service=database host=host-04.example trace_id=trace-behavior-00019189 msg="event_id=behavior-19189 step=5"
ts=1736197063 level=info service=database host=host-04.example trace_id=trace-behavior-00019190 msg="event_id=behavior-19190 step=6"
ts=1736197256 level=info service=database host=host-04.example trace_id=trace-behavior-00019198 msg="event_id=behavior-19198 step=3"
ts=1736197401 level=info service=database host=host-04.example trace_id=trace-behavior-00019204 msg="event_id=behavior-19204 step=9"
ts=1736197643 level=info service=database host=host-04.example trace_id=trace-behavior-00019214 msg="event_id=behavior-19214 step=8"
ts=1736197909 level=info service=database host=host-04.example trace_id=trace-behavior-00019225 msg="event_id=behavior-19225 step=8"
ts=1736198756 level=info service=database host=host-04.example trace_id=trace-behavior-00019260 msg="event_id=behavior-19260 step=10"
ts=1736198925 level=info service=database host=host-04.example trace_id=trace-behavior-00019267 msg="event_id=behavior-19267 step=6"
ts=1736199046 level=info service=database host=host-04.example trace_id=trace-behavior-00019272 msg="event_id=behavior-19272 step=0"
ts=1736199143 level=info service=database host=host-04.example trace_id=trace-behavior-00019276 msg="event_id=behavior-19276 step=4"
ts=1736199337 level=info service=database host=host-04.example trace_id=trace-behavior-00019284 msg="event_id=behavior-19284 step=1"
ts=1736199361 level=info service=database host=host-04.example trace_id=trace-behavior-00019285 msg="event_id=behavior-19285 step=2"
ts=1736199530 level=info service=database host=host-04.example trace_id=trace-behavior-00019292 msg="event_id=behavior-19292 step=9"
ts=1736199603 level=info service=database host=host-04.example trace_id=trace-behavior-00019295 msg="event_id=behavior-19295 step=1"
ts=1736199627 level=info service=database host=host-04.example trace_id=trace-behavior-00019296 msg="event_id=behavior-19296 step=2"
ts=1736199700 level=info service=database host=host-04.example trace_id=trace-behavior-00019299 msg="event_id=behavior-19299 step=5"
ts=1736200232 level=info service=database host=host-04.example trace_id=trace-behavior-00019321 msg="event_id=behavior-19321 step=5"
ts=1736200280 level=info service=database host=host-04.example trace_id=trace-behavior-00019323 msg="event_id=behavior-19323 step=7"
ts=1736200716 level=info service=database host=host-04.example trace_id=trace-behavior-00019341 msg="event_id=behavior-19341 step=3"
ts=1736200812 level=info service=database host=host-04.example trace_id=trace-behavior-00019345 msg="event_id=behavior-19345 step=7"
ts=1736201514 level=info service=database host=host-04.example trace_id=trace-behavior-00019374 msg="event_id=behavior-19374 step=3"
ts=1736201587 level=info service=database host=host-04.example trace_id=trace-behavior-00019377 msg="event_id=behavior-19377 step=6"
ts=1736201659 level=info service=database host=host-04.example trace_id=trace-behavior-00019380 msg="event_id=behavior-19380 step=9"
ts=1736202119 level=info service=database host=host-04.example trace_id=trace-behavior-00019399 msg="event_id=behavior-19399 step=6"
ts=1736202312 level=info service=database host=host-04.example trace_id=trace-behavior-00019407 msg="event_id=behavior-19407 step=3"
ts=1736203570 level=info service=database host=host-04.example trace_id=trace-behavior-00019459 msg="event_id=behavior-19459 step=0"
ts=1736203667 level=info service=database host=host-04.example trace_id=trace-behavior-00019463 msg="event_id=behavior-19463 step=4"
ts=1736204828 level=info service=database host=host-04.example trace_id=trace-behavior-00019511 msg="event_id=behavior-19511 step=8"
ts=1736204949 level=info service=database host=host-04.example trace_id=trace-behavior-00019516 msg="event_id=behavior-19516 step=2"
ts=1736205046 level=info service=database host=host-04.example trace_id=trace-behavior-00019520 msg="event_id=behavior-19520 step=6"
ts=1736205917 level=info service=database host=host-04.example trace_id=trace-behavior-00019556 msg="event_id=behavior-19556 step=9"
ts=1736206183 level=info service=database host=host-04.example trace_id=trace-behavior-00019567 msg="event_id=behavior-19567 step=9"
ts=1736206304 level=info service=database host=host-04.example trace_id=trace-behavior-00019572 msg="event_id=behavior-19572 step=3"
ts=1736206401 level=info service=database host=host-04.example trace_id=trace-behavior-00019576 msg="event_id=behavior-19576 step=7"
ts=1736206449 level=info service=database host=host-04.example trace_id=trace-behavior-00019578 msg="event_id=behavior-19578 step=9"
ts=1736206691 level=info service=database host=host-04.example trace_id=trace-behavior-00019588 msg="event_id=behavior-19588 step=8"
ts=1736206837 level=warn service=database host=host-04.example trace_id=trace-behavior-00019594 msg="event_id=behavior-19594 step=3"
ts=1736206909 level=info service=database host=host-04.example trace_id=trace-behavior-00019597 msg="event_id=behavior-19597 step=6"
ts=1736207248 level=info service=database host=host-04.example trace_id=trace-behavior-00019611 msg="event_id=behavior-19611 step=9"
ts=1736207562 level=info service=database host=host-04.example trace_id=trace-behavior-00019624 msg="event_id=behavior-19624 step=0"
ts=1736207853 level=info service=database host=host-04.example trace_id=trace-behavior-00019636 msg="event_id=behavior-19636 step=1"
ts=1736207901 level=info service=database host=host-04.example trace_id=trace-behavior-00019638 msg="event_id=behavior-19638 step=3"
ts=1736207998 level=info service=database host=host-04.example trace_id=trace-behavior-00019642 msg="event_id=behavior-19642 step=7"
ts=1736208119 level=info service=database host=host-04.example trace_id=trace-behavior-00019647 msg="event_id=behavior-19647 step=1"
ts=1736208312 level=info service=database host=host-04.example trace_id=trace-behavior-00019655 msg="event_id=behavior-19655 step=9"
ts=1736208433 level=info service=database host=host-04.example trace_id=trace-behavior-00019660 msg="event_id=behavior-19660 step=3"
ts=1736208530 level=info service=database host=host-04.example trace_id=trace-behavior-00019664 msg="event_id=behavior-19664 step=7"
ts=1736209183 level=warn service=database host=host-04.example trace_id=trace-behavior-00019691 msg="event_id=behavior-19691 step=1"
ts=1736209280 level=info service=database host=host-04.example trace_id=trace-behavior-00019695 msg="event_id=behavior-19695 step=5"
ts=1736209328 level=info service=database host=host-04.example trace_id=trace-behavior-00019697 msg="event_id=behavior-19697 step=7"
ts=1736209425 level=info service=database host=host-04.example trace_id=trace-behavior-00019701 msg="event_id=behavior-19701 STACK_TRACE_SENTINEL failure in handler\n    at lab_module_handler(file=example_rs line=41)\n    at lab_module_dispatch(file=example_rs line=11)\nCaused by: simulated timeout after 901ms"
ts=1736209522 level=info service=database host=host-04.example trace_id=trace-behavior-00019705 msg="event_id=behavior-19705 step=4"
ts=1736209595 level=info service=database host=host-04.example trace_id=trace-behavior-00019708 msg="event_id=behavior-19708 step=7"
ts=1736209957 level=info service=database host=host-04.example trace_id=trace-behavior-00019723 msg="event_id=behavior-19723 step=0"
ts=1736210514 level=info service=database host=host-04.example trace_id=trace-behavior-00019746 msg="event_id=behavior-19746 step=1"
ts=1736210732 level=info service=database host=host-04.example trace_id=trace-behavior-00019755 msg="event_id=behavior-19755 step=10"
ts=1736210756 level=info service=database host=host-04.example trace_id=trace-behavior-00019756 msg="event_id=behavior-19756 step=0"
ts=1736211022 level=info service=database host=host-04.example trace_id=trace-behavior-00019767 msg="event_id=behavior-19767 step=0"
ts=1736211215 level=info service=database host=host-04.example trace_id=trace-behavior-00019775 msg="event_id=behavior-19775 step=8"
ts=1736211312 level=info service=database host=host-04.example trace_id=trace-behavior-00019779 msg="event_id=behavior-19779 step=1"
ts=1736211675 level=info service=database host=host-04.example trace_id=trace-behavior-00019794 msg="event_id=behavior-19794 step=5"
ts=1736211772 level=info service=database host=host-04.example trace_id=trace-behavior-00019798 msg="event_id=behavior-19798 step=9"
ts=1736212038 level=info service=database host=host-04.example trace_id=trace-behavior-00019809 msg="event_id=behavior-19809 step=9"
ts=1736212207 level=info service=database host=host-04.example trace_id=trace-behavior-00019816 msg="event_id=behavior-19816 step=5"
ts=1736212788 level=info service=database host=host-04.example trace_id=trace-behavior-00019840 msg="event_id=behavior-19840 step=7"
ts=1736212933 level=info service=database host=host-04.example trace_id=trace-behavior-00019846 msg="event_id=behavior-19846 step=2"
ts=1736212957 level=info service=database host=host-04.example trace_id=trace-behavior-00019847 msg="event_id=behavior-19847 step=3"
ts=1736213417 level=info service=database host=host-04.example trace_id=trace-behavior-00019866 msg="event_id=behavior-19866 step=0"
ts=1736213465 level=info service=database host=host-04.example trace_id=trace-behavior-00019868 msg="event_id=behavior-19868 step=2"
ts=1736213756 level=info service=database host=host-04.example trace_id=trace-behavior-00019880 msg="event_id=behavior-19880 step=3"
ts=1736213949 level=info service=database host=host-04.example trace_id=trace-behavior-00019888 msg="event_id=behavior-19888 step=0"
ts=1736214264 level=info service=database host=host-04.example trace_id=trace-behavior-00019901 msg="event_id=behavior-19901 LONG_JSON_SENTINEL payload=xxxxxxxxxxxxxxxxxxxxxxxxxxxxxxxxxxxxxxxxxxxxxxxxxxxxxxxxxxxxxxxxxxxxxxxxxxxxxxxxxxxxxxxxxxxxxxxxxxxxxxxxxxxxxxxxxxxxxxxxxxxxxxxxxxxxxxxxxxxxxxxxxxxxxxxxxxxxxxxxxxxxxxxxxxxxxxxxxxxxxxxxxxxxxxxxxxxxxxxxxxxxxxxxxxxxxxxxxxxxxxxxxxxxxxxxxxxxxxxxxxxxxxxxxxxxxxxxxxxxxxxxxxxxxxxxxxxxxxxxxxxxxxxxxxxxxxxxxxxxxxxxxxxxxxxxxxxxxxxxxxxxxxxxxxxxxxxxxxxxxxxxxxxxxxxxxxxxxxxxxxxxxxxxxxxxxxxxxxxxxxxxxxxxxxxxxxxxxxxxxxxxxxxxxxxxxxxxxxxxxxxxxxxxxxxxxxxxxxxxxxxxxxxxxxxxxxxxxxxxxxxxxxxxxxxxxxxxxxxxxxxxxxxxxxxxxxxxxxxxx"
ts=1736214288 level=info service=database host=host-04.example trace_id=trace-behavior-00019902 msg="event_id=behavior-19902 STACK_TRACE_SENTINEL failure in handler\n    at lab_module_handler(file=example_rs line=42)\n    at lab_module_dispatch(file=example_rs line=12)\nCaused by: simulated timeout after 202ms"
ts=1736214506 level=info service=database host=host-04.example trace_id=trace-behavior-00019911 msg="event_id=behavior-19911 step=1"
ts=1736214844 level=info service=database host=host-04.example trace_id=trace-behavior-00019925 msg="event_id=behavior-19925 step=4"
ts=1736215328 level=debug service=database host=host-04.example trace_id=trace-behavior-00019945 msg="event_id=behavior-19945 step=2"
ts=1736215449 level=info service=database host=host-04.example trace_id=trace-behavior-00019950 msg="event_id=behavior-19950 step=7"
ts=1736215522 level=debug service=database host=host-04.example trace_id=trace-behavior-00019953 msg="event_id=behavior-19953 step=10"
ts=1736215594 level=info service=database host=host-04.example trace_id=trace-behavior-00019956 msg="event_id=behavior-19956 step=2"
ts=1736215691 level=info service=database host=host-04.example trace_id=trace-behavior-00019960 msg="event_id=behavior-19960 step=6"
ts=1736215933 level=info service=database host=host-04.example trace_id=trace-behavior-00019970 msg="event_id=behavior-19970 step=5"
ts=1736216054 level=info service=database host=host-04.example trace_id=trace-behavior-00019975 msg="event_id=behavior-19975 step=10"
ts=1736216248 level=info service=database host=host-04.example trace_id=trace-behavior-00019983 msg="event_id=behavior-19983 step=7"
ts=1736216441 level=info service=database host=host-04.example trace_id=trace-behavior-00019991 msg="event_id=behavior-19991 step=4"
ts=1736216514 level=info service=database host=host-04.example trace_id=trace-behavior-00019994 msg="event_id=behavior-19994 step=7"
ts=1736216610 level=info service=database host=host-04.example trace_id=trace-behavior-00019998 msg="event_id=behavior-19998 step=0"
ts=1736216683 level=info service=database host=host-04.example trace_id=trace-behavior-00020001 msg="event_id=behavior-20001 STACK_TRACE_SENTINEL failure in handler\n    at lab_module_handler(file=example_rs line=41)\n    at lab_module_dispatch(file=example_rs line=11)\nCaused by: simulated timeout after 301ms"
ts=1736217022 level=info service=database host=host-04.example trace_id=trace-behavior-00020015 msg="event_id=behavior-20015 step=6"
ts=1736217264 level=debug service=database host=host-04.example trace_id=trace-behavior-00020025 msg="event_id=behavior-20025 step=5"
ts=1736217530 level=info service=database host=host-04.example trace_id=trace-behavior-00020036 msg="event_id=behavior-20036 step=5"
ts=1736217627 level=info service=database host=host-04.example trace_id=trace-behavior-00020040 msg="event_id=behavior-20040 step=9"
ts=1736217844 level=info service=database host=host-04.example trace_id=trace-behavior-00020049 msg="event_id=behavior-20049 step=7"
ts=1736217869 level=info service=database host=host-04.example trace_id=trace-behavior-00020050 msg="event_id=behavior-20050 step=8"
ts=1736218086 level=info service=database host=host-04.example trace_id=trace-behavior-00020059 msg="event_id=behavior-20059 step=6"
ts=1736218159 level=info service=database host=host-04.example trace_id=trace-behavior-00020062 msg="event_id=behavior-20062 step=9"
ts=1736218377 level=info service=database host=host-04.example trace_id=trace-behavior-00020071 msg="event_id=behavior-20071 step=7"
ts=1736218546 level=info service=database host=host-04.example trace_id=trace-behavior-00020078 msg="event_id=behavior-20078 step=3"
ts=1736218933 level=info service=database host=host-04.example trace_id=trace-behavior-00020094 msg="event_id=behavior-20094 step=8"
ts=1736219030 level=info service=database host=host-04.example trace_id=trace-behavior-00020098 msg="event_id=behavior-20098 step=1"
ts=1736219272 level=info service=database host=host-04.example trace_id=trace-behavior-00020108 msg="event_id=behavior-20108 step=0"
ts=1736219780 level=info service=database host=host-04.example trace_id=trace-behavior-00020129 msg="event_id=behavior-20129 step=10"
ts=1736220143 level=info service=database host=host-04.example trace_id=trace-behavior-00020144 msg="event_id=behavior-20144 step=3"
ts=1736220215 level=info service=database host=host-04.example trace_id=trace-behavior-00020147 msg="event_id=behavior-20147 step=6"
ts=1736220264 level=info service=database host=host-04.example trace_id=trace-behavior-00020149 msg="event_id=behavior-20149 step=8"
ts=1736220336 level=info service=database host=host-04.example trace_id=trace-behavior-00020152 msg="event_id=behavior-20152 step=0"
ts=1736220554 level=info service=database host=host-04.example trace_id=trace-behavior-00020161 msg="event_id=behavior-20161 step=9"
ts=1736220699 level=info service=database host=host-04.example trace_id=trace-behavior-00020167 msg="event_id=behavior-20167 step=4"
ts=1736221207 level=debug service=database host=host-04.example trace_id=trace-behavior-00020188 msg="event_id=behavior-20188 step=3"
ts=1736221328 level=info service=database host=host-04.example trace_id=trace-behavior-00020193 msg="event_id=behavior-20193 step=8"
ts=1736221376 level=info service=database host=host-04.example trace_id=trace-behavior-00020195 msg="event_id=behavior-20195 step=10"
ts=1736221885 level=info service=database host=host-04.example trace_id=trace-behavior-00020216 msg="event_id=behavior-20216 step=9"
ts=1736222514 level=info service=database host=host-04.example trace_id=trace-behavior-00020242 msg="event_id=behavior-20242 step=2"
ts=1736222538 level=info service=database host=host-04.example trace_id=trace-behavior-00020243 msg="event_id=behavior-20243 step=3"
ts=1736223191 level=info service=database host=host-04.example trace_id=trace-behavior-00020270 msg="event_id=behavior-20270 step=8"
ts=1736223288 level=info service=database host=host-04.example trace_id=trace-behavior-00020274 msg="event_id=behavior-20274 step=1"
ts=1736223457 level=info service=database host=host-04.example trace_id=trace-behavior-00020281 msg="event_id=behavior-20281 step=8"
ts=1736223602 level=info service=database host=host-04.example trace_id=trace-behavior-00020287 msg="event_id=behavior-20287 step=3"
ts=1736223699 level=info service=database host=host-04.example trace_id=trace-behavior-00020291 msg="event_id=behavior-20291 step=7"
ts=1736223868 level=info service=database host=host-04.example trace_id=trace-behavior-00020298 msg="event_id=behavior-20298 step=3"
ts=1736223989 level=info service=database host=host-04.example trace_id=trace-behavior-00020303 msg="event_id=behavior-20303 LONG_JSON_SENTINEL payload=xxxxxxxxxxxxxxxxxxxxxxxxxxxxxxxxxxxxxxxxxxxxxxxxxxxxxxxxxxxxxxxxxxxxxxxxxxxxxxxxxxxxxxxxxxxxxxxxxxxxxxxxxxxxxxxxxxxxxxxxxxxxxxxxxxxxxxxxxxxxxxxxxxxxxxxxxxxxxxxxxxxxxxxxxxxxxxxxxxxxxxxxxxxxxxxxxxxxxxxxxxxxxxxxxxxxxxxxxxxxxxxxxxxxxxxxxxxxxxxxxxxxxxxxxxxxxxxxxxxxxxxxxxxxxxxxxxxxxxxxxxxxxxxxxxxxxxxxxxxxxxxxxxxxxxxxxxxxxxxxxxxxxxxxxxxxxxxxxxxxxxxxxxxxxxxxxxxxxxxxxxxxxxxxxxxxxxxxxxxxxxxxxxxxxxxxxxxxxxxxxxxxxxxxxxxxxxxxxxxxxxxxxxxxxxxxxxxxxxxxxxxxxxxxxxxxxxxxxxxxxxxxxxxxxxxxxxxxxxxxxxxxxxxxxxxxxxxxxxxxxxx"
ts=1736224497 level=info service=database host=host-04.example trace_id=trace-behavior-00020324 msg="event_id=behavior-20324 step=7"
ts=1736224522 level=info service=database host=host-04.example trace_id=trace-behavior-00020325 msg="event_id=behavior-20325 step=8"
ts=1736224909 level=info service=database host=host-04.example trace_id=trace-behavior-00020341 msg="event_id=behavior-20341 step=2"
ts=1736224933 level=info service=database host=host-04.example trace_id=trace-behavior-00020342 msg="event_id=behavior-20342 step=3"
ts=1736225296 level=info service=database host=host-04.example trace_id=trace-behavior-00020357 msg="event_id=behavior-20357 step=7"
ts=1736226288 level=info service=database host=host-04.example trace_id=trace-behavior-00020398 msg="event_id=behavior-20398 step=4"
ts=1736226360 level=info service=database host=host-04.example trace_id=trace-behavior-00020401 msg="event_id=behavior-20401 LONG_JSON_SENTINEL payload=xxxxxxxxxxxxxxxxxxxxxxxxxxxxxxxxxxxxxxxxxxxxxxxxxxxxxxxxxxxxxxxxxxxxxxxxxxxxxxxxxxxxxxxxxxxxxxxxxxxxxxxxxxxxxxxxxxxxxxxxxxxxxxxxxxxxxxxxxxxxxxxxxxxxxxxxxxxxxxxxxxxxxxxxxxxxxxxxxxxxxxxxxxxxxxxxxxxxxxxxxxxxxxxxxxxxxxxxxxxxxxxxxxxxxxxxxxxxxxxxxxxxxxxxxxxxxxxxxxxxxxxxxxxxxxxxxxxxxxxxxxxxxxxxxxxxxxxxxxxxxxxxxxxxxxxxxxxxxxxxxxxxxxxxxxxxxxxxxxxxxxxxxxxxxxxxxxxxxxxxxxxxxxxxxxxxxxxxxxxxxxxxxxxxxxxxxxxxxxxxx"
ts=1736226844 level=info service=database host=host-04.example trace_id=trace-behavior-00020421 msg="event_id=behavior-20421 step=5"
ts=1736227086 level=info service=database host=host-04.example trace_id=trace-behavior-00020431 msg="event_id=behavior-20431 step=4"
ts=1736227110 level=info service=database host=host-04.example trace_id=trace-behavior-00020432 msg="event_id=behavior-20432 step=5"
ts=1736227183 level=info service=database host=host-04.example trace_id=trace-behavior-00020435 msg="event_id=behavior-20435 step=8"
ts=1736227497 level=info service=database host=host-04.example trace_id=trace-behavior-00020448 msg="event_id=behavior-20448 step=10"
ts=1736227812 level=info service=database host=host-04.example trace_id=trace-behavior-00020461 msg="event_id=behavior-20461 step=1"
ts=1736227860 level=info service=database host=host-04.example trace_id=trace-behavior-00020463 msg="event_id=behavior-20463 step=3"
ts=1736227884 level=info service=database host=host-04.example trace_id=trace-behavior-00020464 msg="event_id=behavior-20464 step=4"
ts=1736227933 level=info service=database host=host-04.example trace_id=trace-behavior-00020466 msg="event_id=behavior-20466 step=6"
ts=1736228102 level=info service=database host=host-04.example trace_id=trace-behavior-00020473 msg="event_id=behavior-20473 step=2"
ts=1736228271 level=info service=database host=host-04.example trace_id=trace-behavior-00020480 msg="event_id=behavior-20480 step=9"
ts=1736228417 level=info service=database host=host-04.example trace_id=trace-behavior-00020486 msg="event_id=behavior-20486 step=4"
ts=1736228586 level=info service=database host=host-04.example trace_id=trace-behavior-00020493 msg="event_id=behavior-20493 step=0"
ts=1736228683 level=info service=database host=host-04.example trace_id=trace-behavior-00020497 msg="event_id=behavior-20497 step=4"
ts=1736228780 level=info service=database host=host-04.example trace_id=trace-behavior-00020501 msg="event_id=behavior-20501 LONG_JSON_SENTINEL payload=xxxxxxxxxxxxxxxxxxxxxxxxxxxxxxxxxxxxxxxxxxxxxxxxxxxxxxxxxxxxxxxxxxxxxxxxxxxxxxxxxxxxxxxxxxxxxxxxxxxxxxxxxxxxxxxxxxxxxxxxxxxxxxxxxxxxxxxxxxxxxxxxxxxxxxxxxxxxxxxxxxxxxxxxxxxxxxxxxxxxxxxxxxxxxxxxxxxxxxxxxxxxxxxxxxxxxxxxxxxxxxxxxxxxxxxxxxxxxxxxxxxxxxxxxxxxxxxxxxxxxxxxxxxxxxxxxxxxxxxxxxxxxxxxxxxxxxxxxxxxxxxxxxxxxxxxxxxxxxxxxxxxxxxxxxxxxxxxxxxxxxxxxxxxxxxxxxxxxxxxxxxxxxxxxxxxxxxxxxxxxxxxxxxxxxxxxxxxxxxxxxxxxxxxxxxxxxxxxxxxxxxxxxxxxxxxxxxxxxxxxxxxxxxxxxxxxxxxxxxxxxxxxxxxxxxxxxxxxxxxxxxxxxxxxxxxxxxxxxxxx"
ts=1736229118 level=info service=database host=host-04.example trace_id=trace-behavior-00020515 msg="event_id=behavior-20515 step=0"
ts=1736229142 level=info service=database host=host-04.example trace_id=trace-behavior-00020516 msg="event_id=behavior-20516 step=1"
ts=1736229699 level=info service=database host=host-04.example trace_id=trace-behavior-00020539 msg="event_id=behavior-20539 step=2"
ts=1736230013 level=info service=database host=host-04.example trace_id=trace-behavior-00020552 msg="event_id=behavior-20552 step=4"
ts=1736230376 level=info service=database host=host-04.example trace_id=trace-behavior-00020567 msg="event_id=behavior-20567 step=8"
ts=1736230739 level=info service=database host=host-04.example trace_id=trace-behavior-00020582 msg="event_id=behavior-20582 step=1"
ts=1736230812 level=info service=database host=host-04.example trace_id=trace-behavior-00020585 msg="event_id=behavior-20585 step=4"
ts=1736230860 level=info service=database host=host-04.example trace_id=trace-behavior-00020587 msg="event_id=behavior-20587 step=6"
ts=1736231078 level=info service=database host=host-04.example trace_id=trace-behavior-00020596 msg="event_id=behavior-20596 step=4"
ts=1736231223 level=info service=database host=host-04.example trace_id=trace-behavior-00020602 msg="event_id=behavior-20602 LONG_JSON_SENTINEL payload=xxxxxxxxxxxxxxxxxxxxxxxxxxxxxxxxxxxxxxxxxxxxxxxxxxxxxxxxxxxxxxxxxxxxxxxxxxxxxxxxxxxxxxxxxxxxxxxxxxxxxxxxxxxxxxxxxxxxxxxxxxxxxxxxxxxxxxxxxxxxxxxxxxxxxxxxxxxxxxxxxxxxxxxxxxxxxxxxxxxxxxxxxxxxxxxxxxxxxxxxxxxxxxxxxxxxxxxxxxxxxxxxxxxxxxxxxxxxxxxxxxxxxxxxxxxxxxxxxxxxxxxxxxxxxxxxxxxxxxxxxxxxxxxxxxxxxxxxxxxxxxxxxxxxxxxxxxxxxxxxxxxxxxxxxxxxxxxxxxxxxxxxxxxxxxxxxxxxxxxxxxxxxxxxxxxxxxxxxxxxxxxxxxxxxxxxxxxxxxxxxx"
ts=1736231489 level=info service=database host=host-04.example trace_id=trace-behavior-00020613 msg="event_id=behavior-20613 step=10"
ts=1736231828 level=info service=database host=host-04.example trace_id=trace-behavior-00020627 msg="event_id=behavior-20627 step=2"
ts=1736231925 level=info service=database host=host-04.example trace_id=trace-behavior-00020631 msg="event_id=behavior-20631 step=6"
ts=1736232094 level=info service=database host=host-04.example trace_id=trace-behavior-00020638 msg="event_id=behavior-20638 step=2"
ts=1736232675 level=info service=database host=host-04.example trace_id=trace-behavior-00020662 msg="event_id=behavior-20662 step=4"
ts=1736232868 level=info service=database host=host-04.example trace_id=trace-behavior-00020670 msg="event_id=behavior-20670 step=1"
ts=1736233062 level=error service=database host=host-04.example trace_id=trace-behavior-00020678 msg="event_id=behavior-20678 step=9"
ts=1736233086 level=info service=database host=host-04.example trace_id=trace-behavior-00020679 msg="event_id=behavior-20679 step=10"
ts=1736234126 level=info service=database host=host-04.example trace_id=trace-behavior-00020722 msg="event_id=behavior-20722 step=9"
ts=1736234271 level=info service=database host=host-04.example trace_id=trace-behavior-00020728 msg="event_id=behavior-20728 step=4"
ts=1736234344 level=info service=database host=host-04.example trace_id=trace-behavior-00020731 msg="event_id=behavior-20731 step=7"
ts=1736234416 level=info service=database host=host-04.example trace_id=trace-behavior-00020734 msg="event_id=behavior-20734 step=10"
ts=1736234489 level=info service=database host=host-04.example trace_id=trace-behavior-00020737 msg="event_id=behavior-20737 step=2"
ts=1736234513 level=info service=database host=host-04.example trace_id=trace-behavior-00020738 msg="event_id=behavior-20738 step=3"
ts=1736234876 level=info service=database host=host-04.example trace_id=trace-behavior-00020753 msg="event_id=behavior-20753 step=7"
ts=1736234900 level=info service=database host=host-04.example trace_id=trace-behavior-00020754 msg="event_id=behavior-20754 step=8"
ts=1736234997 level=warn service=database host=host-04.example trace_id=trace-behavior-00020758 msg="event_id=behavior-20758 step=1"
ts=1736235021 level=info service=database host=host-04.example trace_id=trace-behavior-00020759 msg="event_id=behavior-20759 step=2"
ts=1736235360 level=info service=database host=host-04.example trace_id=trace-behavior-00020773 msg="event_id=behavior-20773 step=5"
ts=1736235941 level=info service=database host=host-04.example trace_id=trace-behavior-00020797 msg="event_id=behavior-20797 step=7"
ts=1736236037 level=info service=database host=host-04.example trace_id=trace-behavior-00020801 msg="event_id=behavior-20801 LONG_JSON_SENTINEL payload=xxxxxxxxxxxxxxxxxxxxxxxxxxxxxxxxxxxxxxxxxxxxxxxxxxxxxxxxxxxxxxxxxxxxxxxxxxxxxxxxxxxxxxxxxxxxxxxxxxxxxxxxxxxxxxxxxxxxxxxxxxxxxxxxxxxxxxxxxxxxxxxxxxxxxxxxxxxxxxxxxxxxxxxxxxxxxxxxxxxxxxxxxxxxxxxxxxxxxxxxxxxxxxxxxxxxxxxxxxxxxxxxxxxxxxxxxxxxxxxxxxxxxxxxxxxxxxxxxxxxxxxxxxxxxxxxxxxxxxxxxxxxxxxxxxxxxxxxxxxxxxxxxxxxxxxxxxxxxxxxxxxxxxxxxxxxxxxxxxxxxxxxxxxxxxxxxxxxxxxxxxxxxxxxxxxxxxxxxxxxxxxxxxxxxxxxxxxxxxxxx"
ts=1736236594 level=info service=database host=host-04.example trace_id=trace-behavior-00020824 msg="event_id=behavior-20824 step=1"
ts=1736237150 level=info service=database host=host-04.example trace_id=trace-behavior-00020847 msg="event_id=behavior-20847 step=2"
ts=1736237320 level=info service=database host=host-04.example trace_id=trace-behavior-00020854 msg="event_id=behavior-20854 step=9"
ts=1736237368 level=info service=database host=host-04.example trace_id=trace-behavior-00020856 msg="event_id=behavior-20856 step=0"
ts=1736237441 level=info service=database host=host-04.example trace_id=trace-behavior-00020859 msg="event_id=behavior-20859 step=3"
ts=1736237489 level=info service=database host=host-04.example trace_id=trace-behavior-00020861 msg="event_id=behavior-20861 step=5"
ts=1736237973 level=info service=database host=host-04.example trace_id=trace-behavior-00020881 msg="event_id=behavior-20881 step=3"
ts=1736237997 level=info service=database host=host-04.example trace_id=trace-behavior-00020882 msg="event_id=behavior-20882 step=4"
ts=1736238457 level=info service=database host=host-04.example trace_id=trace-behavior-00020901 msg="event_id=behavior-20901 STACK_TRACE_SENTINEL failure in handler\n    at lab_module_handler(file=example_rs line=41)\n    at lab_module_dispatch(file=example_rs line=11)\nCaused by: simulated timeout after 301ms"
ts=1736238747 level=info service=database host=host-04.example trace_id=trace-behavior-00020913 msg="event_id=behavior-20913 step=2"
ts=1736238771 level=info service=database host=host-04.example trace_id=trace-behavior-00020914 msg="event_id=behavior-20914 step=3"
ts=1736239037 level=info service=database host=host-04.example trace_id=trace-behavior-00020925 msg="event_id=behavior-20925 step=3"
ts=1736239134 level=info service=database host=host-04.example trace_id=trace-behavior-00020929 msg="event_id=behavior-20929 step=7"
ts=1736239279 level=info service=database host=host-04.example trace_id=trace-behavior-00020935 msg="event_id=behavior-20935 step=2"
ts=1736239424 level=info service=database host=host-04.example trace_id=trace-behavior-00020941 msg="event_id=behavior-20941 step=8"
ts=1736239497 level=info service=database host=host-04.example trace_id=trace-behavior-00020944 msg="event_id=behavior-20944 step=0"
ts=1736239763 level=info service=database host=host-04.example trace_id=trace-behavior-00020955 msg="event_id=behavior-20955 step=0"
ts=1736239836 level=info service=database host=host-04.example trace_id=trace-behavior-00020958 msg="event_id=behavior-20958 step=3"
ts=1736239860 level=info service=database host=host-04.example trace_id=trace-behavior-00020959 msg="event_id=behavior-20959 step=4"
ts=1736239908 level=info service=database host=host-04.example trace_id=trace-behavior-00020961 msg="event_id=behavior-20961 step=6"
ts=1736240102 level=info service=database host=host-04.example trace_id=trace-behavior-00020969 msg="event_id=behavior-20969 step=3"
ts=1736240247 level=info service=database host=host-04.example trace_id=trace-behavior-00020975 msg="event_id=behavior-20975 step=9"
ts=1736240392 level=info service=database host=host-04.example trace_id=trace-behavior-00020981 msg="event_id=behavior-20981 step=4"
ts=1736240489 level=info service=database host=host-04.example trace_id=trace-behavior-00020985 msg="event_id=behavior-20985 step=8"
ts=1736240634 level=info service=database host=host-04.example trace_id=trace-behavior-00020991 msg="event_id=behavior-20991 step=3"
ts=1736240658 level=info service=database host=host-04.example trace_id=trace-behavior-00020992 msg="event_id=behavior-20992 step=4"
ts=1736241408 level=info service=database host=host-04.example trace_id=trace-behavior-00021023 msg="event_id=behavior-21023 step=2"
ts=1736241965 level=info service=database host=host-04.example trace_id=trace-behavior-00021046 msg="event_id=behavior-21046 step=3"
ts=1736242013 level=info service=database host=host-04.example trace_id=trace-behavior-00021048 msg="event_id=behavior-21048 step=5"
ts=1736242231 level=info service=database host=host-04.example trace_id=trace-behavior-00021057 msg="event_id=behavior-21057 step=3"
ts=1736242303 level=info service=database host=host-04.example trace_id=trace-behavior-00021060 msg="event_id=behavior-21060 step=6"
ts=1736242763 level=info service=database host=host-04.example trace_id=trace-behavior-00021079 msg="event_id=behavior-21079 step=3"
ts=1736243295 level=info service=database host=host-04.example trace_id=trace-behavior-00021101 msg="event_id=behavior-21101 LONG_JSON_SENTINEL payload=xxxxxxxxxxxxxxxxxxxxxxxxxxxxxxxxxxxxxxxxxxxxxxxxxxxxxxxxxxxxxxxxxxxxxxxxxxxxxxxxxxxxxxxxxxxxxxxxxxxxxxxxxxxxxxxxxxxxxxxxxxxxxxxxxxxxxxxxxxxxxxxxxxxxxxxxxxxxxxxxxxxxxxxxxxxxxxxxxxxxxxxxxxxxxxxxxxxxxxxxxxxxxxxxxxxxxxxxxxxxxxxxxxxxxxxxxxxxxxxxxxxxxxxxxxxxxxxxxxxxxxxxxxxxxxxxxxxxxxxxxxxxxxxxxxxxxxxxxxxxxxxxxxxxxxxxxxxxxxxxxxxxxxxxxxxxxxxxxxxxxxxxxxxxxxxxxxxxxxxxxxxxxxxxxxxxxxxxxxxxxxxxxxxxxxxxxxxxxxxxxxxxxxxxxxxxxxxxxxxxxxxxxxxxxxxxxxxxxxxxxxxxxxxxxxxxxxxxxxxxxxxxxxxxxxxxxxxxxxxxxxxxxxxxxxxxxxxxxxxxx"
ts=1736243537 level=info service=database host=host-04.example trace_id=trace-behavior-00021111 msg="event_id=behavior-21111 step=2"
ts=1736243586 level=info service=database host=host-04.example trace_id=trace-behavior-00021113 msg="event_id=behavior-21113 step=4"
ts=1736243924 level=info service=database host=host-04.example trace_id=trace-behavior-00021127 msg="event_id=behavior-21127 step=7"
ts=1736244069 level=info service=database host=host-04.example trace_id=trace-behavior-00021133 msg="event_id=behavior-21133 step=2"
ts=1736244094 level=info service=database host=host-04.example trace_id=trace-behavior-00021134 msg="event_id=behavior-21134 step=3"
ts=1736244142 level=info service=database host=host-04.example trace_id=trace-behavior-00021136 msg="event_id=behavior-21136 step=5"
ts=1736244263 level=info service=database host=host-04.example trace_id=trace-behavior-00021141 msg="event_id=behavior-21141 step=10"
ts=1736244868 level=info service=database host=host-04.example trace_id=trace-behavior-00021166 msg="event_id=behavior-21166 step=2"
ts=1736244940 level=info service=database host=host-04.example trace_id=trace-behavior-00021169 msg="event_id=behavior-21169 step=5"
ts=1736244965 level=info service=database host=host-04.example trace_id=trace-behavior-00021170 msg="event_id=behavior-21170 step=6"
ts=1736245037 level=info service=database host=host-04.example trace_id=trace-behavior-00021173 msg="event_id=behavior-21173 step=9"
ts=1736245158 level=info service=database host=host-04.example trace_id=trace-behavior-00021178 msg="event_id=behavior-21178 step=3"
ts=1736245182 level=info service=database host=host-04.example trace_id=trace-behavior-00021179 msg="event_id=behavior-21179 step=4"
ts=1736245303 level=info service=database host=host-04.example trace_id=trace-behavior-00021184 msg="event_id=behavior-21184 step=9"
ts=1736245521 level=info service=database host=host-04.example trace_id=trace-behavior-00021193 msg="event_id=behavior-21193 step=7"
ts=1736245642 level=info service=database host=host-04.example trace_id=trace-behavior-00021198 msg="event_id=behavior-21198 step=1"
ts=1736245739 level=info service=database host=host-04.example trace_id=trace-behavior-00021202 msg="event_id=behavior-21202 LONG_JSON_SENTINEL payload=xxxxxxxxxxxxxxxxxxxxxxxxxxxxxxxxxxxxxxxxxxxxxxxxxxxxxxxxxxxxxxxxxxxxxxxxxxxxxxxxxxxxxxxxxxxxxxxxxxxxxxxxxxxxxxxxxxxxxxxxxxxxxxxxxxxxxxxxxxxxxxxxxxxxxxxxxxxxxxxxxxxxxxxxxxxxxxxxxxxxxxxxxxxxxxxxxxxxxxxxxxxxxxxxxxxxxxxxxxxxxxxxxxxxxxxxxxxxxxxxxxxxxxxxxxxxxxxxxxxxxxxxxxxxxxxxxxxxxxxxxxxxxxxxxxxxxxxxxxxxxxxxxxxxxxxxxxxxxxxxxxxxxxxxxxxxxxxxxxxxxxxxxxxxxxxxxxxxxxxxxxxxxxxxxxxxxxxxxxxxxxxxxxxxxxxxxxxxxxxxxx"
ts=1736245811 level=info service=database host=host-04.example trace_id=trace-behavior-00021205 msg="event_id=behavior-21205 step=8"
ts=1736245860 level=info service=database host=host-04.example trace_id=trace-behavior-00021207 msg="event_id=behavior-21207 step=10"
ts=1736245957 level=info service=database host=host-04.example trace_id=trace-behavior-00021211 msg="event_id=behavior-21211 step=3"
ts=1736246029 level=info service=database host=host-04.example trace_id=trace-behavior-00021214 msg="event_id=behavior-21214 step=6"
ts=1736246126 level=info service=database host=host-04.example trace_id=trace-behavior-00021218 msg="event_id=behavior-21218 step=10"
ts=1736246731 level=warn service=database host=host-04.example trace_id=trace-behavior-00021243 msg="event_id=behavior-21243 step=2"
ts=1736246803 level=info service=database host=host-04.example trace_id=trace-behavior-00021246 msg="event_id=behavior-21246 step=5"
ts=1736246924 level=info service=database host=host-04.example trace_id=trace-behavior-00021251 msg="event_id=behavior-21251 step=10"
ts=1736247021 level=info service=database host=host-04.example trace_id=trace-behavior-00021255 msg="event_id=behavior-21255 step=3"
ts=1736247311 level=info service=database host=host-04.example trace_id=trace-behavior-00021267 msg="event_id=behavior-21267 step=4"
ts=1736247674 level=info service=database host=host-04.example trace_id=trace-behavior-00021282 msg="event_id=behavior-21282 step=8"
ts=1736247747 level=info service=database host=host-04.example trace_id=trace-behavior-00021285 msg="event_id=behavior-21285 step=0"
ts=1736247819 level=info service=database host=host-04.example trace_id=trace-behavior-00021288 msg="event_id=behavior-21288 step=3"
ts=1736247868 level=info service=database host=host-04.example trace_id=trace-behavior-00021290 msg="event_id=behavior-21290 step=5"
ts=1736248061 level=info service=database host=host-04.example trace_id=trace-behavior-00021298 msg="event_id=behavior-21298 step=2"
ts=1736248086 level=info service=database host=host-04.example trace_id=trace-behavior-00021299 msg="event_id=behavior-21299 step=3"
ts=1736248110 level=info service=database host=host-04.example trace_id=trace-behavior-00021300 msg="event_id=behavior-21300 STACK_TRACE_SENTINEL failure in handler\n    at lab_module_handler(file=example_rs line=40)\n    at lab_module_dispatch(file=example_rs line=10)\nCaused by: simulated timeout after 700ms"
ts=1736248473 level=info service=database host=host-04.example trace_id=trace-behavior-00021315 msg="event_id=behavior-21315 step=8"
ts=1736248594 level=info service=database host=host-04.example trace_id=trace-behavior-00021320 msg="event_id=behavior-21320 step=2"
ts=1736248618 level=info service=database host=host-04.example trace_id=trace-behavior-00021321 msg="event_id=behavior-21321 step=3"
ts=1736248932 level=info service=database host=host-04.example trace_id=trace-behavior-00021334 msg="event_id=behavior-21334 step=5"
ts=1736249053 level=info service=database host=host-04.example trace_id=trace-behavior-00021339 msg="event_id=behavior-21339 step=10"
ts=1736249658 level=info service=database host=host-04.example trace_id=trace-behavior-00021364 msg="event_id=behavior-21364 step=2"
ts=1736249682 level=info service=database host=host-04.example trace_id=trace-behavior-00021365 msg="event_id=behavior-21365 step=3"
ts=1736249731 level=info service=database host=host-04.example trace_id=trace-behavior-00021367 msg="event_id=behavior-21367 step=5"
ts=1736249876 level=info service=database host=host-04.example trace_id=trace-behavior-00021373 msg="event_id=behavior-21373 step=0"
ts=1736250335 level=info service=database host=host-04.example trace_id=trace-behavior-00021392 msg="event_id=behavior-21392 step=8"
ts=1736250408 level=info service=database host=host-04.example trace_id=trace-behavior-00021395 msg="event_id=behavior-21395 step=0"
ts=1736250553 level=info service=database host=host-04.example trace_id=trace-behavior-00021401 msg="event_id=behavior-21401 LONG_JSON_SENTINEL payload=xxxxxxxxxxxxxxxxxxxxxxxxxxxxxxxxxxxxxxxxxxxxxxxxxxxxxxxxxxxxxxxxxxxxxxxxxxxxxxxxxxxxxxxxxxxxxxxxxxxxxxxxxxxxxxxxxxxxxxxxxxxxxxxxxxxxxxxxxxxxxxxxxxxxxxxxxxxxxxxxxxxxxxxxxxxxxxxxxxxxxxxxxxxxxxxxxxxxxxxxxxxxxxxxxxxxxxxxxxxxxxxxxxxxxxxxxxxxxxxxxxxxxxxxxxxxxxxxxxxxxxxxxxxxxxxxxxxxxxxxxxxxxxxxxxxxxxxxxxxxxxxxxxxxxxxxxxxxxxxxxxxxxxxxxxxxxxxxxxxxxxxxxxxxxxxxxxxxxxxxxxxxxxxxxxxxxxxxxxxxxxxxxxxxxxxxxxxxxxxxx"
ts=1736250747 level=info service=database host=host-04.example trace_id=trace-behavior-00021409 msg="event_id=behavior-21409 step=3"
ts=1736250771 level=info service=database host=host-04.example trace_id=trace-behavior-00021410 msg="event_id=behavior-21410 step=4"
ts=1736250892 level=info service=database host=host-04.example trace_id=trace-behavior-00021415 msg="event_id=behavior-21415 step=9"
ts=1736251618 level=info service=database host=host-04.example trace_id=trace-behavior-00021445 msg="event_id=behavior-21445 step=6"
ts=1736251835 level=info service=database host=host-04.example trace_id=trace-behavior-00021454 msg="event_id=behavior-21454 step=4"
ts=1736252198 level=info service=database host=host-04.example trace_id=trace-behavior-00021469 msg="event_id=behavior-21469 step=8"
ts=1736252464 level=info service=database host=host-04.example trace_id=trace-behavior-00021480 msg="event_id=behavior-21480 step=8"
ts=1736252537 level=info service=database host=host-04.example trace_id=trace-behavior-00021483 msg="event_id=behavior-21483 step=0"
ts=1736252561 level=info service=database host=host-04.example trace_id=trace-behavior-00021484 msg="event_id=behavior-21484 step=1"
ts=1736252585 level=info service=database host=host-04.example trace_id=trace-behavior-00021485 msg="event_id=behavior-21485 step=2"
ts=1736252682 level=info service=database host=host-04.example trace_id=trace-behavior-00021489 msg="event_id=behavior-21489 step=6"
ts=1736252876 level=info service=database host=host-04.example trace_id=trace-behavior-00021497 msg="event_id=behavior-21497 step=3"
ts=1736253335 level=info service=database host=host-04.example trace_id=trace-behavior-00021516 msg="event_id=behavior-21516 step=0"
ts=1736253577 level=info service=database host=host-04.example trace_id=trace-behavior-00021526 msg="event_id=behavior-21526 step=10"
ts=1736253626 level=info service=database host=host-04.example trace_id=trace-behavior-00021528 msg="event_id=behavior-21528 step=1"
ts=1736253650 level=info service=database host=host-04.example trace_id=trace-behavior-00021529 msg="event_id=behavior-21529 step=2"
ts=1736253698 level=info service=database host=host-04.example trace_id=trace-behavior-00021531 msg="event_id=behavior-21531 step=4"
ts=1736253892 level=info service=database host=host-04.example trace_id=trace-behavior-00021539 msg="event_id=behavior-21539 step=1"
ts=1736253916 level=info service=database host=host-04.example trace_id=trace-behavior-00021540 msg="event_id=behavior-21540 step=2"
ts=1736254231 level=info service=database host=host-04.example trace_id=trace-behavior-00021553 msg="event_id=behavior-21553 step=4"
ts=1736254835 level=info service=database host=host-04.example trace_id=trace-behavior-00021578 msg="event_id=behavior-21578 step=7"
ts=1736254932 level=info service=database host=host-04.example trace_id=trace-behavior-00021582 msg="event_id=behavior-21582 step=0"
ts=1736255053 level=info service=database host=host-04.example trace_id=trace-behavior-00021587 msg="event_id=behavior-21587 step=5"
ts=1736255101 level=info service=database host=host-04.example trace_id=trace-behavior-00021589 msg="event_id=behavior-21589 step=7"
ts=1736255392 level=info service=database host=host-04.example trace_id=trace-behavior-00021601 msg="event_id=behavior-21601 LONG_JSON_SENTINEL payload=xxxxxxxxxxxxxxxxxxxxxxxxxxxxxxxxxxxxxxxxxxxxxxxxxxxxxxxxxxxxxxxxxxxxxxxxxxxxxxxxxxxxxxxxxxxxxxxxxxxxxxxxxxxxxxxxxxxxxxxxxxxxxxxxxxxxxxxxxxxxxxxxxxxxxxxxxxxxxxxxxxxxxxxxxxxxxxxxxxxxxxxxxxxxxxxxxxxxxxxxxxxxxxxxxxxxxxxxxxxxxxxxxxxxxxxxxxxxxxxxxxxxxxxxxxxxxxxxxxxxxxxxxxxxxxxxxxxxxxxxxxxxxxxxxxxxxxxxxxxxxxxxxxxxxxxxxxxxxxxxxxxxxxxxxxxxxxxxxxxxxxxxxxxxxxxxxxxxxxxxxxxxxxxxxxxxxxxxxxxxxxxxxxxxxxxxxxxxxxxxx"
ts=1736255900 level=info service=database host=host-04.example trace_id=trace-behavior-00021622 msg="event_id=behavior-21622 step=7"
ts=1736255972 level=info service=database host=host-04.example trace_id=trace-behavior-00021625 msg="event_id=behavior-21625 step=10"
ts=1736256142 level=info service=database host=host-04.example trace_id=trace-behavior-00021632 msg="event_id=behavior-21632 step=6"
ts=1736256505 level=info service=database host=host-04.example trace_id=trace-behavior-00021647 msg="event_id=behavior-21647 step=10"
ts=1736256577 level=info service=database host=host-04.example trace_id=trace-behavior-00021650 msg="event_id=behavior-21650 step=2"
ts=1736256650 level=info service=database host=host-04.example trace_id=trace-behavior-00021653 msg="event_id=behavior-21653 step=5"
ts=1736256747 level=info service=database host=host-04.example trace_id=trace-behavior-00021657 msg="event_id=behavior-21657 step=9"
ts=1736257134 level=info service=database host=host-04.example trace_id=trace-behavior-00021673 msg="event_id=behavior-21673 step=3"
ts=1736257158 level=info service=database host=host-04.example trace_id=trace-behavior-00021674 msg="event_id=behavior-21674 step=4"
ts=1736257569 level=info service=database host=host-04.example trace_id=trace-behavior-00021691 msg="event_id=behavior-21691 step=10"
ts=1736258682 level=info service=database host=host-04.example trace_id=trace-behavior-00021737 msg="event_id=behavior-21737 step=1"
ts=1736258851 level=info service=database host=host-04.example trace_id=trace-behavior-00021744 msg="event_id=behavior-21744 step=8"
ts=1736259287 level=info service=database host=host-04.example trace_id=trace-behavior-00021762 msg="event_id=behavior-21762 step=4"
ts=1736259384 level=info service=database host=host-04.example trace_id=trace-behavior-00021766 msg="event_id=behavior-21766 step=8"
ts=1736259408 level=info service=database host=host-04.example trace_id=trace-behavior-00021767 msg="event_id=behavior-21767 step=9"
ts=1736259940 level=info service=database host=host-04.example trace_id=trace-behavior-00021789 msg="event_id=behavior-21789 step=9"
ts=1736260013 level=info service=database host=host-04.example trace_id=trace-behavior-00021792 msg="event_id=behavior-21792 step=1"
ts=1736260085 level=info service=database host=host-04.example trace_id=trace-behavior-00021795 msg="event_id=behavior-21795 step=4"
ts=1736260206 level=info service=database host=host-04.example trace_id=trace-behavior-00021800 msg="event_id=behavior-21800 LONG_JSON_SENTINEL payload=xxxxxxxxxxxxxxxxxxxxxxxxxxxxxxxxxxxxxxxxxxxxxxxxxxxxxxxxxxxxxxxxxxxxxxxxxxxxxxxxxxxxxxxxxxxxxxxxxxxxxxxxxxxxxxxxxxxxxxxxxxxxxxxxxxxxxxxxxxxxxxxxxxxxxxxxxxxxxxxxxxxxxxxxxxxxxxxxxxxxxxxxxxxxxxxxxxxxxxxxxxxxxxxxxxxxxxxxxxxxxxxxxxxxxxxxxxxxxxxxxxxxxxxxxxxxxxxxxxxxxxxxxxxxxxxxxxxxxxxxxxxxxxxxxxxxxxxxxxxxxxxxxxxxxxxxxxxxxxxxxxxxxxxxxxxxxxxxxxxxxxxxxxxxxxxxxxxxxxxxxxxxxxxxxxxxxxxxxxxxxxxxxxxxxxxxxxxxxxxx"
ts=1736260351 level=info service=database host=host-04.example trace_id=trace-behavior-00021806 msg="event_id=behavior-21806 step=4"
ts=1736260811 level=warn service=database host=host-04.example trace_id=trace-behavior-00021825 msg="event_id=behavior-21825 step=1"
ts=1736260835 level=info service=database host=host-04.example trace_id=trace-behavior-00021826 msg="event_id=behavior-21826 step=2"
ts=1736261053 level=info service=database host=host-04.example trace_id=trace-behavior-00021835 msg="event_id=behavior-21835 step=0"
ts=1736261440 level=info service=database host=host-04.example trace_id=trace-behavior-00021851 msg="event_id=behavior-21851 step=5"
ts=1736261464 level=info service=database host=host-04.example trace_id=trace-behavior-00021852 msg="event_id=behavior-21852 step=6"
ts=1736261513 level=info service=database host=host-04.example trace_id=trace-behavior-00021854 msg="event_id=behavior-21854 step=8"
ts=1736261585 level=info service=database host=host-04.example trace_id=trace-behavior-00021857 msg="event_id=behavior-21857 step=0"
ts=1736261682 level=info service=database host=host-04.example trace_id=trace-behavior-00021861 msg="event_id=behavior-21861 step=4"
ts=1736261851 level=info service=database host=host-04.example trace_id=trace-behavior-00021868 msg="event_id=behavior-21868 step=0"
ts=1736262045 level=info service=database host=host-04.example trace_id=trace-behavior-00021876 msg="event_id=behavior-21876 step=8"
ts=1736262093 level=info service=database host=host-04.example trace_id=trace-behavior-00021878 msg="event_id=behavior-21878 step=10"
ts=1736262142 level=info service=database host=host-04.example trace_id=trace-behavior-00021880 msg="event_id=behavior-21880 step=1"
ts=1736262384 level=info service=database host=host-04.example trace_id=trace-behavior-00021890 msg="event_id=behavior-21890 step=0"
ts=1736262553 level=info service=database host=host-04.example trace_id=trace-behavior-00021897 msg="event_id=behavior-21897 step=7"
ts=1736262892 level=info service=database host=host-04.example trace_id=trace-behavior-00021911 msg="event_id=behavior-21911 step=10"
ts=1736263085 level=info service=database host=host-04.example trace_id=trace-behavior-00021919 msg="event_id=behavior-21919 step=7"
ts=1736263327 level=info service=database host=host-04.example trace_id=trace-behavior-00021929 msg="event_id=behavior-21929 step=6"
ts=1736263424 level=info service=database host=host-04.example trace_id=trace-behavior-00021933 msg="event_id=behavior-21933 step=10"
ts=1736263642 level=info service=database host=host-04.example trace_id=trace-behavior-00021942 msg="event_id=behavior-21942 step=8"
ts=1736263932 level=info service=database host=host-04.example trace_id=trace-behavior-00021954 msg="event_id=behavior-21954 step=9"
ts=1736264004 level=info service=database host=host-04.example trace_id=trace-behavior-00021957 msg="event_id=behavior-21957 step=1"
ts=1736264174 level=info service=database host=host-04.example trace_id=trace-behavior-00021964 msg="event_id=behavior-21964 step=8"
ts=1736264464 level=info service=database host=host-04.example trace_id=trace-behavior-00021976 msg="event_id=behavior-21976 step=9"
ts=1736264537 level=info service=database host=host-04.example trace_id=trace-behavior-00021979 msg="event_id=behavior-21979 step=1"
ts=1736264658 level=info service=database host=host-04.example trace_id=trace-behavior-00021984 msg="event_id=behavior-21984 step=6"
ts=1736264924 level=info service=database host=host-04.example trace_id=trace-behavior-00021995 msg="event_id=behavior-21995 step=6"
ts=1736265359 level=info service=database host=host-04.example trace_id=trace-behavior-00022013 msg="event_id=behavior-22013 step=2"
ts=1736265456 level=info service=database host=host-04.example trace_id=trace-behavior-00022017 msg="event_id=behavior-22017 step=6"
ts=1736266061 level=info service=database host=host-04.example trace_id=trace-behavior-00022042 msg="event_id=behavior-22042 step=9"
ts=1736266327 level=info service=database host=host-04.example trace_id=trace-behavior-00022053 msg="event_id=behavior-22053 step=9"
ts=1736266472 level=info service=database host=host-04.example trace_id=trace-behavior-00022059 msg="event_id=behavior-22059 step=4"
ts=1736266642 level=info service=database host=host-04.example trace_id=trace-behavior-00022066 msg="event_id=behavior-22066 step=0"
ts=1736266811 level=info service=database host=host-04.example trace_id=trace-behavior-00022073 msg="event_id=behavior-22073 step=7"
ts=1736266883 level=info service=database host=host-04.example trace_id=trace-behavior-00022076 msg="event_id=behavior-22076 step=10"
ts=1736267246 level=info service=database host=host-04.example trace_id=trace-behavior-00022091 msg="event_id=behavior-22091 step=3"
ts=1736267319 level=info service=database host=host-04.example trace_id=trace-behavior-00022094 msg="event_id=behavior-22094 step=6"
ts=1736268190 level=info service=database host=host-04.example trace_id=trace-behavior-00022130 msg="event_id=behavior-22130 step=9"
ts=1736268238 level=info service=database host=host-04.example trace_id=trace-behavior-00022132 msg="event_id=behavior-22132 step=0"
ts=1736268650 level=info service=database host=host-04.example trace_id=trace-behavior-00022149 msg="event_id=behavior-22149 step=6"
ts=1736268843 level=info service=database host=host-04.example trace_id=trace-behavior-00022157 msg="event_id=behavior-22157 step=3"
ts=1736268988 level=info service=database host=host-04.example trace_id=trace-behavior-00022163 msg="event_id=behavior-22163 step=9"
ts=1736269303 level=info service=database host=host-04.example trace_id=trace-behavior-00022176 msg="event_id=behavior-22176 step=0"
ts=1736269375 level=info service=database host=host-04.example trace_id=trace-behavior-00022179 msg="event_id=behavior-22179 step=3"
ts=1736269714 level=info service=database host=host-04.example trace_id=trace-behavior-00022193 msg="event_id=behavior-22193 step=6"
ts=1736269811 level=info service=database host=host-04.example trace_id=trace-behavior-00022197 msg="event_id=behavior-22197 step=10"
ts=1736270004 level=info service=database host=host-04.example trace_id=trace-behavior-00022205 msg="event_id=behavior-22205 step=7"
ts=1736270198 level=warn service=database host=host-04.example trace_id=trace-behavior-00022213 msg="event_id=behavior-22213 step=4"
ts=1736270270 level=info service=database host=host-04.example trace_id=trace-behavior-00022216 msg="event_id=behavior-22216 step=7"
ts=1736271408 level=info service=database host=host-04.example trace_id=trace-behavior-00022263 msg="event_id=behavior-22263 step=10"
ts=1736271722 level=info service=database host=host-04.example trace_id=trace-behavior-00022276 msg="event_id=behavior-22276 step=1"
ts=1736271916 level=info service=database host=host-04.example trace_id=trace-behavior-00022284 msg="event_id=behavior-22284 step=9"
ts=1736272012 level=info service=database host=host-04.example trace_id=trace-behavior-00022288 msg="event_id=behavior-22288 step=2"
ts=1736272085 level=info service=database host=host-04.example trace_id=trace-behavior-00022291 msg="event_id=behavior-22291 step=5"
ts=1736272109 level=info service=database host=host-04.example trace_id=trace-behavior-00022292 msg="event_id=behavior-22292 step=6"
ts=1736272206 level=info service=database host=host-04.example trace_id=trace-behavior-00022296 msg="event_id=behavior-22296 step=10"
ts=1736272278 level=info service=database host=host-04.example trace_id=trace-behavior-00022299 msg="event_id=behavior-22299 step=2"
ts=1736272303 level=info service=database host=host-04.example trace_id=trace-behavior-00022300 msg="event_id=behavior-22300 LONG_JSON_SENTINEL payload=xxxxxxxxxxxxxxxxxxxxxxxxxxxxxxxxxxxxxxxxxxxxxxxxxxxxxxxxxxxxxxxxxxxxxxxxxxxxxxxxxxxxxxxxxxxxxxxxxxxxxxxxxxxxxxxxxxxxxxxxxxxxxxxxxxxxxxxxxxxxxxxxxxxxxxxxxxxxxxxxxxxxxxxxxxxxxxxxxxxxxxxxxxxxxxxxxxxxxxxxxxxxxxxxxxxxxxxxxxxxxxxxxxxxxxxxxxxxxxxxxxxxxxxxxxxxxxxxxxxxxxxxxxxxxxxxxxxxxxxxxxxxxxxxxxxxxxxxxxxxxxxxxxxxxxxxxxxxxxxxxxxxxxxxxxxxxxxxxxxxxxxxxxxxxxxxxxxxxxxxxxxxxxxxxxxxxxxxxxxxxxxxxxxxxxxxxxxxxxxxxxxxxxxxxxxxxxxxxxxxxxxxxxxxxxxxxxxxxxxxxxxxxxxxxxxxxxxxxxxxxxxxxxxxxxxxxxxxxxxxxxxxxxxxxxxxxxxxxxxx"
ts=1736272375 level=info service=database host=host-04.example trace_id=trace-behavior-00022303 msg="event_id=behavior-22303 LONG_JSON_SENTINEL payload=xxxxxxxxxxxxxxxxxxxxxxxxxxxxxxxxxxxxxxxxxxxxxxxxxxxxxxxxxxxxxxxxxxxxxxxxxxxxxxxxxxxxxxxxxxxxxxxxxxxxxxxxxxxxxxxxxxxxxxxxxxxxxxxxxxxxxxxxxxxxxxxxxxxxxxxxxxxxxxxxxxxxxxxxxxxxxxxxxxxxxxxxxxxxxxxxxxxxxxxxxxxxxxxxxxxxxxxxxxxxxxxxxxxxxxxxxxxxxxxxxxxxxxxxxxxxxxxxxxxxxxxxxxxxxxxxxxxxxxxxxxxxxxxxxxxxxxxxxxxxxxxxxxxxxxxxxxxxxxxxxxxxxxxxxxxxxxxxxxxxxxxxxxxxxxxxxxxxxxxxxxxxxxxxxxxxxxxxxxxxxxxxxxxxxxxxxxxxxxxxxxxxxxxxxxxxxxxxxxxxxxxxxxxxxxxxxxxxxxxxxxxxxxxxxxxxxxxxxxxxxxxxxxxxxxxxxxxxxxxxxxxxxxxxxxxxxxxxxxxxxxx"
ts=1736272520 level=info service=database host=host-04.example trace_id=trace-behavior-00022309 msg="event_id=behavior-22309 step=1"
ts=1736273174 level=info service=database host=host-04.example trace_id=trace-behavior-00022336 msg="event_id=behavior-22336 step=6"
ts=1736273440 level=info service=database host=host-04.example trace_id=trace-behavior-00022347 msg="event_id=behavior-22347 step=6"
ts=1736273488 level=info service=database host=host-04.example trace_id=trace-behavior-00022349 msg="event_id=behavior-22349 step=8"
ts=1736273512 level=info service=database host=host-04.example trace_id=trace-behavior-00022350 msg="event_id=behavior-22350 step=9"
ts=1736273585 level=info service=database host=host-04.example trace_id=trace-behavior-00022353 msg="event_id=behavior-22353 step=1"
ts=1736273803 level=info service=database host=host-04.example trace_id=trace-behavior-00022362 msg="event_id=behavior-22362 step=10"
ts=1736273899 level=error service=database host=host-04.example trace_id=trace-behavior-00022366 msg="event_id=behavior-22366 step=3"
ts=1736273996 level=info service=database host=host-04.example trace_id=trace-behavior-00022370 msg="event_id=behavior-22370 step=7"
ts=1736274093 level=info service=database host=host-04.example trace_id=trace-behavior-00022374 msg="event_id=behavior-22374 step=0"
ts=1736274214 level=info service=database host=host-04.example trace_id=trace-behavior-00022379 msg="event_id=behavior-22379 step=5"
ts=1736274287 level=info service=database host=host-04.example trace_id=trace-behavior-00022382 msg="event_id=behavior-22382 step=8"
ts=1736274795 level=info service=database host=host-04.example trace_id=trace-behavior-00022403 msg="event_id=behavior-22403 LONG_JSON_SENTINEL payload=xxxxxxxxxxxxxxxxxxxxxxxxxxxxxxxxxxxxxxxxxxxxxxxxxxxxxxxxxxxxxxxxxxxxxxxxxxxxxxxxxxxxxxxxxxxxxxxxxxxxxxxxxxxxxxxxxxxxxxxxxxxxxxxxxxxxxxxxxxxxxxxxxxxxxxxxxxxxxxxxxxxxxxxxxxxxxxxxxxxxxxxxxxxxxxxxxxxxxxxxxxxxxxxxxxxxxxxxxxxxxxxxxxxxxxxxxxxxxxxxxxxxxxxxxxxxxxxxxxxxxxxxxxxxxxxxxxxxxxxxxxxxxxxxxxxxxxxxxxxxxxxxxxxxxxxxxxxxxxxxxxxxxxxxxxxxxxxxxxxxxxxxxxxxxxxxxxxxxxxxxxxxxxxxxxxxxxxxxxxxxxxxxxxxxxxxxxxxxxxxxxx"
ts=1736275085 level=info service=database host=host-04.example trace_id=trace-behavior-00022415 msg="event_id=behavior-22415 step=8"
ts=1736275496 level=info service=database host=host-04.example trace_id=trace-behavior-00022432 msg="event_id=behavior-22432 step=3"
ts=1736275641 level=info service=database host=host-04.example trace_id=trace-behavior-00022438 msg="event_id=behavior-22438 step=9"
ts=1736275666 level=info service=database host=host-04.example trace_id=trace-behavior-00022439 msg="event_id=behavior-22439 step=10"
ts=1736275907 level=info service=database host=host-04.example trace_id=trace-behavior-00022449 msg="event_id=behavior-22449 step=9"
ts=1736275932 level=info service=database host=host-04.example trace_id=trace-behavior-00022450 msg="event_id=behavior-22450 step=10"
ts=1736275956 level=info service=database host=host-04.example trace_id=trace-behavior-00022451 msg="event_id=behavior-22451 step=0"
ts=1736276125 level=info service=database host=host-04.example trace_id=trace-behavior-00022458 msg="event_id=behavior-22458 step=7"
ts=1736276319 level=info service=database host=host-04.example trace_id=trace-behavior-00022466 msg="event_id=behavior-22466 step=4"
ts=1736276682 level=info service=database host=host-04.example trace_id=trace-behavior-00022481 msg="event_id=behavior-22481 step=8"
ts=1736277359 level=info service=database host=host-04.example trace_id=trace-behavior-00022509 msg="event_id=behavior-22509 step=3"
ts=1736277625 level=info service=database host=host-04.example trace_id=trace-behavior-00022520 msg="event_id=behavior-22520 step=3"
ts=1736277819 level=info service=database host=host-04.example trace_id=trace-behavior-00022528 msg="event_id=behavior-22528 step=0"
ts=1736277915 level=info service=database host=host-04.example trace_id=trace-behavior-00022532 msg="event_id=behavior-22532 step=4"
ts=1736278182 level=info service=database host=host-04.example trace_id=trace-behavior-00022543 msg="event_id=behavior-22543 step=4"
ts=1736278303 level=info service=database host=host-04.example trace_id=trace-behavior-00022548 msg="event_id=behavior-22548 step=9"
ts=1736278811 level=info service=database host=host-04.example trace_id=trace-behavior-00022569 msg="event_id=behavior-22569 step=8"
ts=1736279101 level=info service=database host=host-04.example trace_id=trace-behavior-00022581 msg="event_id=behavior-22581 step=9"
ts=1736279464 level=info service=database host=host-04.example trace_id=trace-behavior-00022596 msg="event_id=behavior-22596 step=2"
ts=1736279827 level=info service=database host=host-04.example trace_id=trace-behavior-00022611 msg="event_id=behavior-22611 step=6"
ts=1736280311 level=info service=database host=host-04.example trace_id=trace-behavior-00022631 msg="event_id=behavior-22631 step=4"
ts=1736280359 level=info service=database host=host-04.example trace_id=trace-behavior-00022633 msg="event_id=behavior-22633 step=6"
ts=1736280552 level=info service=database host=host-04.example trace_id=trace-behavior-00022641 msg="event_id=behavior-22641 step=3"
ts=1736280770 level=info service=database host=host-04.example trace_id=trace-behavior-00022650 msg="event_id=behavior-22650 step=1"
ts=1736280867 level=info service=database host=host-04.example trace_id=trace-behavior-00022654 msg="event_id=behavior-22654 step=5"
ts=1736281109 level=info service=database host=host-04.example trace_id=trace-behavior-00022664 msg="event_id=behavior-22664 step=4"
ts=1736281133 level=debug service=database host=host-04.example trace_id=trace-behavior-00022665 msg="event_id=behavior-22665 step=5"
ts=1736281327 level=info service=database host=host-04.example trace_id=trace-behavior-00022673 msg="event_id=behavior-22673 step=2"
ts=1736281520 level=info service=database host=host-04.example trace_id=trace-behavior-00022681 msg="event_id=behavior-22681 step=10"
ts=1736281544 level=info service=database host=host-04.example trace_id=trace-behavior-00022682 msg="event_id=behavior-22682 step=0"
ts=1736281617 level=info service=database host=host-04.example trace_id=trace-behavior-00022685 msg="event_id=behavior-22685 step=3"
ts=1736282004 level=info service=database host=host-04.example trace_id=trace-behavior-00022701 msg="event_id=behavior-22701 STACK_TRACE_SENTINEL failure in handler\n    at lab_module_handler(file=example_rs line=41)\n    at lab_module_dispatch(file=example_rs line=11)\nCaused by: simulated timeout after 301ms"
ts=1736282657 level=info service=database host=host-04.example trace_id=trace-behavior-00022728 msg="event_id=behavior-22728 step=2"
ts=1736282923 level=info service=database host=host-04.example trace_id=trace-behavior-00022739 msg="event_id=behavior-22739 step=2"
ts=1736283093 level=info service=database host=host-04.example trace_id=trace-behavior-00022746 msg="event_id=behavior-22746 step=9"
ts=1736283262 level=info service=database host=host-04.example trace_id=trace-behavior-00022753 msg="event_id=behavior-22753 step=5"
ts=1736283286 level=info service=database host=host-04.example trace_id=trace-behavior-00022754 msg="event_id=behavior-22754 step=6"
ts=1736283335 level=info service=database host=host-04.example trace_id=trace-behavior-00022756 msg="event_id=behavior-22756 step=8"
ts=1736283698 level=info service=database host=host-04.example trace_id=trace-behavior-00022771 msg="event_id=behavior-22771 step=1"
ts=1736283746 level=info service=database host=host-04.example trace_id=trace-behavior-00022773 msg="event_id=behavior-22773 step=3"
ts=1736284060 level=info service=database host=host-04.example trace_id=trace-behavior-00022786 msg="event_id=behavior-22786 step=5"
ts=1736284254 level=info service=database host=host-04.example trace_id=trace-behavior-00022794 msg="event_id=behavior-22794 step=2"
ts=1736284399 level=info service=database host=host-04.example trace_id=trace-behavior-00022800 msg="event_id=behavior-22800 STACK_TRACE_SENTINEL failure in handler\n    at lab_module_handler(file=example_rs line=40)\n    at lab_module_dispatch(file=example_rs line=10)\nCaused by: simulated timeout after 400ms"
ts=1736284423 level=info service=database host=host-04.example trace_id=trace-behavior-00022801 msg="event_id=behavior-22801 LONG_JSON_SENTINEL payload=xxxxxxxxxxxxxxxxxxxxxxxxxxxxxxxxxxxxxxxxxxxxxxxxxxxxxxxxxxxxxxxxxxxxxxxxxxxxxxxxxxxxxxxxxxxxxxxxxxxxxxxxxxxxxxxxxxxxxxxxxxxxxxxxxxxxxxxxxxxxxxxxxxxxxxxxxxxxxxxxxxxxxxxxxxxxxxxxxxxxxxxxxxxxxxxxxxxxxxxxxxxxxxxxxxxxxxxxxxxxxxxxxxxxxxxxxxxxxxxxxxxxxxxxxxxxxxxxxxxxxxxxxxxxxxxxxxxxxxxxxxxxxxxxxxxxxxxxxxxxxxxxxxxxxxxxxxxxxxxxxxxxxxxxxxxxxxxxxxxxxxxxxxxxxxxxxxxxxxxxxxxxxxxxxxxxxxxxxxxxxxxxxxxxxxxxxxxxxxxxx"
ts=1736284641 level=info service=database host=host-04.example trace_id=trace-behavior-00022810 msg="event_id=behavior-22810 step=7"
ts=1736284931 level=info service=database host=host-04.example trace_id=trace-behavior-00022822 msg="event_id=behavior-22822 step=8"
ts=1736285512 level=info service=database host=host-04.example trace_id=trace-behavior-00022846 msg="event_id=behavior-22846 step=10"
ts=1736285681 level=info service=database host=host-04.example trace_id=trace-behavior-00022853 msg="event_id=behavior-22853 step=6"
ts=1736285706 level=info service=database host=host-04.example trace_id=trace-behavior-00022854 msg="event_id=behavior-22854 step=7"
ts=1736285948 level=info service=database host=host-04.example trace_id=trace-behavior-00022864 msg="event_id=behavior-22864 step=6"
ts=1736286310 level=info service=database host=host-04.example trace_id=trace-behavior-00022879 msg="event_id=behavior-22879 step=10"
ts=1736286577 level=info service=database host=host-04.example trace_id=trace-behavior-00022890 msg="event_id=behavior-22890 step=10"
ts=1736286770 level=info service=database host=host-04.example trace_id=trace-behavior-00022898 msg="event_id=behavior-22898 step=7"
ts=1736286818 level=info service=database host=host-04.example trace_id=trace-behavior-00022900 msg="event_id=behavior-22900 LONG_JSON_SENTINEL payload=xxxxxxxxxxxxxxxxxxxxxxxxxxxxxxxxxxxxxxxxxxxxxxxxxxxxxxxxxxxxxxxxxxxxxxxxxxxxxxxxxxxxxxxxxxxxxxxxxxxxxxxxxxxxxxxxxxxxxxxxxxxxxxxxxxxxxxxxxxxxxxxxxxxxxxxxxxxxxxxxxxxxxxxxxxxxxxxxxxxxxxxxxxxxxxxxxxxxxxxxxxxxxxxxxxxxxxxxxxxxxxxxxxxxxxxxxxxxxxxxxxxxxxxxxxxxxxxxxxxxxxxxxxxxxxxxxxxxxxxxxxxxxxxxxxxxxxxxxxxxxxxxxxxxxxxxxxxxxxxxxxxxxxxxxxxxxxxxxxxxxxxxxxxxxxxxxxxxxxxxxxxxxxxxxxxxxxxxxxxxxxxxxxxxxxxxxxxxxxxxxxxxxxxxxxxxxxxxxxxxxxxxxxxxxxxxxxxxxxxxxxxxxxxxxxxxxxxxxxxxxxxxxxxxxxxxxxxxxxxxxxxxxxxxxxxxxxxxxxxx"
ts=1736287351 level=info service=database host=host-04.example trace_id=trace-behavior-00022922 msg="event_id=behavior-22922 step=9"
ts=1736287907 level=info service=database host=host-04.example trace_id=trace-behavior-00022945 msg="event_id=behavior-22945 step=10"
ts=1736288004 level=info service=database host=host-04.example trace_id=trace-behavior-00022949 msg="event_id=behavior-22949 step=3"
ts=1736288609 level=info service=database host=host-04.example trace_id=trace-behavior-00022974 msg="event_id=behavior-22974 step=6"
ts=1736288730 level=info service=database host=host-04.example trace_id=trace-behavior-00022979 msg="event_id=behavior-22979 step=0"
ts=1736288754 level=info service=database host=host-04.example trace_id=trace-behavior-00022980 msg="event_id=behavior-22980 step=1"
ts=1736289044 level=info service=database host=host-04.example trace_id=trace-behavior-00022992 msg="event_id=behavior-22992 step=2"
ts=1736289141 level=info service=database host=host-04.example trace_id=trace-behavior-00022996 msg="event_id=behavior-22996 step=6"
ts=1736289528 level=info service=database host=host-04.example trace_id=trace-behavior-00023012 msg="event_id=behavior-23012 step=0"
ts=1736289576 level=info service=database host=host-04.example trace_id=trace-behavior-00023014 msg="event_id=behavior-23014 step=2"
ts=1736289843 level=info service=database host=host-04.example trace_id=trace-behavior-00023025 msg="event_id=behavior-23025 step=2"
ts=1736289891 level=debug service=database host=host-04.example trace_id=trace-behavior-00023027 msg="event_id=behavior-23027 step=4"
ts=1736289939 level=info service=database host=host-04.example trace_id=trace-behavior-00023029 msg="event_id=behavior-23029 step=6"
ts=1736290109 level=info service=database host=host-04.example trace_id=trace-behavior-00023036 msg="event_id=behavior-23036 step=2"
ts=1736290133 level=info service=database host=host-04.example trace_id=trace-behavior-00023037 msg="event_id=behavior-23037 step=3"
ts=1736290544 level=info service=database host=host-04.example trace_id=trace-behavior-00023054 msg="event_id=behavior-23054 step=9"
ts=1736290907 level=info service=database host=host-04.example trace_id=trace-behavior-00023069 msg="event_id=behavior-23069 step=2"
ts=1736291004 level=info service=database host=host-04.example trace_id=trace-behavior-00023073 msg="event_id=behavior-23073 step=6"
ts=1736291246 level=info service=database host=host-04.example trace_id=trace-behavior-00023083 msg="event_id=behavior-23083 step=5"
ts=1736291972 level=info service=database host=host-04.example trace_id=trace-behavior-00023113 msg="event_id=behavior-23113 step=2"
ts=1736292213 level=info service=database host=host-04.example trace_id=trace-behavior-00023123 msg="event_id=behavior-23123 step=1"
ts=1736292359 level=info service=database host=host-04.example trace_id=trace-behavior-00023129 msg="event_id=behavior-23129 step=7"
ts=1736292504 level=info service=database host=host-04.example trace_id=trace-behavior-00023135 msg="event_id=behavior-23135 step=2"
ts=1736292528 level=info service=database host=host-04.example trace_id=trace-behavior-00023136 msg="event_id=behavior-23136 step=3"
ts=1736293012 level=info service=database host=host-04.example trace_id=trace-behavior-00023156 msg="event_id=behavior-23156 step=1"
ts=1736293036 level=info service=database host=host-04.example trace_id=trace-behavior-00023157 msg="event_id=behavior-23157 step=2"
ts=1736293157 level=info service=database host=host-04.example trace_id=trace-behavior-00023162 msg="event_id=behavior-23162 step=7"
ts=1736293205 level=info service=database host=host-04.example trace_id=trace-behavior-00023164 msg="event_id=behavior-23164 step=9"
ts=1736293447 level=info service=database host=host-04.example trace_id=trace-behavior-00023174 msg="event_id=behavior-23174 step=8"
ts=1736293713 level=info service=database host=host-04.example trace_id=trace-behavior-00023185 msg="event_id=behavior-23185 step=8"
ts=1736294826 level=info service=database host=host-04.example trace_id=trace-behavior-00023231 msg="event_id=behavior-23231 step=10"
ts=1736294875 level=info service=database host=host-04.example trace_id=trace-behavior-00023233 msg="event_id=behavior-23233 step=1"
ts=1736295117 level=info service=database host=host-04.example trace_id=trace-behavior-00023243 msg="event_id=behavior-23243 step=0"
ts=1736295189 level=info service=database host=host-04.example trace_id=trace-behavior-00023246 msg="event_id=behavior-23246 step=3"
ts=1736295697 level=info service=database host=host-04.example trace_id=trace-behavior-00023267 msg="event_id=behavior-23267 step=2"
ts=1736296012 level=warn service=database host=host-04.example trace_id=trace-behavior-00023280 msg="event_id=behavior-23280 step=4"
ts=1736296423 level=info service=database host=host-04.example trace_id=trace-behavior-00023297 msg="event_id=behavior-23297 step=10"
ts=1736296617 level=info service=database host=host-04.example trace_id=trace-behavior-00023305 msg="event_id=behavior-23305 step=7"
ts=1736296713 level=info service=database host=host-04.example trace_id=trace-behavior-00023309 msg="event_id=behavior-23309 step=0"
ts=1736296907 level=info service=database host=host-04.example trace_id=trace-behavior-00023317 msg="event_id=behavior-23317 step=8"
ts=1736297028 level=info service=database host=host-04.example trace_id=trace-behavior-00023322 msg="event_id=behavior-23322 step=2"
ts=1736297173 level=info service=database host=host-04.example trace_id=trace-behavior-00023328 msg="event_id=behavior-23328 step=8"
ts=1736297415 level=info service=database host=host-04.example trace_id=trace-behavior-00023338 msg="event_id=behavior-23338 step=7"
ts=1736297463 level=info service=database host=host-04.example trace_id=trace-behavior-00023340 msg="event_id=behavior-23340 step=9"
ts=1736297899 level=info service=database host=host-04.example trace_id=trace-behavior-00023358 msg="event_id=behavior-23358 step=5"
ts=1736297923 level=info service=database host=host-04.example trace_id=trace-behavior-00023359 msg="event_id=behavior-23359 step=6"
ts=1736298189 level=info service=database host=host-04.example trace_id=trace-behavior-00023370 msg="event_id=behavior-23370 step=6"
ts=1736299375 level=info service=database host=host-04.example trace_id=trace-behavior-00023419 msg="event_id=behavior-23419 step=0"
ts=1736299520 level=info service=database host=host-04.example trace_id=trace-behavior-00023425 msg="event_id=behavior-23425 step=6"
ts=1736299786 level=info service=database host=host-04.example trace_id=trace-behavior-00023436 msg="event_id=behavior-23436 step=6"
ts=1736299883 level=info service=database host=host-04.example trace_id=trace-behavior-00023440 msg="event_id=behavior-23440 step=10"
ts=1736299907 level=info service=database host=host-04.example trace_id=trace-behavior-00023441 msg="event_id=behavior-23441 step=0"
ts=1736299931 level=info service=database host=host-04.example trace_id=trace-behavior-00023442 msg="event_id=behavior-23442 step=1"
ts=1736299955 level=info service=database host=host-04.example trace_id=trace-behavior-00023443 msg="event_id=behavior-23443 step=2"
ts=1736299979 level=info service=database host=host-04.example trace_id=trace-behavior-00023444 msg="event_id=behavior-23444 step=3"
ts=1736300052 level=info service=database host=host-04.example trace_id=trace-behavior-00023447 msg="event_id=behavior-23447 step=6"
ts=1736300100 level=info service=database host=host-04.example trace_id=trace-behavior-00023449 msg="event_id=behavior-23449 step=8"
ts=1736300197 level=info service=database host=host-04.example trace_id=trace-behavior-00023453 msg="event_id=behavior-23453 step=1"
ts=1736300221 level=info service=database host=host-04.example trace_id=trace-behavior-00023454 msg="event_id=behavior-23454 step=2"
ts=1736300367 level=info service=database host=host-04.example trace_id=trace-behavior-00023460 msg="event_id=behavior-23460 step=8"
ts=1736300415 level=info service=database host=host-04.example trace_id=trace-behavior-00023462 msg="event_id=behavior-23462 step=10"
ts=1736300487 level=info service=database host=host-04.example trace_id=trace-behavior-00023465 msg="event_id=behavior-23465 step=2"
ts=1736300705 level=warn service=database host=host-04.example trace_id=trace-behavior-00023474 msg="event_id=behavior-23474 step=0"
ts=1736300826 level=info service=database host=host-04.example trace_id=trace-behavior-00023479 msg="event_id=behavior-23479 step=5"
ts=1736300971 level=info service=database host=host-04.example trace_id=trace-behavior-00023485 msg="event_id=behavior-23485 step=0"
ts=1736301213 level=info service=database host=host-04.example trace_id=trace-behavior-00023495 msg="event_id=behavior-23495 step=10"
ts=1736301987 level=info service=database host=host-04.example trace_id=trace-behavior-00023527 msg="event_id=behavior-23527 step=9"
ts=1736302012 level=info service=database host=host-04.example trace_id=trace-behavior-00023528 msg="event_id=behavior-23528 step=10"
ts=1736302181 level=info service=database host=host-04.example trace_id=trace-behavior-00023535 msg="event_id=behavior-23535 step=6"
ts=1736302592 level=info service=database host=host-04.example trace_id=trace-behavior-00023552 msg="event_id=behavior-23552 step=1"
ts=1736302979 level=info service=database host=host-04.example trace_id=trace-behavior-00023568 msg="event_id=behavior-23568 step=6"
ts=1736303100 level=info service=database host=host-04.example trace_id=trace-behavior-00023573 msg="event_id=behavior-23573 step=0"
ts=1736303125 level=info service=database host=host-04.example trace_id=trace-behavior-00023574 msg="event_id=behavior-23574 step=1"
ts=1736303415 level=info service=database host=host-04.example trace_id=trace-behavior-00023586 msg="event_id=behavior-23586 step=2"
ts=1736303729 level=info service=database host=host-04.example trace_id=trace-behavior-00023599 msg="event_id=behavior-23599 step=4"
ts=1736303899 level=info service=database host=host-04.example trace_id=trace-behavior-00023606 msg="event_id=behavior-23606 step=0"
ts=1736303995 level=info service=database host=host-04.example trace_id=trace-behavior-00023610 msg="event_id=behavior-23610 step=4"
ts=1736304044 level=info service=database host=host-04.example trace_id=trace-behavior-00023612 msg="event_id=behavior-23612 step=6"
ts=1736304262 level=info service=database host=host-04.example trace_id=trace-behavior-00023621 msg="event_id=behavior-23621 step=4"
ts=1736304552 level=info service=database host=host-04.example trace_id=trace-behavior-00023633 msg="event_id=behavior-23633 step=5"
ts=1736304649 level=info service=database host=host-04.example trace_id=trace-behavior-00023637 msg="event_id=behavior-23637 step=9"
ts=1736304939 level=info service=database host=host-04.example trace_id=trace-behavior-00023649 msg="event_id=behavior-23649 step=10"
ts=1736305181 level=info service=database host=host-04.example trace_id=trace-behavior-00023659 msg="event_id=behavior-23659 step=9"
ts=1736305350 level=info service=database host=host-04.example trace_id=trace-behavior-00023666 msg="event_id=behavior-23666 step=5"
ts=1736305471 level=info service=database host=host-04.example trace_id=trace-behavior-00023671 msg="event_id=behavior-23671 step=10"
ts=1736305592 level=info service=database host=host-04.example trace_id=trace-behavior-00023676 msg="event_id=behavior-23676 step=4"
ts=1736305810 level=info service=database host=host-04.example trace_id=trace-behavior-00023685 msg="event_id=behavior-23685 step=2"
ts=1736305931 level=info service=database host=host-04.example trace_id=trace-behavior-00023690 msg="event_id=behavior-23690 step=7"
ts=1736306608 level=info service=database host=host-04.example trace_id=trace-behavior-00023718 msg="event_id=behavior-23718 step=2"
ts=1736306753 level=info service=database host=host-04.example trace_id=trace-behavior-00023724 msg="event_id=behavior-23724 step=8"
ts=1736306778 level=info service=database host=host-04.example trace_id=trace-behavior-00023725 msg="event_id=behavior-23725 step=9"
ts=1736306802 level=info service=database host=host-04.example trace_id=trace-behavior-00023726 msg="event_id=behavior-23726 step=10"
ts=1736307334 level=info service=database host=host-04.example trace_id=trace-behavior-00023748 msg="event_id=behavior-23748 step=10"
ts=1736307407 level=info service=database host=host-04.example trace_id=trace-behavior-00023751 msg="event_id=behavior-23751 step=2"
ts=1736307503 level=info service=database host=host-04.example trace_id=trace-behavior-00023755 msg="event_id=behavior-23755 step=6"
ts=1736307552 level=info service=database host=host-04.example trace_id=trace-behavior-00023757 msg="event_id=behavior-23757 step=8"
ts=1736307576 level=info service=database host=host-04.example trace_id=trace-behavior-00023758 msg="event_id=behavior-23758 step=9"
ts=1736307770 level=info service=database host=host-04.example trace_id=trace-behavior-00023766 msg="event_id=behavior-23766 step=6"
ts=1736308205 level=info service=database host=host-04.example trace_id=trace-behavior-00023784 msg="event_id=behavior-23784 step=2"
ts=1736308447 level=info service=database host=host-04.example trace_id=trace-behavior-00023794 msg="event_id=behavior-23794 step=1"
ts=1736308592 level=info service=database host=host-04.example trace_id=trace-behavior-00023800 msg="event_id=behavior-23800 LONG_JSON_SENTINEL payload=xxxxxxxxxxxxxxxxxxxxxxxxxxxxxxxxxxxxxxxxxxxxxxxxxxxxxxxxxxxxxxxxxxxxxxxxxxxxxxxxxxxxxxxxxxxxxxxxxxxxxxxxxxxxxxxxxxxxxxxxxxxxxxxxxxxxxxxxxxxxxxxxxxxxxxxxxxxxxxxxxxxxxxxxxxxxxxxxxxxxxxxxxxxxxxxxxxxxxxxxxxxxxxxxxxxxxxxxxxxxxxxxxxxxxxxxxxxxxxxxxxxxxxxxxxxxxxxxxxxxxxxxxxxxxxxxxxxxxxxxxxxxxxxxxxxxxxxxxxxxxxxxxxxxxxxxxxxxxxxxxxxxxxxxxxxxxxxxxxxxxxxxxxxxxxxxxxxxxxxxxxxxxxxxxxxxxxxxxxxxxxxxxxxxxxxxxxxxxxxx"
ts=1736309366 level=info service=database host=host-04.example trace_id=trace-behavior-00023832 msg="event_id=behavior-23832 step=6"
ts=1736309511 level=info service=database host=host-04.example trace_id=trace-behavior-00023838 msg="event_id=behavior-23838 step=1"
ts=1736309657 level=info service=database host=host-04.example trace_id=trace-behavior-00023844 msg="event_id=behavior-23844 step=7"
ts=1736309681 level=info service=database host=host-04.example trace_id=trace-behavior-00023845 msg="event_id=behavior-23845 step=8"
ts=1736309705 level=info service=database host=host-04.example trace_id=trace-behavior-00023846 msg="event_id=behavior-23846 step=9"
ts=1736309778 level=info service=database host=host-04.example trace_id=trace-behavior-00023849 msg="event_id=behavior-23849 step=1"
ts=1736309826 level=info service=database host=host-04.example trace_id=trace-behavior-00023851 msg="event_id=behavior-23851 step=3"
ts=1736310044 level=info service=database host=host-04.example trace_id=trace-behavior-00023860 msg="event_id=behavior-23860 step=1"
ts=1736310479 level=info service=database host=host-04.example trace_id=trace-behavior-00023878 msg="event_id=behavior-23878 step=8"
ts=1736311205 level=info service=database host=host-04.example trace_id=trace-behavior-00023908 msg="event_id=behavior-23908 step=5"
ts=1736311713 level=info service=database host=host-04.example trace_id=trace-behavior-00023929 msg="event_id=behavior-23929 step=4"
ts=1736311810 level=info service=database host=host-04.example trace_id=trace-behavior-00023933 msg="event_id=behavior-23933 step=8"
ts=1736311931 level=info service=database host=host-04.example trace_id=trace-behavior-00023938 msg="event_id=behavior-23938 step=2"
ts=1736311979 level=info service=database host=host-04.example trace_id=trace-behavior-00023940 msg="event_id=behavior-23940 step=4"
ts=1736312536 level=info service=database host=host-04.example trace_id=trace-behavior-00023963 msg="event_id=behavior-23963 step=5"
ts=1736312560 level=info service=database host=host-04.example trace_id=trace-behavior-00023964 msg="event_id=behavior-23964 step=6"
ts=1736312705 level=info service=database host=host-04.example trace_id=trace-behavior-00023970 msg="event_id=behavior-23970 step=1"
ts=1736312753 level=info service=database host=host-04.example trace_id=trace-behavior-00023972 msg="event_id=behavior-23972 step=3"
ts=1736312778 level=info service=database host=host-04.example trace_id=trace-behavior-00023973 msg="event_id=behavior-23973 step=4"
ts=1736312826 level=info service=database host=host-04.example trace_id=trace-behavior-00023975 msg="event_id=behavior-23975 step=6"
ts=1736312923 level=info service=database host=host-04.example trace_id=trace-behavior-00023979 msg="event_id=behavior-23979 step=10"
ts=1736313092 level=info service=database host=host-04.example trace_id=trace-behavior-00023986 msg="event_id=behavior-23986 step=6"
ts=1736332785 level=info service=database host=host-04.example trace_id=trace-behavior-00024800 msg="event_id=behavior-24800 LONG_JSON_SENTINEL payload=xxxxxxxxxxxxxxxxxxxxxxxxxxxxxxxxxxxxxxxxxxxxxxxxxxxxxxxxxxxxxxxxxxxxxxxxxxxxxxxxxxxxxxxxxxxxxxxxxxxxxxxxxxxxxxxxxxxxxxxxxxxxxxxxxxxxxxxxxxxxxxxxxxxxxxxxxxxxxxxxxxxxxxxxxxxxxxxxxxxxxxxxxxxxxxxxxxxxxxxxxxxxxxxxxxxxxxxxxxxxxxxxxxxxxxxxxxxxxxxxxxxxxxxxxxxxxxxxxxxxxxxxxxxxxxxxxxxxxxxxxxxxxxxxxxxxxxxxxxxxxxxxxxxxxxxxxxxxxxxxxxxxxxxxxxxxxxxxxxxxxxxxxxxxxxxxxxxxxxxxxxxxxxxxxxxxxxxxxxxxxxxxxxxxxxxxxxxxxxxx"
ts=1736333221 level=info service=database host=host-04.example trace_id=trace-behavior-00024818 msg="event_id=behavior-24818 step=2"
ts=1736333245 level=info service=database host=host-04.example trace_id=trace-behavior-00024819 msg="event_id=behavior-24819 step=3"
ts=1736333293 level=info service=database host=host-04.example trace_id=trace-behavior-00024821 msg="event_id=behavior-24821 step=5"
ts=1736333680 level=info service=database host=host-04.example trace_id=trace-behavior-00024837 msg="event_id=behavior-24837 step=10"
ts=1736333729 level=info service=database host=host-04.example trace_id=trace-behavior-00024839 msg="event_id=behavior-24839 step=1"
ts=1736333946 level=info service=database host=host-04.example trace_id=trace-behavior-00024848 msg="event_id=behavior-24848 step=10"
ts=1736334019 level=info service=database host=host-04.example trace_id=trace-behavior-00024851 msg="event_id=behavior-24851 step=2"
ts=1736334140 level=info service=database host=host-04.example trace_id=trace-behavior-00024856 msg="event_id=behavior-24856 step=7"
ts=1736334333 level=info service=database host=host-04.example trace_id=trace-behavior-00024864 msg="event_id=behavior-24864 STACK_TRACE_SENTINEL failure in handler marker=STACK_TRACE_SENTINEL\n    at lab_module_handler(file=example_rs line=44)\n    at lab_module_dispatch(file=example_rs line=14)\nCaused by: simulated timeout after 664ms"
ts=1736334600 level=info service=database host=host-04.example trace_id=trace-behavior-00024875 msg="event_id=behavior-24875 step=4"
ts=1736334962 level=info service=database host=host-04.example trace_id=trace-behavior-00024890 msg="event_id=behavior-24890 step=8"
ts=1736335035 level=info service=database host=host-04.example trace_id=trace-behavior-00024893 msg="event_id=behavior-24893 step=0"
ts=1736335277 level=info service=database host=host-04.example trace_id=trace-behavior-00024903 msg="event_id=behavior-24903 STACK_TRACE_SENTINEL failure in handler\n    at lab_module_handler(file=example_rs line=43)\n    at lab_module_dispatch(file=example_rs line=13)\nCaused by: simulated timeout after 703ms"
ts=1736335325 level=info service=database host=host-04.example trace_id=trace-behavior-00024905 msg="event_id=behavior-24905 step=1"
ts=1736335446 level=info service=database host=host-04.example trace_id=trace-behavior-00024910 msg="event_id=behavior-24910 step=6"
ts=1736335543 level=info service=database host=host-04.example trace_id=trace-behavior-00024914 msg="event_id=behavior-24914 step=10"
ts=1736335591 level=info service=database host=host-04.example trace_id=trace-behavior-00024916 msg="event_id=behavior-24916 step=1"
ts=1736335882 level=info service=database host=host-04.example trace_id=trace-behavior-00024928 msg="event_id=behavior-24928 step=2"
ts=1736335954 level=info service=database host=host-04.example trace_id=trace-behavior-00024931 msg="event_id=behavior-24931 step=5"
ts=1736336003 level=info service=database host=host-04.example trace_id=trace-behavior-00024933 msg="event_id=behavior-24933 step=7"
ts=1736336221 level=info service=database host=host-04.example trace_id=trace-behavior-00024942 msg="event_id=behavior-24942 step=5"
ts=1736336583 level=info service=database host=host-04.example trace_id=trace-behavior-00024957 msg="event_id=behavior-24957 step=9"
ts=1736336801 level=info service=database host=host-04.example trace_id=trace-behavior-00024966 msg="event_id=behavior-24966 step=7"
ts=1736336922 level=info service=database host=host-04.example trace_id=trace-behavior-00024971 msg="event_id=behavior-24971 step=1"
ts=1736337309 level=info service=database host=host-04.example trace_id=trace-behavior-00024987 msg="event_id=behavior-24987 step=6"
