ts=1740038640 level=info service=orders-db host=db-02.example trace_id=trace-8d7bfd66 msg="autovacuum finished table=orders_5 pages=3458"
ts=1740038673 level=info service=orders-db host=db-02.example trace_id=trace-62a711f1 msg="autovacuum finished table=orders_0 pages=2907"
ts=1740038700 level=error service=orders-db host=db-02.example trace_id=trace-25f2b84f msg="missing index orders_search_idx sequential scan fallback query=q-86C81EFD"
ts=1740038704 level=error service=orders-db host=db-02.example trace_id=trace-f3df3b90 msg="missing index orders_search_idx sequential scan fallback query=q-C6C33099"
ts=1740038707 level=info service=orders-db host=db-02.example trace_id=trace-e580559a msg="autovacuum finished table=orders_1 pages=3678"
ts=1740038708 level=error service=orders-db host=db-02.example trace_id=trace-9505a3a5 msg="missing index orders_search_idx sequential scan fallback query=q-2B28C6B2"
ts=1740038713 level=error service=orders-db host=db-02.example trace_id=trace-b746cf46 msg="missing index orders_search_idx sequential scan fallback query=q-CA695A0E"
ts=1740038717 level=error service=orders-db host=db-02.example trace_id=trace-53efc044 msg="missing index orders_search_idx sequential scan fallback query=q-E21AC970"
ts=1740038722 level=error service=orders-db host=db-02.example trace_id=trace-79418a6b msg="missing index orders_search_idx sequential scan fallback query=q-B08A76FE"
ts=1740038726 level=error service=orders-db host=db-02.example trace_id=trace-a32d80d8 msg="missing index orders_search_idx sequential scan fallback query=q-B1A79BB6"
ts=1740038731 level=error service=orders-db host=db-02.example trace_id=trace-357c00fc msg="missing index orders_search_idx sequential scan fallback query=q-A5BFE982"
ts=1740038735 level=error service=orders-db host=db-02.example trace_id=trace-6d5b6561 msg="missing index orders_search_idx sequential scan fallback query=q-E131DEF4"
ts=1740038740 level=error service=orders-db host=db-02.example trace_id=trace-f503d022 msg="missing index orders_search_idx sequential scan fallback query=q-1EE7A225"
ts=1740038741 level=info service=orders-db host=db-02.example trace_id=trace-920bf8bb msg="autovacuum finished table=orders_1 pages=724"
ts=1740038744 level=error service=orders-db host=db-02.example trace_id=trace-ed57778a msg="missing index orders_search_idx sequential scan fallback query=q-5BB3E31C"
ts=1740038748 level=error service=orders-db host=db-02.example trace_id=trace-ce319337 msg="missing index orders_search_idx sequential scan fallback query=q-128D335C"
ts=1740038753 level=error service=orders-db host=db-02.example trace_id=trace-e941c3ed msg="missing index orders_search_idx sequential scan fallback query=q-CEF17555"
ts=1740038757 level=error service=orders-db host=db-02.example trace_id=trace-a27a8e06 msg="missing index orders_search_idx sequential scan fallback query=q-C1FB8949"
ts=1740038762 level=error service=orders-db host=db-02.example trace_id=trace-6fb1111e msg="missing index orders_search_idx sequential scan fallback query=q-67936E8F"
ts=1740038766 level=error service=orders-db host=db-02.example trace_id=trace-b26b0376 msg="missing index orders_search_idx sequential scan fallback query=q-6BC36EC4"
ts=1740038771 level=error service=orders-db host=db-02.example trace_id=trace-cbea0919 msg="missing index orders_search_idx sequential scan fallback query=q-D65555C6"
ts=1740038775 level=info service=orders-db host=db-02.example trace_id=trace-ce795044 msg="autovacuum finished table=orders_6 pages=146"
ts=1740038775 level=error service=orders-db host=db-02.example trace_id=trace-b27d5b49 msg="missing index orders_search_idx sequential scan fallback query=q-167F9B1A"
ts=1740038780 level=error service=orders-db host=db-02.example trace_id=trace-6f5fca39 msg="missing index orders_search_idx sequential scan fallback query=q-EDE2BB2E"
ts=1740038784 level=error service=orders-db host=db-02.example trace_id=trace-3aa0e526 msg="missing index orders_search_idx sequential scan fallback query=q-618B9E5D"
ts=1740038789 level=error service=orders-db host=db-02.example trace_id=trace-5d3abb2a msg="missing index orders_search_idx sequential scan fallback query=q-17F42589"
ts=1740038793 level=error service=orders-db host=db-02.example trace_id=trace-60e8c3f1 msg="missing index orders_search_idx sequential scan fallback query=q-640AF332"
ts=1740038797 level=error service=orders-db host=db-02.example trace_id=trace-f364b44c msg="missing index orders_search_idx sequential scan fallback query=q-658E62C5"
ts=1740038802 level=error service=orders-db host=db-02.example trace_id=trace-4118d149 msg="missing index orders_search_idx sequential scan fallback query=q-28F40BBE"
ts=1740038806 level=error service=orders-db host=db-02.example trace_id=trace-1a54e1d1 msg="missing index orders_search_idx sequential scan fallback query=q-15D989E0"
ts=1740038808 level=info service=orders-db host=db-02.example trace_id=trace-3c22fb49 msg="autovacuum finished table=orders_0 pages=2114"
ts=1740038811 level=error service=orders-db host=db-02.example trace_id=trace-2f3dbfcc msg="missing index orders_search_idx sequential scan fallback query=q-58023E7F"
ts=1740038815 level=error service=orders-db host=db-02.example trace_id=trace-bc52e652 msg="missing index orders_search_idx sequential scan fallback query=q-35603CE7"
ts=1740038820 level=error service=orders-db host=db-02.example trace_id=trace-69128a01 msg="missing index orders_search_idx sequential scan fallback query=q-DA0A57C4"
ts=1740038824 level=error service=orders-db host=db-02.example trace_id=trace-e5ae5862 msg="missing index orders_search_idx sequential scan fallback query=q-8FD1B12B"
ts=1740038829 level=error service=orders-db host=db-02.example trace_id=trace-0bddb371 msg="missing index orders_search_idx sequential scan fallback query=q-FC185299"
ts=1740038833 level=error service=orders-db host=db-02.example trace_id=trace-81d0cc8f msg="missing index orders_search_idx sequential scan fallback query=q-2BB0E363"
ts=1740038837 level=error service=orders-db host=db-02.example trace_id=trace-788f6e67 msg="missing index orders_search_idx sequential scan fallback query=q-9E324F79"
ts=1740038842 level=info service=orders-db host=db-02.example trace_id=trace-c93d4e96 msg="autovacuum finished table=orders_6 pages=298"
ts=1740038842 level=error service=orders-db host=db-02.example trace_id=trace-bfcf0f40 msg="missing index orders_search_idx sequential scan fallback query=q-9C77A82A"
ts=1740038846 level=error service=orders-db host=db-02.example trace_id=trace-1f7931f3 msg="missing index orders_search_idx sequential scan fallback query=q-BD3F2840"
ts=1740038851 level=error service=orders-db host=db-02.example trace_id=trace-b600b52c msg="missing index orders_search_idx sequential scan fallback query=q-4407ADB4"
ts=1740038855 level=error service=orders-db host=db-02.example trace_id=trace-9655b740 msg="missing index orders_search_idx sequential scan fallback query=q-BBBE1AFE"
ts=1740038860 level=error service=orders-db host=db-02.example trace_id=trace-a3e1fac7 msg="missing index orders_search_idx sequential scan fallback query=q-68FB7C14"
ts=1740038864 level=error service=orders-db host=db-02.example trace_id=trace-9f3280e1 msg="missing index orders_search_idx sequential scan fallback query=q-04A3C682"
ts=1740038869 level=error service=orders-db host=db-02.example trace_id=trace-f5acde17 msg="missing index orders_search_idx sequential scan fallback query=q-82DF2AE3"
ts=1740038873 level=error service=orders-db host=db-02.example trace_id=trace-d069ad11 msg="missing index orders_search_idx sequential scan fallback query=q-27D82DC3"
ts=1740038876 level=info service=orders-db host=db-02.example trace_id=trace-059673ca msg="autovacuum finished table=orders_7 pages=646"
ts=1740038878 level=error service=orders-db host=db-02.example trace_id=trace-c5b44e34 msg="missing index orders_search_idx sequential scan fallback query=q-F0886D9E"
ts=1740038882 level=error service=orders-db host=db-02.example trace_id=trace-51085d36 msg="missing index orders_search_idx sequential scan fallback query=q-3F2C12AD"
ts=1740038886 level=error service=orders-db host=db-02.example trace_id=trace-d6a3e1ca msg="missing index orders_search_idx sequential scan fallback query=q-C46B946D"
ts=1740038891 level=error service=orders-db host=db-02.example trace_id=trace-f841544b msg="missing index orders_search_idx sequential scan fallback query=q-A072C644"
ts=1740038895 level=error service=orders-db host=db-02.example trace_id=trace-444a6207 msg="missing index orders_search_idx sequential scan fallback query=q-99A4B804"
ts=1740038900 level=error service=orders-db host=db-02.example trace_id=trace-3e5c5ec4 msg="missing index orders_search_idx sequential scan fallback query=q-DAEA710A"
ts=1740038904 level=error service=orders-db host=db-02.example trace_id=trace-37124f0c msg="missing index orders_search_idx sequential scan fallback query=q-1A7AD3C6"
ts=1740038909 level=error service=orders-db host=db-02.example trace_id=trace-327d5d08 msg="missing index orders_search_idx sequential scan fallback query=q-1A49ED4B"
ts=1740038910 level=info service=orders-db host=db-02.example trace_id=trace-bd46462c msg="autovacuum finished table=orders_5 pages=2738"
ts=1740038913 level=error service=orders-db host=db-02.example trace_id=trace-dc95fb03 msg="missing index orders_search_idx sequential scan fallback query=q-5D4BE79A"
ts=1740038918 level=error service=orders-db host=db-02.example trace_id=trace-478d0588 msg="missing index orders_search_idx sequential scan fallback query=q-1AAB3A3D"
ts=1740038922 level=error service=orders-db host=db-02.example trace_id=trace-a06ebcbd msg="missing index orders_search_idx sequential scan fallback query=q-28C7F483"
ts=1740038926 level=error service=orders-db host=db-02.example trace_id=trace-1646e931 msg="missing index orders_search_idx sequential scan fallback query=q-365924D2"
ts=1740038931 level=error service=orders-db host=db-02.example trace_id=trace-2546a09b msg="missing index orders_search_idx sequential scan fallback query=q-A3D8D2E2"
ts=1740038935 level=error service=orders-db host=db-02.example trace_id=trace-a9640411 msg="missing index orders_search_idx sequential scan fallback query=q-A7826B3B"
ts=1740038940 level=error service=orders-db host=db-02.example trace_id=trace-216dbb10 msg="missing index orders_search_idx sequential scan fallback query=q-37EB8438"
ts=1740038943 level=info service=orders-db host=db-02.example trace_id=trace-d43742dc msg="autovacuum finished table=orders_6 pages=3642"
ts=1740038944 level=error service=orders-db host=db-02.example trace_id=trace-826f6518 msg="missing index orders_search_idx sequential scan fallback query=q-85536F21"
ts=1740038949 level=error service=orders-db host=db-02.example trace_id=trace-8d933330 msg="missing index orders_search_idx sequential scan fallback query=q-B5B59B47"
ts=1740038953 level=error service=orders-db host=db-02.example trace_id=trace-5268ef46 msg="missing index orders_search_idx sequential scan fallback query=q-9E771304"
ts=1740038958 level=error service=orders-db host=db-02.example trace_id=trace-c1772d3c msg="missing index orders_search_idx sequential scan fallback query=q-A4479351"
ts=1740038962 level=error service=orders-db host=db-02.example trace_id=trace-6945af2c msg="missing index orders_search_idx sequential scan fallback query=q-BF93BE16"
ts=1740038967 level=error service=orders-db host=db-02.example trace_id=trace-7b811645 msg="missing index orders_search_idx sequential scan fallback query=q-C6531C8B"
ts=1740038971 level=error service=orders-db host=db-02.example trace_id=trace-11d156e2 msg="missing index orders_search_idx sequential scan fallback query=q-3689AFA4"
ts=1740038975 level=error service=orders-db host=db-02.example trace_id=trace-d59eb4dd msg="missing index orders_search_idx sequential scan fallback query=q-E8ED31AB"
ts=1740038977 level=info service=orders-db host=db-02.example trace_id=trace-375f970e msg="autovacuum finished table=orders_7 pages=3698"
ts=1740038980 level=error service=orders-db host=db-02.example trace_id=trace-7335863a msg="missing index orders_search_idx sequential scan fallback query=q-AEF56EB4"
ts=1740038984 level=error service=orders-db host=db-02.example trace_id=trace-aa976ea8 msg="missing index orders_search_idx sequential scan fallback query=q-2AF8DF67"
ts=1740038989 level=error service=orders-db host=db-02.example trace_id=trace-7c4257cf msg="missing index orders_search_idx sequential scan fallback query=q-D8C4A311"
ts=1740038993 level=error service=orders-db host=db-02.example trace_id=trace-bebd59c3 msg="missing index orders_search_idx sequential scan fallback query=q-EE63BCC4"
ts=1740038998 level=error service=orders-db host=db-02.example trace_id=trace-da87e1e2 msg="missing index orders_search_idx sequential scan fallback query=q-C98455CC"
ts=1740039002 level=error service=orders-db host=db-02.example trace_id=trace-fad22e80 msg="missing index orders_search_idx sequential scan fallback query=q-FACD3250"
ts=1740039007 level=error service=orders-db host=db-02.example trace_id=trace-f22bbd12 msg="missing index orders_search_idx sequential scan fallback query=q-60565FF8"
ts=1740039011 level=info service=orders-db host=db-02.example trace_id=trace-bccec30b msg="autovacuum finished table=orders_7 pages=1633"
ts=1740039011 level=error service=orders-db host=db-02.example trace_id=trace-7116dfc2 msg="missing index orders_search_idx sequential scan fallback query=q-084A9A2A"
ts=1740039015 level=error service=orders-db host=db-02.example trace_id=trace-5609e6da msg="missing index orders_search_idx sequential scan fallback query=q-B9A1338C"
ts=1740039020 level=error service=orders-db host=db-02.example trace_id=trace-899b0b57 msg="missing index orders_search_idx sequential scan fallback query=q-602F08E2"
ts=1740039024 level=error service=orders-db host=db-02.example trace_id=trace-09529b62 msg="missing index orders_search_idx sequential scan fallback query=q-F05B27A5"
ts=1740039029 level=error service=orders-db host=db-02.example trace_id=trace-80af169e msg="missing index orders_search_idx sequential scan fallback query=q-6E3BAE95"
ts=1740039033 level=error service=orders-db host=db-02.example trace_id=trace-50e56365 msg="missing index orders_search_idx sequential scan fallback query=q-FD280F32"
ts=1740039038 level=error service=orders-db host=db-02.example trace_id=trace-44008cdf msg="missing index orders_search_idx sequential scan fallback query=q-45C6673A"
ts=1740039042 level=error service=orders-db host=db-02.example trace_id=trace-38afa46b msg="missing index orders_search_idx sequential scan fallback query=q-0DB58682"
ts=1740039045 level=info service=orders-db host=db-02.example trace_id=trace-b9b8cc8e msg="autovacuum finished table=orders_6 pages=500"
ts=1740039047 level=error service=orders-db host=db-02.example trace_id=trace-f13a9bf1 msg="missing index orders_search_idx sequential scan fallback query=q-822C0CC0"
ts=1740039051 level=error service=orders-db host=db-02.example trace_id=trace-b12b5f80 msg="missing index orders_search_idx sequential scan fallback query=q-3CA55939"
ts=1740039056 level=error service=orders-db host=db-02.example trace_id=trace-1b1c8d3a msg="missing index orders_search_idx sequential scan fallback query=q-B34CFAF3"
ts=1740039060 level=error service=orders-db host=db-02.example trace_id=trace-c342bef3 msg="missing index orders_search_idx sequential scan fallback query=q-3CA71172"
ts=1740039064 level=error service=orders-db host=db-02.example trace_id=trace-4843a9f9 msg="missing index orders_search_idx sequential scan fallback query=q-5E036406"
ts=1740039069 level=error service=orders-db host=db-02.example trace_id=trace-2cd4b087 msg="missing index orders_search_idx sequential scan fallback query=q-8C44BC8E"
ts=1740039073 level=error service=orders-db host=db-02.example trace_id=trace-c5282fbc msg="missing index orders_search_idx sequential scan fallback query=q-476CD55B"
ts=1740039078 level=info service=orders-db host=db-02.example trace_id=trace-0dac1e36 msg="autovacuum finished table=orders_3 pages=3445"
ts=1740039078 level=error service=orders-db host=db-02.example trace_id=trace-305743f5 msg="missing index orders_search_idx sequential scan fallback query=q-303F347C"
ts=1740039082 level=error service=orders-db host=db-02.example trace_id=trace-ad4ef953 msg="missing index orders_search_idx sequential scan fallback query=q-E19E53B9"
ts=1740039087 level=error service=orders-db host=db-02.example trace_id=trace-a92fef8e msg="missing index orders_search_idx sequential scan fallback query=q-F29E75EE"
ts=1740039091 level=error service=orders-db host=db-02.example trace_id=trace-c644496f msg="missing index orders_search_idx sequential scan fallback query=q-5A04C36A"
ts=1740039096 level=error service=orders-db host=db-02.example trace_id=trace-b8be6dee msg="missing index orders_search_idx sequential scan fallback query=q-F9956667"
ts=1740039100 level=error service=orders-db host=db-02.example trace_id=trace-7ba5f25c msg="missing index orders_search_idx sequential scan fallback query=q-5F9557B3"
ts=1740039104 level=error service=orders-db host=db-02.example trace_id=trace-97a7362d msg="missing index orders_search_idx sequential scan fallback query=q-652F1F2A"
ts=1740039109 level=error service=orders-db host=db-02.example trace_id=trace-2b1368ba msg="missing index orders_search_idx sequential scan fallback query=q-7F1BBF51"
ts=1740039112 level=info service=orders-db host=db-02.example trace_id=trace-468e3e6c msg="autovacuum finished table=orders_5 pages=655"
ts=1740039113 level=error service=orders-db host=db-02.example trace_id=trace-59063386 msg="missing index orders_search_idx sequential scan fallback query=q-7C408C6C"
ts=1740039118 level=error service=orders-db host=db-02.example trace_id=trace-1876b63e msg="missing index orders_search_idx sequential scan fallback query=q-00FFCA44"
ts=1740039122 level=error service=orders-db host=db-02.example trace_id=trace-a938eb31 msg="missing index orders_search_idx sequential scan fallback query=q-F4146F71"
ts=1740039127 level=error service=orders-db host=db-02.example trace_id=trace-d1fe4c16 msg="missing index orders_search_idx sequential scan fallback query=q-3F8D42DE"
ts=1740039131 level=error service=orders-db host=db-02.example trace_id=trace-5ad8eec9 msg="missing index orders_search_idx sequential scan fallback query=q-0F03737C"
ts=1740039136 level=error service=orders-db host=db-02.example trace_id=trace-d2856247 msg="missing index orders_search_idx sequential scan fallback query=q-AE6D9E89"
ts=1740039140 level=error service=orders-db host=db-02.example trace_id=trace-31ee8384 msg="missing index orders_search_idx sequential scan fallback query=q-A370C789"
ts=1740039145 level=error service=orders-db host=db-02.example trace_id=trace-e1a5435a msg="missing index orders_search_idx sequential scan fallback query=q-8312AC55"
ts=1740039146 level=info service=orders-db host=db-02.example trace_id=trace-3188e270 msg="autovacuum finished table=orders_0 pages=2773"
ts=1740039149 level=error service=orders-db host=db-02.example trace_id=trace-a0704b94 msg="missing index orders_search_idx sequential scan fallback query=q-A816D462"
ts=1740039153 level=error service=orders-db host=db-02.example trace_id=trace-a325ebb7 msg="missing index orders_search_idx sequential scan fallback query=q-6E716961"
ts=1740039158 level=error service=orders-db host=db-02.example trace_id=trace-b90dc8a5 msg="missing index orders_search_idx sequential scan fallback query=q-BC81ABD8"
ts=1740039162 level=error service=orders-db host=db-02.example trace_id=trace-5a965e20 msg="missing index orders_search_idx sequential scan fallback query=q-DECBCF65"
ts=1740039167 level=error service=orders-db host=db-02.example trace_id=trace-2eb74423 msg="missing index orders_search_idx sequential scan fallback query=q-BDB35B3D"
ts=1740039171 level=error service=orders-db host=db-02.example trace_id=trace-5d350d17 msg="missing index orders_search_idx sequential scan fallback query=q-CA7FAA37"
ts=1740039176 level=error service=orders-db host=db-02.example trace_id=trace-40143112 msg="missing index orders_search_idx sequential scan fallback query=q-2F56435A"
ts=1740039180 level=info service=orders-db host=db-02.example trace_id=trace-a6322e99 msg="autovacuum finished table=orders_6 pages=992"
ts=1740039180 level=error service=orders-db host=db-02.example trace_id=trace-3237fa36 msg="missing index orders_search_idx sequential scan fallback query=q-EC71777C"
ts=1740039185 level=error service=orders-db host=db-02.example trace_id=trace-b3b55b47 msg="missing index orders_search_idx sequential scan fallback query=q-E1ABBABA"
ts=1740039189 level=error service=orders-db host=db-02.example trace_id=trace-71f9e807 msg="missing index orders_search_idx sequential scan fallback query=q-95BB2906"
ts=1740039193 level=error service=orders-db host=db-02.example trace_id=trace-2bac1239 msg="missing index orders_search_idx sequential scan fallback query=q-F076530D"
ts=1740039198 level=error service=orders-db host=db-02.example trace_id=trace-7499c536 msg="missing index orders_search_idx sequential scan fallback query=q-F3B63FDB"
ts=1740039202 level=error service=orders-db host=db-02.example trace_id=trace-a72c6da9 msg="missing index orders_search_idx sequential scan fallback query=q-F868BEB0"
ts=1740039207 level=error service=orders-db host=db-02.example trace_id=trace-9e60428a msg="missing index orders_search_idx sequential scan fallback query=q-C5DE42F5"
ts=1740039211 level=error service=orders-db host=db-02.example trace_id=trace-be264b15 msg="missing index orders_search_idx sequential scan fallback query=q-85FF3ACA"
ts=1740039213 level=info service=orders-db host=db-02.example trace_id=trace-790f23ca msg="autovacuum finished table=orders_1 pages=1113"
ts=1740039216 level=error service=orders-db host=db-02.example trace_id=trace-31fb4077 msg="missing index orders_search_idx sequential scan fallback query=q-AE307F6E"
ts=1740039220 level=error service=orders-db host=db-02.example trace_id=trace-8003ba06 msg="missing index orders_search_idx sequential scan fallback query=q-5F2D84D3"
ts=1740039225 level=error service=orders-db host=db-02.example trace_id=trace-0fa69914 msg="missing index orders_search_idx sequential scan fallback query=q-9FC3F2D9"
ts=1740039229 level=error service=orders-db host=db-02.example trace_id=trace-c51376d7 msg="missing index orders_search_idx sequential scan fallback query=q-13404FBC"
ts=1740039234 level=error service=orders-db host=db-02.example trace_id=trace-18690823 msg="missing index orders_search_idx sequential scan fallback query=q-D68FFFCF"
ts=1740039238 level=error service=orders-db host=db-02.example trace_id=trace-a0647e22 msg="missing index orders_search_idx sequential scan fallback query=q-45C4E3B2"
ts=1740039242 level=error service=orders-db host=db-02.example trace_id=trace-3bfefe5b msg="missing index orders_search_idx sequential scan fallback query=q-AEB6B887"
ts=1740039247 level=info service=orders-db host=db-02.example trace_id=trace-d81a9d2e msg="autovacuum finished table=orders_6 pages=1431"
ts=1740039247 level=error service=orders-db host=db-02.example trace_id=trace-f5c3f92f msg="missing index orders_search_idx sequential scan fallback query=q-9B7F15CF"
ts=1740039251 level=error service=orders-db host=db-02.example trace_id=trace-37cff369 msg="missing index orders_search_idx sequential scan fallback query=q-44FC5B67"
ts=1740039256 level=error service=orders-db host=db-02.example trace_id=trace-11d9a8f0 msg="missing index orders_search_idx sequential scan fallback query=q-9A108DED"
ts=1740039260 level=error service=orders-db host=db-02.example trace_id=trace-bd21cecd msg="missing index orders_search_idx sequential scan fallback query=q-ABEE3F67"
ts=1740039265 level=error service=orders-db host=db-02.example trace_id=trace-da798faa msg="missing index orders_search_idx sequential scan fallback query=q-BA3107C9"
ts=1740039269 level=error service=orders-db host=db-02.example trace_id=trace-a4361968 msg="missing index orders_search_idx sequential scan fallback query=q-199F040E"
ts=1740039274 level=error service=orders-db host=db-02.example trace_id=trace-d890f410 msg="missing index orders_search_idx sequential scan fallback query=q-1054243A"
ts=1740039278 level=error service=orders-db host=db-02.example trace_id=trace-15e41b85 msg="missing index orders_search_idx sequential scan fallback query=q-42AFCA9A"
ts=1740039281 level=info service=orders-db host=db-02.example trace_id=trace-41525488 msg="autovacuum finished table=orders_5 pages=509"
ts=1740039282 level=error service=orders-db host=db-02.example trace_id=trace-58d4df16 msg="missing index orders_search_idx sequential scan fallback query=q-8A764262"
ts=1740039287 level=error service=orders-db host=db-02.example trace_id=trace-1cd51625 msg="missing index orders_search_idx sequential scan fallback query=q-6160EC40"
ts=1740039291 level=error service=orders-db host=db-02.example trace_id=trace-1d8b8713 msg="missing index orders_search_idx sequential scan fallback query=q-E7528FDD"
ts=1740039296 level=error service=orders-db host=db-02.example trace_id=trace-cb18c601 msg="missing index orders_search_idx sequential scan fallback query=q-6672C7C5"
ts=1740039300 level=error service=orders-db host=db-02.example trace_id=trace-9ce1e933 msg="missing index orders_search_idx sequential scan fallback query=q-7B746432"
ts=1740039305 level=error service=orders-db host=db-02.example trace_id=trace-b0a85aa3 msg="missing index orders_search_idx sequential scan fallback query=q-0D75E404"
ts=1740039309 level=error service=orders-db host=db-02.example trace_id=trace-5c799227 msg="missing index orders_search_idx sequential scan fallback query=q-861C0100"
ts=1740039314 level=error service=orders-db host=db-02.example trace_id=trace-8df6c6c0 msg="missing index orders_search_idx sequential scan fallback query=q-96543DEF"
ts=1740039315 level=info service=orders-db host=db-02.example trace_id=trace-f1fa6ce5 msg="autovacuum finished table=orders_2 pages=2628"
ts=1740039318 level=error service=orders-db host=db-02.example trace_id=trace-0e33f7b8 msg="missing index orders_search_idx sequential scan fallback query=q-9A12A07C"
ts=1740039323 level=error service=orders-db host=db-02.example trace_id=trace-1c14b259 msg="missing index orders_search_idx sequential scan fallback query=q-6ECCB0AA"
ts=1740039327 level=error service=orders-db host=db-02.example trace_id=trace-6369b6af msg="missing index orders_search_idx sequential scan fallback query=q-9963207C"
ts=1740039331 level=error service=orders-db host=db-02.example trace_id=trace-730fb356 msg="missing index orders_search_idx sequential scan fallback query=q-74C2BE12"
ts=1740039336 level=error service=orders-db host=db-02.example trace_id=trace-1f2bddd2 msg="missing index orders_search_idx sequential scan fallback query=q-F6910608"
ts=1740039340 level=error service=orders-db host=db-02.example trace_id=trace-e02aee51 msg="missing index orders_search_idx sequential scan fallback query=q-19F9C096"
ts=1740039345 level=error service=orders-db host=db-02.example trace_id=trace-383084be msg="missing index orders_search_idx sequential scan fallback query=q-165B1AD6"
ts=1740039348 level=info service=orders-db host=db-02.example trace_id=trace-1fac7e90 msg="autovacuum finished table=orders_3 pages=2516"
ts=1740039349 level=error service=orders-db host=db-02.example trace_id=trace-e963c9c0 msg="missing index orders_search_idx sequential scan fallback query=q-69D3B606"
ts=1740039354 level=error service=orders-db host=db-02.example trace_id=trace-2c88e799 msg="missing index orders_search_idx sequential scan fallback query=q-DA800F4F"
ts=1740039358 level=error service=orders-db host=db-02.example trace_id=trace-c370e271 msg="missing index orders_search_idx sequential scan fallback query=q-0D644014"
ts=1740039363 level=error service=orders-db host=db-02.example trace_id=trace-c59ea1d8 msg="missing index orders_search_idx sequential scan fallback query=q-CFBB8B29"
ts=1740039367 level=error service=orders-db host=db-02.example trace_id=trace-4b04276b msg="missing index orders_search_idx sequential scan fallback query=q-7EB1EDD3"
ts=1740039371 level=error service=orders-db host=db-02.example trace_id=trace-da239422 msg="missing index orders_search_idx sequential scan fallback query=q-419AF553"
ts=1740039376 level=error service=orders-db host=db-02.example trace_id=trace-beeb1247 msg="missing index orders_search_idx sequential scan fallback query=q-C6C6B9B6"
ts=1740039380 level=error service=orders-db host=db-02.example trace_id=trace-8592a41b msg="missing index orders_search_idx sequential scan fallback query=q-939BBE3D"
ts=1740039382 level=info service=orders-db host=db-02.example trace_id=trace-7a1b9e57 msg="autovacuum finished table=orders_5 pages=3875"
ts=1740039385 level=error service=orders-db host=db-02.example trace_id=trace-3abaa858 msg="missing index orders_search_idx sequential scan fallback query=q-B9205354"
ts=1740039389 level=error service=orders-db host=db-02.example trace_id=trace-4efec342 msg="missing index orders_search_idx sequential scan fallback query=q-CA1A670C"
ts=1740039394 level=error service=orders-db host=db-02.example trace_id=trace-4977feb0 msg="missing index orders_search_idx sequential scan fallback query=q-927A102B"
ts=1740039398 level=error service=orders-db host=db-02.example trace_id=trace-c37a18f2 msg="missing index orders_search_idx sequential scan fallback query=q-40E120FF"
ts=1740039403 level=error service=orders-db host=db-02.example trace_id=trace-50cf1fd8 msg="missing index orders_search_idx sequential scan fallback query=q-BB73CA22"
ts=1740039407 level=error service=orders-db host=db-02.example trace_id=trace-db9f2c35 msg="missing index orders_search_idx sequential scan fallback query=q-50E551DB"
ts=1740039412 level=error service=orders-db host=db-02.example trace_id=trace-ae6101aa msg="missing index orders_search_idx sequential scan fallback query=q-0E0AD1F3"
ts=1740039416 level=info service=orders-db host=db-02.example trace_id=trace-3c5b8cf9 msg="autovacuum finished table=orders_7 pages=3523"
ts=1740039416 level=error service=orders-db host=db-02.example trace_id=trace-083f6042 msg="missing index orders_search_idx sequential scan fallback query=q-FF4CB72D"
ts=1740039420 level=error service=orders-db host=db-02.example trace_id=trace-93025f3f msg="missing index orders_search_idx sequential scan fallback query=q-E1E40AD3"
ts=1740039425 level=error service=orders-db host=db-02.example trace_id=trace-b031f535 msg="missing index orders_search_idx sequential scan fallback query=q-268B869F"
ts=1740039429 level=error service=orders-db host=db-02.example trace_id=trace-59b88c3d msg="missing index orders_search_idx sequential scan fallback query=q-740AB22C"
ts=1740039434 level=error service=orders-db host=db-02.example trace_id=trace-0e502b70 msg="missing index orders_search_idx sequential scan fallback query=q-99E205EC"
ts=1740039438 level=error service=orders-db host=db-02.example trace_id=trace-61f8fb6f msg="missing index orders_search_idx sequential scan fallback query=q-783E1016"
ts=1740039443 level=error service=orders-db host=db-02.example trace_id=trace-4c3d34dd msg="missing index orders_search_idx sequential scan fallback query=q-2C6EEE6C"
ts=1740039447 level=error service=orders-db host=db-02.example trace_id=trace-00c38635 msg="missing index orders_search_idx sequential scan fallback query=q-73BCD356"
ts=1740039450 level=info service=orders-db host=db-02.example trace_id=trace-5180269b msg="autovacuum finished table=orders_2 pages=477"
ts=1740039452 level=error service=orders-db host=db-02.example trace_id=trace-e754a81d msg="missing index orders_search_idx sequential scan fallback query=q-38DAC901"
ts=1740039456 level=error service=orders-db host=db-02.example trace_id=trace-05873db9 msg="missing index orders_search_idx sequential scan fallback query=q-A121DE01"
ts=1740039460 level=error service=orders-db host=db-02.example trace_id=trace-d9b9affc msg="missing index orders_search_idx sequential scan fallback query=q-4EC73B06"
ts=1740039465 level=error service=orders-db host=db-02.example trace_id=trace-a7ad4ca7 msg="missing index orders_search_idx sequential scan fallback query=q-70EB52DF"
ts=1740039469 level=error service=orders-db host=db-02.example trace_id=trace-e36a3640 msg="missing index orders_search_idx sequential scan fallback query=q-EC445EF6"
ts=1740039474 level=error service=orders-db host=db-02.example trace_id=trace-60ec5a7b msg="missing index orders_search_idx sequential scan fallback query=q-4D3E9444"
ts=1740039478 level=error service=orders-db host=db-02.example trace_id=trace-01c4c49c msg="missing index orders_search_idx sequential scan fallback query=q-AE0ADF07"
ts=1740039483 level=info service=orders-db host=db-02.example trace_id=trace-ead3131b msg="autovacuum finished table=orders_1 pages=3927"
ts=1740039483 level=error service=orders-db host=db-02.example trace_id=trace-547d3c26 msg="missing index orders_search_idx sequential scan fallback query=q-25A17D4D"
ts=1740039487 level=error service=orders-db host=db-02.example trace_id=trace-9e2ed48f msg="missing index orders_search_idx sequential scan fallback query=q-E003698D"
ts=1740039492 level=error service=orders-db host=db-02.example trace_id=trace-37e7009b msg="missing index orders_search_idx sequential scan fallback query=q-F2455F6A"
ts=1740039496 level=error service=orders-db host=db-02.example trace_id=trace-1dda0228 msg="missing index orders_search_idx sequential scan fallback query=q-B69AA64E"
ts=1740039501 level=error service=orders-db host=db-02.example trace_id=trace-07c39b06 msg="missing index orders_search_idx sequential scan fallback query=q-801DB6D3"
ts=1740039505 level=error service=orders-db host=db-02.example trace_id=trace-e1820fb5 msg="missing index orders_search_idx sequential scan fallback query=q-5901B46F"
ts=1740039509 level=error service=orders-db host=db-02.example trace_id=trace-01d5c340 msg="missing index orders_search_idx sequential scan fallback query=q-181D358F"
ts=1740039514 level=error service=orders-db host=db-02.example trace_id=trace-b9d1c34d msg="missing index orders_search_idx sequential scan fallback query=q-D1763EF1"
ts=1740039517 level=info service=orders-db host=db-02.example trace_id=trace-cd89a15c msg="autovacuum finished table=orders_6 pages=1644"
ts=1740039518 level=error service=orders-db host=db-02.example trace_id=trace-bd7f9fd2 msg="missing index orders_search_idx sequential scan fallback query=q-99AB6D92"
ts=1740039523 level=error service=orders-db host=db-02.example trace_id=trace-136bc47b msg="missing index orders_search_idx sequential scan fallback query=q-2BE9B1AA"
ts=1740039527 level=error service=orders-db host=db-02.example trace_id=trace-619eaf1e msg="missing index orders_search_idx sequential scan fallback query=q-56FED4FD"
ts=1740039532 level=error service=orders-db host=db-02.example trace_id=trace-5c1863b4 msg="missing index orders_search_idx sequential scan fallback query=q-B26B857F"
ts=1740039536 level=error service=orders-db host=db-02.example trace_id=trace-9dce887c msg="missing index orders_search_idx sequential scan fallback query=q-25CB5A35"
ts=1740039541 level=error service=orders-db host=db-02.example trace_id=trace-2868201e msg="missing index orders_search_idx sequential scan fallback query=q-16236D1E"
ts=1740039545 level=error service=orders-db host=db-02.example trace_id=trace-747f3de6 msg="missing index orders_search_idx sequential scan fallback query=q-F820F6EC"
ts=1740039549 level=error service=orders-db host=db-02.example trace_id=trace-a1476f8f msg="missing index orders_search_idx sequential scan fallback query=q-85BEC2E9"
ts=1740039551 level=info service=orders-db host=db-02.example trace_id=trace-4b7b4ac2 msg="autovacuum finished table=orders_4 pages=137"
ts=1740039554 level=error service=orders-db host=db-02.example trace_id=trace-3a735deb msg="missing index orders_search_idx sequential scan fallback query=q-7132653B"
ts=1740039558 level=error service=orders-db host=db-02.example trace_id=trace-87affd17 msg="missing index orders_search_idx sequential scan fallback query=q-35394A3C"
ts=1740039563 level=error service=orders-db host=db-02.example trace_id=trace-55b2e819 msg="missing index orders_search_idx sequential scan fallback query=q-568AAB7A"
ts=1740039567 level=error service=orders-db host=db-02.example trace_id=trace-cdea72d8 msg="missing index orders_search_idx sequential scan fallback query=q-9FBAB31B"
ts=1740039572 level=error service=orders-db host=db-02.example trace_id=trace-e7865934 msg="missing index orders_search_idx sequential scan fallback query=q-6AC9944B"
ts=1740039576 level=error service=orders-db host=db-02.example trace_id=trace-f9051ea1 msg="missing index orders_search_idx sequential scan fallback query=q-54299B79"
ts=1740039581 level=error service=orders-db host=db-02.example trace_id=trace-49bfd871 msg="missing index orders_search_idx sequential scan fallback query=q-863E6BFA"
ts=1740039585 level=info service=orders-db host=db-02.example trace_id=trace-5f07b6f8 msg="autovacuum finished table=orders_5 pages=387"
ts=1740039585 level=error service=orders-db host=db-02.example trace_id=trace-5a067c40 msg="missing index orders_search_idx sequential scan fallback query=q-47725BDC"
ts=1740039590 level=error service=orders-db host=db-02.example trace_id=trace-7abaaea1 msg="missing index orders_search_idx sequential scan fallback query=q-99C5AE7D"
ts=1740039594 level=error service=orders-db host=db-02.example trace_id=trace-5ae65956 msg="missing index orders_search_idx sequential scan fallback query=q-A637B0D5"
ts=1740039598 level=error service=orders-db host=db-02.example trace_id=trace-29c16e73 msg="missing index orders_search_idx sequential scan fallback query=q-94F19EEB"
ts=1740039603 level=error service=orders-db host=db-02.example trace_id=trace-006f9e0e msg="missing index orders_search_idx sequential scan fallback query=q-0AF64B5D"
ts=1740039607 level=error service=orders-db host=db-02.example trace_id=trace-5b38d8a0 msg="missing index orders_search_idx sequential scan fallback query=q-2C302AA2"
ts=1740039612 level=error service=orders-db host=db-02.example trace_id=trace-1aa5aa3f msg="missing index orders_search_idx sequential scan fallback query=q-3C42DE60"
ts=1740039616 level=error service=orders-db host=db-02.example trace_id=trace-7bedd482 msg="missing index orders_search_idx sequential scan fallback query=q-5FDEE3CE"
ts=1740039618 level=info service=orders-db host=db-02.example trace_id=trace-4d6a7ce1 msg="autovacuum finished table=orders_1 pages=995"
ts=1740039621 level=error service=orders-db host=db-02.example trace_id=trace-1fb7a16c msg="missing index orders_search_idx sequential scan fallback query=q-0875993E"
ts=1740039625 level=error service=orders-db host=db-02.example trace_id=trace-eaecadd2 msg="missing index orders_search_idx sequential scan fallback query=q-0B31836C"
ts=1740039630 level=error service=orders-db host=db-02.example trace_id=trace-34253463 msg="missing index orders_search_idx sequential scan fallback query=q-63F51521"
ts=1740039634 level=error service=orders-db host=db-02.example trace_id=trace-1702ebe2 msg="missing index orders_search_idx sequential scan fallback query=q-0177E6D2"
ts=1740039638 level=error service=orders-db host=db-02.example trace_id=trace-5fe1ce44 msg="missing index orders_search_idx sequential scan fallback query=q-78BEE6B3"
ts=1740039643 level=error service=orders-db host=db-02.example trace_id=trace-53e0f007 msg="missing index orders_search_idx sequential scan fallback query=q-CD5023E7"
ts=1740039647 level=error service=orders-db host=db-02.example trace_id=trace-1a6f85c1 msg="missing index orders_search_idx sequential scan fallback query=q-DD39BE37"
ts=1740039652 level=info service=orders-db host=db-02.example trace_id=trace-bcbe1f1a msg="autovacuum finished table=orders_7 pages=1656"
ts=1740039652 level=error service=orders-db host=db-02.example trace_id=trace-639596f3 msg="missing index orders_search_idx sequential scan fallback query=q-D55DB3A3"
ts=1740039656 level=error service=orders-db host=db-02.example trace_id=trace-9597c4a0 msg="missing index orders_search_idx sequential scan fallback query=q-AB4B304D"
ts=1740039661 level=error service=orders-db host=db-02.example trace_id=trace-b0ac2399 msg="missing index orders_search_idx sequential scan fallback query=q-EF2A4164"
ts=1740039665 level=error service=orders-db host=db-02.example trace_id=trace-1df7a5bd msg="missing index orders_search_idx sequential scan fallback query=q-A3574078"
ts=1740039670 level=error service=orders-db host=db-02.example trace_id=trace-dbc2f1c9 msg="missing index orders_search_idx sequential scan fallback query=q-13EACAB9"
ts=1740039674 level=error service=orders-db host=db-02.example trace_id=trace-412a4de3 msg="missing index orders_search_idx sequential scan fallback query=q-A2B3F35A"
ts=1740039679 level=error service=orders-db host=db-02.example trace_id=trace-669fdfa4 msg="missing index orders_search_idx sequential scan fallback query=q-881290A3"
ts=1740039683 level=error service=orders-db host=db-02.example trace_id=trace-4a873aff msg="missing index orders_search_idx sequential scan fallback query=q-38EB5AF7"
ts=1740039686 level=info service=orders-db host=db-02.example trace_id=trace-578ce314 msg="autovacuum finished table=orders_7 pages=2660"
ts=1740039687 level=error service=orders-db host=db-02.example trace_id=trace-30d726e4 msg="missing index orders_search_idx sequential scan fallback query=q-0AE7A8B2"
ts=1740039692 level=error service=orders-db host=db-02.example trace_id=trace-d1430903 msg="missing index orders_search_idx sequential scan fallback query=q-DD7C879E"
ts=1740039696 level=error service=orders-db host=db-02.example trace_id=trace-611c903d msg="missing index orders_search_idx sequential scan fallback query=q-111D8408"
ts=1740039701 level=error service=orders-db host=db-02.example trace_id=trace-6b6d5dc4 msg="missing index orders_search_idx sequential scan fallback query=q-340C07CF"
ts=1740039705 level=error service=orders-db host=db-02.example trace_id=trace-a64d4671 msg="missing index orders_search_idx sequential scan fallback query=q-D8AAA28B"
ts=1740039710 level=error service=orders-db host=db-02.example trace_id=trace-863d023e msg="missing index orders_search_idx sequential scan fallback query=q-CB85C1A1"
ts=1740039714 level=error service=orders-db host=db-02.example trace_id=trace-93e8b305 msg="missing index orders_search_idx sequential scan fallback query=q-21B21C19"
ts=1740039719 level=error service=orders-db host=db-02.example trace_id=trace-ee9c613e msg="missing index orders_search_idx sequential scan fallback query=q-1636D9FA"
ts=1740039720 level=info service=orders-db host=db-02.example trace_id=trace-a4d534d6 msg="autovacuum finished table=orders_5 pages=2255"
ts=1740039723 level=error service=orders-db host=db-02.example trace_id=trace-926e83b6 msg="missing index orders_search_idx sequential scan fallback query=q-B2D89942"
ts=1740039727 level=error service=orders-db host=db-02.example trace_id=trace-f9794ada msg="missing index orders_search_idx sequential scan fallback query=q-87DA1218"
ts=1740039732 level=error service=orders-db host=db-02.example trace_id=trace-b0124cf7 msg="missing index orders_search_idx sequential scan fallback query=q-5E1ADDE8"
ts=1740039736 level=error service=orders-db host=db-02.example trace_id=trace-ef649bf1 msg="missing index orders_search_idx sequential scan fallback query=q-DDECE4A9"
ts=1740039741 level=error service=orders-db host=db-02.example trace_id=trace-7ed1557d msg="missing index orders_search_idx sequential scan fallback query=q-B6F1A94D"
ts=1740039745 level=error service=orders-db host=db-02.example trace_id=trace-a52ddc8f msg="missing index orders_search_idx sequential scan fallback query=q-D663A836"
ts=1740039750 level=error service=orders-db host=db-02.example trace_id=trace-8c9f4325 msg="missing index orders_search_idx sequential scan fallback query=q-B39C6B04"
ts=1740039753 level=info service=orders-db host=db-02.example trace_id=trace-63bcf023 msg="autovacuum finished table=orders_0 pages=1445"
ts=1740039754 level=error service=orders-db host=db-02.example trace_id=trace-aa2ad15a msg="missing index orders_search_idx sequential scan fallback query=q-6B770E36"
ts=1740039759 level=error service=orders-db host=db-02.example trace_id=trace-b6f8fadb msg="missing index orders_search_idx sequential scan fallback query=q-AB2EB6A2"
ts=1740039763 level=error service=orders-db host=db-02.example trace_id=trace-97238ba4 msg="missing index orders_search_idx sequential scan fallback query=q-35A71E84"
ts=1740039768 level=error service=orders-db host=db-02.example trace_id=trace-f0f99b04 msg="missing index orders_search_idx sequential scan fallback query=q-76510443"
ts=1740039772 level=error service=orders-db host=db-02.example trace_id=trace-4480eeb0 msg="missing index orders_search_idx sequential scan fallback query=q-4E72A9C7"
ts=1740039776 level=error service=orders-db host=db-02.example trace_id=trace-2587f428 msg="missing index orders_search_idx sequential scan fallback query=q-56CDEC99"
ts=1740039781 level=error service=orders-db host=db-02.example trace_id=trace-fb0ee36a msg="missing index orders_search_idx sequential scan fallback query=q-4123BE3B"
ts=1740039785 level=error service=orders-db host=db-02.example trace_id=trace-7db9579b msg="missing index orders_search_idx sequential scan fallback query=q-19CAF645"
ts=1740039787 level=info service=orders-db host=db-02.example trace_id=trace-7009a638 msg="autovacuum finished table=orders_1 pages=1375"
ts=1740039790 level=error service=orders-db host=db-02.example trace_id=trace-bb94a835 msg="missing index orders_search_idx sequential scan fallback query=q-5628B4CA"
ts=1740039794 level=error service=orders-db host=db-02.example trace_id=trace-45fa31a2 msg="missing index orders_search_idx sequential scan fallback query=q-EFF77A88"
ts=1740039799 level=error service=orders-db host=db-02.example trace_id=trace-aae8ecfa msg="missing index orders_search_idx sequential scan fallback query=q-1CACF8AE"
ts=1740039803 level=error service=orders-db host=db-02.example trace_id=trace-662b4ea4 msg="missing index orders_search_idx sequential scan fallback query=q-332E8678"
ts=1740039808 level=error service=orders-db host=db-02.example trace_id=trace-618d9cd2 msg="missing index orders_search_idx sequential scan fallback query=q-84ECA5D6"
ts=1740039812 level=error service=orders-db host=db-02.example trace_id=trace-fd736d11 msg="missing index orders_search_idx sequential scan fallback query=q-A3764055"
ts=1740039816 level=error service=orders-db host=db-02.example trace_id=trace-c066730c msg="missing index orders_search_idx sequential scan fallback query=q-8C756018"
ts=1740039821 level=info service=orders-db host=db-02.example trace_id=trace-6c552a04 msg="autovacuum finished table=orders_3 pages=1889"
ts=1740039821 level=error service=orders-db host=db-02.example trace_id=trace-1e87e98c msg="missing index orders_search_idx sequential scan fallback query=q-4D059B59"
ts=1740039825 level=error service=orders-db host=db-02.example trace_id=trace-fb20f8b9 msg="missing index orders_search_idx sequential scan fallback query=q-F5EFFCD6"
ts=1740039830 level=error service=orders-db host=db-02.example trace_id=trace-884dc3ee msg="missing index orders_search_idx sequential scan fallback query=q-6626002B"
ts=1740039834 level=error service=orders-db host=db-02.example trace_id=trace-11ae5b2d msg="missing index orders_search_idx sequential scan fallback query=q-90736F04"
ts=1740039839 level=error service=orders-db host=db-02.example trace_id=trace-3ed5c9f7 msg="missing index orders_search_idx sequential scan fallback query=q-0A8DB7FE"
ts=1740039843 level=error service=orders-db host=db-02.example trace_id=trace-b9b1bed0 msg="missing index orders_search_idx sequential scan fallback query=q-50C88130"
ts=1740039848 level=error service=orders-db host=db-02.example trace_id=trace-4e3441c2 msg="missing index orders_search_idx sequential scan fallback query=q-7118EC1D"
ts=1740039852 level=error service=orders-db host=db-02.example trace_id=trace-53e583a1 msg="missing index orders_search_idx sequential scan fallback query=q-2CF9692B"
ts=1740039855 level=info service=orders-db host=db-02.example trace_id=trace-006bf4a6 msg="autovacuum finished table=orders_7 pages=178"
ts=1740039857 level=error service=orders-db host=db-02.example trace_id=trace-7fd9373f msg="missing index orders_search_idx sequential scan fallback query=q-5148B8FE"
ts=1740039861 level=error service=orders-db host=db-02.example trace_id=trace-d60e920f msg="missing index orders_search_idx sequential scan fallback query=q-539C613A"
ts=1740039865 level=error service=orders-db host=db-02.example trace_id=trace-3308e113 msg="missing index orders_search_idx sequential scan fallback query=q-CED88A5A"
ts=1740039870 level=error service=orders-db host=db-02.example trace_id=trace-81c13dde msg="missing index orders_search_idx sequential scan fallback query=q-54CCE48F"
ts=1740039874 level=error service=orders-db host=db-02.example trace_id=trace-c2014285 msg="missing index orders_search_idx sequential scan fallback query=q-B1FC293E"
ts=1740039879 level=error service=orders-db host=db-02.example trace_id=trace-d5e5d9c1 msg="missing index orders_search_idx sequential scan fallback query=q-E3DF78D2"
ts=1740039883 level=error service=orders-db host=db-02.example trace_id=trace-5c25def9 msg="missing index orders_search_idx sequential scan fallback query=q-3C6A928E"
ts=1740039888 level=info service=orders-db host=db-02.example trace_id=trace-3d869256 msg="autovacuum finished table=orders_4 pages=1235"
ts=1740039888 level=error service=orders-db host=db-02.example trace_id=trace-7ba60d90 msg="missing index orders_search_idx sequential scan fallback query=q-C661F233"
ts=1740039892 level=error service=orders-db host=db-02.example trace_id=trace-532c90e3 msg="missing index orders_search_idx sequential scan fallback query=q-364CDCC1"
ts=1740039897 level=error service=orders-db host=db-02.example trace_id=trace-299eb845 msg="missing index orders_search_idx sequential scan fallback query=q-583D7C23"
ts=1740039901 level=error service=orders-db host=db-02.example trace_id=trace-f9c09f2f msg="missing index orders_search_idx sequential scan fallback query=q-85B901A7"
ts=1740039905 level=error service=orders-db host=db-02.example trace_id=trace-01737ce5 msg="missing index orders_search_idx sequential scan fallback query=q-32FAEFC5"
ts=1740039910 level=error service=orders-db host=db-02.example trace_id=trace-97e4195e msg="missing index orders_search_idx sequential scan fallback query=q-53D5E09E"
ts=1740039914 level=error service=orders-db host=db-02.example trace_id=trace-4507e758 msg="missing index orders_search_idx sequential scan fallback query=q-6E2FA194"
ts=1740039919 level=error service=orders-db host=db-02.example trace_id=trace-c1c214a4 msg="missing index orders_search_idx sequential scan fallback query=q-EFA943C3"
ts=1740039922 level=info service=orders-db host=db-02.example trace_id=trace-289a5ddd msg="autovacuum finished table=orders_0 pages=2594"
ts=1740039923 level=error service=orders-db host=db-02.example trace_id=trace-a2b99cb7 msg="missing index orders_search_idx sequential scan fallback query=q-BB1F6466"
ts=1740039928 level=error service=orders-db host=db-02.example trace_id=trace-9f88cfd6 msg="missing index orders_search_idx sequential scan fallback query=q-C31370E0"
ts=1740039932 level=error service=orders-db host=db-02.example trace_id=trace-e8e8b7ce msg="missing index orders_search_idx sequential scan fallback query=q-99DE423D"
ts=1740039937 level=error service=orders-db host=db-02.example trace_id=trace-399be16e msg="missing index orders_search_idx sequential scan fallback query=q-E650AE6F"
ts=1740039941 level=error service=orders-db host=db-02.example trace_id=trace-5670df3a msg="missing index orders_search_idx sequential scan fallback query=q-30E19079"
ts=1740039946 level=error service=orders-db host=db-02.example trace_id=trace-59f0eaa9 msg="missing index orders_search_idx sequential scan fallback query=q-CDD25250"
ts=1740039950 level=error service=orders-db host=db-02.example trace_id=trace-87daa5f3 msg="missing index orders_search_idx sequential scan fallback query=q-B1C0540F"
ts=1740039954 level=error service=orders-db host=db-02.example trace_id=trace-77b069ea msg="missing index orders_search_idx sequential scan fallback query=q-65FC9315"
ts=1740039956 level=info service=orders-db host=db-02.example trace_id=trace-7e9fac03 msg="autovacuum finished table=orders_0 pages=527"
ts=1740039959 level=error service=orders-db host=db-02.example trace_id=trace-72dce2f7 msg="missing index orders_search_idx sequential scan fallback query=q-5F77DAE6"
ts=1740039963 level=error service=orders-db host=db-02.example trace_id=trace-ce94e9d5 msg="missing index orders_search_idx sequential scan fallback query=q-B4DEA1A3"
ts=1740039968 level=error service=orders-db host=db-02.example trace_id=trace-5e7fb24c msg="missing index orders_search_idx sequential scan fallback query=q-AEEDADC1"
ts=1740039972 level=error service=orders-db host=db-02.example trace_id=trace-3f80caa0 msg="missing index orders_search_idx sequential scan fallback query=q-2EE946C8"
ts=1740039977 level=error service=orders-db host=db-02.example trace_id=trace-e44473ce msg="missing index orders_search_idx sequential scan fallback query=q-99D6219D"
ts=1740039981 level=error service=orders-db host=db-02.example trace_id=trace-e62819a9 msg="missing index orders_search_idx sequential scan fallback query=q-D870A42E"
ts=1740039986 level=error service=orders-db host=db-02.example trace_id=trace-bbcbb9bd msg="missing index orders_search_idx sequential scan fallback query=q-FBE05F8C"
ts=1740039990 level=info service=orders-db host=db-02.example trace_id=trace-ccfcc867 msg="autovacuum finished table=orders_2 pages=40"
ts=1740039990 level=error service=orders-db host=db-02.example trace_id=trace-1e9adf74 msg="missing index orders_search_idx sequential scan fallback query=q-26450B41"
ts=1740039994 level=error service=orders-db host=db-02.example trace_id=trace-a6d1b278 msg="missing index orders_search_idx sequential scan fallback query=q-0C67E86A"
ts=1740039999 level=error service=orders-db host=db-02.example trace_id=trace-2f7d60b3 msg="missing index orders_search_idx sequential scan fallback query=q-8873D2CB"
ts=1740040003 level=error service=orders-db host=db-02.example trace_id=trace-1a995b94 msg="missing index orders_search_idx sequential scan fallback query=q-F2E8F308"
ts=1740040008 level=error service=orders-db host=db-02.example trace_id=trace-15e8ec55 msg="missing index orders_search_idx sequential scan fallback query=q-1F2689C4"
ts=1740040012 level=error service=orders-db host=db-02.example trace_id=trace-42e33561 msg="missing index orders_search_idx sequential scan fallback query=q-1C248968"
ts=1740040017 level=error service=orders-db host=db-02.example trace_id=trace-2597f64a msg="missing index orders_search_idx sequential scan fallback query=q-D4858FFA"
ts=1740040021 level=error service=orders-db host=db-02.example trace_id=trace-4c70867a msg="missing index orders_search_idx sequential scan fallback query=q-1358D1DB"
ts=1740040023 level=info service=orders-db host=db-02.example trace_id=trace-7a1638e0 msg="autovacuum finished table=orders_5 pages=3892"
ts=1740040026 level=error service=orders-db host=db-02.example trace_id=trace-0ba9eae7 msg="missing index orders_search_idx sequential scan fallback query=q-C689A5BE"
ts=1740040030 level=error service=orders-db host=db-02.example trace_id=trace-c1da987d msg="missing index orders_search_idx sequential scan fallback query=q-46CD052A"
ts=1740040035 level=error service=orders-db host=db-02.example trace_id=trace-1b63f49e msg="missing index orders_search_idx sequential scan fallback query=q-E093EBB0"
ts=1740040039 level=error service=orders-db host=db-02.example trace_id=trace-f780b22f msg="missing index orders_search_idx sequential scan fallback query=q-C9E0BC8A"
ts=1740040043 level=error service=orders-db host=db-02.example trace_id=trace-77a1d712 msg="missing index orders_search_idx sequential scan fallback query=q-7FE06A50"
ts=1740040048 level=error service=orders-db host=db-02.example trace_id=trace-6ccb68a2 msg="missing index orders_search_idx sequential scan fallback query=q-AA3367AF"
ts=1740040052 level=error service=orders-db host=db-02.example trace_id=trace-6961694b msg="missing index orders_search_idx sequential scan fallback query=q-FEBA0461"
ts=1740040057 level=info service=orders-db host=db-02.example trace_id=trace-e16645c6 msg="autovacuum finished table=orders_2 pages=1138"
ts=1740040057 level=error service=orders-db host=db-02.example trace_id=trace-5af95104 msg="missing index orders_search_idx sequential scan fallback query=q-115767AB"
ts=1740040061 level=error service=orders-db host=db-02.example trace_id=trace-5bb70956 msg="missing index orders_search_idx sequential scan fallback query=q-D710DEA6"
ts=1740040066 level=error service=orders-db host=db-02.example trace_id=trace-39ba59ad msg="missing index orders_search_idx sequential scan fallback query=q-0218DEE6"
ts=1740040070 level=error service=orders-db host=db-02.example trace_id=trace-8cd80b69 msg="missing index orders_search_idx sequential scan fallback query=q-E6FFB778"
ts=1740040075 level=error service=orders-db host=db-02.example trace_id=trace-80acc499 msg="missing index orders_search_idx sequential scan fallback query=q-3ABF8A62"
ts=1740040079 level=error service=orders-db host=db-02.example trace_id=trace-5707ad80 msg="missing index orders_search_idx sequential scan fallback query=q-4E1CDE60"
ts=1740040083 level=error service=orders-db host=db-02.example trace_id=trace-2ca1be89 msg="missing index orders_search_idx sequential scan fallback query=q-58BDEF7D"
ts=1740040088 level=error service=orders-db host=db-02.example trace_id=trace-0d1411c1 msg="missing index orders_search_idx sequential scan fallback query=q-6B1569AC"
ts=1740040091 level=info service=orders-db host=db-02.example trace_id=trace-ba59d1c9 msg="autovacuum finished table=orders_6 pages=1232"
ts=1740040092 level=error service=orders-db host=db-02.example trace_id=trace-13bd9738 msg="missing index orders_search_idx sequential scan fallback query=q-528C62D4"
ts=1740040097 level=error service=orders-db host=db-02.example trace_id=trace-c92b9a37 msg="missing index orders_search_idx sequential scan fallback query=q-FC067113"
ts=1740040101 level=error service=orders-db host=db-02.example trace_id=trace-80114240 msg="missing index orders_search_idx sequential scan fallback query=q-3696B1A4"
ts=1740040106 level=error service=orders-db host=db-02.example trace_id=trace-f03a7edb msg="missing index orders_search_idx sequential scan fallback query=q-C89E0B99"
ts=1740040110 level=error service=orders-db host=db-02.example trace_id=trace-bd1fae28 msg="missing index orders_search_idx sequential scan fallback query=q-52D87583"
ts=1740040115 level=error service=orders-db host=db-02.example trace_id=trace-be810494 msg="missing index orders_search_idx sequential scan fallback query=q-B09D4F34"
ts=1740040119 level=error service=orders-db host=db-02.example trace_id=trace-da69d199 msg="missing index orders_search_idx sequential scan fallback query=q-3A1249DA"
ts=1740040124 level=error service=orders-db host=db-02.example trace_id=trace-4b21d386 msg="missing index orders_search_idx sequential scan fallback query=q-C8D7D271"
ts=1740040125 level=info service=orders-db host=db-02.example trace_id=trace-3d8f5540 msg="autovacuum finished table=orders_3 pages=2394"
ts=1740040128 level=error service=orders-db host=db-02.example trace_id=trace-6b512746 msg="missing index orders_search_idx sequential scan fallback query=q-887C4374"
ts=1740040132 level=error service=orders-db host=db-02.example trace_id=trace-f2f5178e msg="missing index orders_search_idx sequential scan fallback query=q-E3E42805"
ts=1740040137 level=error service=orders-db host=db-02.example trace_id=trace-d960cf24 msg="missing index orders_search_idx sequential scan fallback query=q-8EB557D8"
ts=1740040141 level=error service=orders-db host=db-02.example trace_id=trace-724b8d26 msg="missing index orders_search_idx sequential scan fallback query=q-22F1A178"
ts=1740040146 level=error service=orders-db host=db-02.example trace_id=trace-39416b67 msg="missing index orders_search_idx sequential scan fallback query=q-C63EA82A"
ts=1740040150 level=error service=orders-db host=db-02.example trace_id=trace-0b2b0ff6 msg="missing index orders_search_idx sequential scan fallback query=q-B2EC9FD1"
ts=1740040155 level=error service=orders-db host=db-02.example trace_id=trace-3a9806c0 msg="missing index orders_search_idx sequential scan fallback query=q-EFBE58C2"
ts=1740040158 level=info service=orders-db host=db-02.example trace_id=trace-0fd4885e msg="autovacuum finished table=orders_7 pages=466"
ts=1740040159 level=error service=orders-db host=db-02.example trace_id=trace-910ddbd0 msg="missing index orders_search_idx sequential scan fallback query=q-E77FCB8B"
ts=1740040164 level=error service=orders-db host=db-02.example trace_id=trace-9c15f7d5 msg="missing index orders_search_idx sequential scan fallback query=q-F5357F38"
ts=1740040168 level=error service=orders-db host=db-02.example trace_id=trace-d89c4e55 msg="missing index orders_search_idx sequential scan fallback query=q-08299427"
ts=1740040172 level=error service=orders-db host=db-02.example trace_id=trace-2a1ec37e msg="missing index orders_search_idx sequential scan fallback query=q-93DDE47F"
ts=1740040177 level=error service=orders-db host=db-02.example trace_id=trace-d9b0447a msg="missing index orders_search_idx sequential scan fallback query=q-43491489"
ts=1740040181 level=error service=orders-db host=db-02.example trace_id=trace-152f8171 msg="missing index orders_search_idx sequential scan fallback query=q-93184929"
ts=1740040186 level=error service=orders-db host=db-02.example trace_id=trace-d5d46f66 msg="missing index orders_search_idx sequential scan fallback query=q-18C18227"
ts=1740040190 level=error service=orders-db host=db-02.example trace_id=trace-0e19d418 msg="missing index orders_search_idx sequential scan fallback query=q-47D07F64"
ts=1740040192 level=info service=orders-db host=db-02.example trace_id=trace-beb4caf8 msg="autovacuum finished table=orders_6 pages=490"
ts=1740040195 level=error service=orders-db host=db-02.example trace_id=trace-a16261e9 msg="missing index orders_search_idx sequential scan fallback query=q-B593C56D"
ts=1740040199 level=error service=orders-db host=db-02.example trace_id=trace-6329194a msg="missing index orders_search_idx sequential scan fallback query=q-D70BDCBD"
ts=1740040204 level=error service=orders-db host=db-02.example trace_id=trace-0097ed48 msg="missing index orders_search_idx sequential scan fallback query=q-2E61A5D0"
ts=1740040208 level=error service=orders-db host=db-02.example trace_id=trace-5d01daa3 msg="missing index orders_search_idx sequential scan fallback query=q-89F91C5B"
ts=1740040213 level=error service=orders-db host=db-02.example trace_id=trace-45b25d7e msg="missing index orders_search_idx sequential scan fallback query=q-66561CAB"
ts=1740040217 level=error service=orders-db host=db-02.example trace_id=trace-224d61a1 msg="missing index orders_search_idx sequential scan fallback query=q-9ECA7C9B"
ts=1740040221 level=error service=orders-db host=db-02.example trace_id=trace-2b82df47 msg="missing index orders_search_idx sequential scan fallback query=q-23D97921"
ts=1740040226 level=info service=orders-db host=db-02.example trace_id=trace-74f1354a msg="autovacuum finished table=orders_5 pages=3924"
ts=1740040226 level=error service=orders-db host=db-02.example trace_id=trace-c49941d5 msg="missing index orders_search_idx sequential scan fallback query=q-01DCA660"
ts=1740040230 level=error service=orders-db host=db-02.example trace_id=trace-173b9ef9 msg="missing index orders_search_idx sequential scan fallback query=q-33B3F516"
ts=1740040235 level=error service=orders-db host=db-02.example trace_id=trace-f353dd8e msg="missing index orders_search_idx sequential scan fallback query=q-A3C43E52"
ts=1740040239 level=error service=orders-db host=db-02.example trace_id=trace-58a2390e msg="missing index orders_search_idx sequential scan fallback query=q-55817FAC"
ts=1740040244 level=error service=orders-db host=db-02.example trace_id=trace-95752938 msg="missing index orders_search_idx sequential scan fallback query=q-1C175629"
ts=1740040248 level=error service=orders-db host=db-02.example trace_id=trace-7df67adc msg="missing index orders_search_idx sequential scan fallback query=q-AFD4EAAF"
ts=1740040253 level=error service=orders-db host=db-02.example trace_id=trace-c438199e msg="missing index orders_search_idx sequential scan fallback query=q-B2AFD45B"
ts=1740040257 level=error service=orders-db host=db-02.example trace_id=trace-dc238582 msg="missing index orders_search_idx sequential scan fallback query=q-73298197"
ts=1740040260 level=info service=orders-db host=db-02.example trace_id=trace-67dff34a msg="autovacuum finished table=orders_0 pages=2847"
ts=1740040261 level=error service=orders-db host=db-02.example trace_id=trace-6de6dd5c msg="missing index orders_search_idx sequential scan fallback query=q-1AC6DCA3"
ts=1740040266 level=error service=orders-db host=db-02.example trace_id=trace-ee5f2353 msg="missing index orders_search_idx sequential scan fallback query=q-789BFF32"
ts=1740040270 level=error service=orders-db host=db-02.example trace_id=trace-da952f2f msg="missing index orders_search_idx sequential scan fallback query=q-ED80ABEB"
ts=1740040275 level=error service=orders-db host=db-02.example trace_id=trace-e0ce60ce msg="missing index orders_search_idx sequential scan fallback query=q-BBFEAF60"
ts=1740040279 level=error service=orders-db host=db-02.example trace_id=trace-93e32444 msg="missing index orders_search_idx sequential scan fallback query=q-698F0641"
ts=1740040284 level=error service=orders-db host=db-02.example trace_id=trace-589af94a msg="missing index orders_search_idx sequential scan fallback query=q-BC7A6CC9"
ts=1740040288 level=error service=orders-db host=db-02.example trace_id=trace-f637651a msg="missing index orders_search_idx sequential scan fallback query=q-3C447A73"
ts=1740040293 level=info service=orders-db host=db-02.example trace_id=trace-54bb759c msg="autovacuum finished table=orders_1 pages=2697"
ts=1740040293 level=error service=orders-db host=db-02.example trace_id=trace-ba5efe52 msg="missing index orders_search_idx sequential scan fallback query=q-525B0035"
ts=1740040297 level=error service=orders-db host=db-02.example trace_id=trace-06870335 msg="missing index orders_search_idx sequential scan fallback query=q-4B71EFBD"
ts=1740040302 level=error service=orders-db host=db-02.example trace_id=trace-32a1ec85 msg="missing index orders_search_idx sequential scan fallback query=q-C485067B"
ts=1740040306 level=error service=orders-db host=db-02.example trace_id=trace-481d3977 msg="missing index orders_search_idx sequential scan fallback query=q-811B5C54"
ts=1740040310 level=error service=orders-db host=db-02.example trace_id=trace-7681dea9 msg="missing index orders_search_idx sequential scan fallback query=q-938925B5"
ts=1740040315 level=error service=orders-db host=db-02.example trace_id=trace-73d6c5fa msg="missing index orders_search_idx sequential scan fallback query=q-30F6D621"
ts=1740040319 level=error service=orders-db host=db-02.example trace_id=trace-ba3b36bf msg="missing index orders_search_idx sequential scan fallback query=q-9E0618E7"
ts=1740040324 level=error service=orders-db host=db-02.example trace_id=trace-d3ab9cc0 msg="missing index orders_search_idx sequential scan fallback query=q-638F8ED4"
ts=1740040327 level=info service=orders-db host=db-02.example trace_id=trace-4813b237 msg="autovacuum finished table=orders_7 pages=2315"
ts=1740040328 level=error service=orders-db host=db-02.example trace_id=trace-251c21a8 msg="missing index orders_search_idx sequential scan fallback query=q-386C5485"
ts=1740040333 level=error service=orders-db host=db-02.example trace_id=trace-ffe7a821 msg="missing index orders_search_idx sequential scan fallback query=q-64ECB012"
ts=1740040337 level=error service=orders-db host=db-02.example trace_id=trace-b85ada80 msg="missing index orders_search_idx sequential scan fallback query=q-A3259B44"
ts=1740040342 level=error service=orders-db host=db-02.example trace_id=trace-fd81396f msg="missing index orders_search_idx sequential scan fallback query=q-5F69EEE4"
ts=1740040346 level=error service=orders-db host=db-02.example trace_id=trace-2c1baefe msg="missing index orders_search_idx sequential scan fallback query=q-EA4EC2DD"
ts=1740040350 level=error service=orders-db host=db-02.example trace_id=trace-460efcbc msg="missing index orders_search_idx sequential scan fallback query=q-6F359CE5"
ts=1740040355 level=error service=orders-db host=db-02.example trace_id=trace-f7f00981 msg="missing index orders_search_idx sequential scan fallback query=q-8BE891AA"
ts=1740040359 level=error service=orders-db host=db-02.example trace_id=trace-a52bfb4c msg="missing index orders_search_idx sequential scan fallback query=q-516E8CAC"
ts=1740040361 level=info service=orders-db host=db-02.example trace_id=trace-89e78247 msg="autovacuum finished table=orders_3 pages=1642"
ts=1740040364 level=error service=orders-db host=db-02.example trace_id=trace-c785425c msg="missing index orders_search_idx sequential scan fallback query=q-B44DEED2"
ts=1740040368 level=error service=orders-db host=db-02.example trace_id=trace-28f25d28 msg="missing index orders_search_idx sequential scan fallback query=q-D0D8630C"
ts=1740040373 level=error service=orders-db host=db-02.example trace_id=trace-6c353998 msg="missing index orders_search_idx sequential scan fallback query=q-0E3E26ED"
ts=1740040377 level=error service=orders-db host=db-02.example trace_id=trace-032cff75 msg="missing index orders_search_idx sequential scan fallback query=q-202DD84A"
ts=1740040382 level=error service=orders-db host=db-02.example trace_id=trace-2690657c msg="missing index orders_search_idx sequential scan fallback query=q-F9AEBC11"
ts=1740040386 level=error service=orders-db host=db-02.example trace_id=trace-af87ae3c msg="missing index orders_search_idx sequential scan fallback query=q-84F3FE88"
ts=1740040391 level=error service=orders-db host=db-02.example trace_id=trace-6657e445 msg="missing index orders_search_idx sequential scan fallback query=q-2BF124D8"
ts=1740040395 level=info service=orders-db host=db-02.example trace_id=trace-54821836 msg="autovacuum finished table=orders_5 pages=172"
ts=1740040395 level=error service=orders-db host=db-02.example trace_id=trace-66a78069 msg="missing index orders_search_idx sequential scan fallback query=q-D67B6C4E"
ts=1740040399 level=error service=orders-db host=db-02.example trace_id=trace-acf0a6d2 msg="missing index orders_search_idx sequential scan fallback query=q-032DE9ED"
ts=1740040404 level=error service=orders-db host=db-02.example trace_id=trace-2e1f9880 msg="missing index orders_search_idx sequential scan fallback query=q-F94C2088"
ts=1740040408 level=error service=orders-db host=db-02.example trace_id=trace-de24e1ad msg="missing index orders_search_idx sequential scan fallback query=q-1CCF5957"
ts=1740040413 level=error service=orders-db host=db-02.example trace_id=trace-85d88481 msg="missing index orders_search_idx sequential scan fallback query=q-6E2F53A5"
ts=1740040417 level=error service=orders-db host=db-02.example trace_id=trace-ca0e9d5f msg="missing index orders_search_idx sequential scan fallback query=q-125AC481"
ts=1740040422 level=error service=orders-db host=db-02.example trace_id=trace-6618e657 msg="missing index orders_search_idx sequential scan fallback query=q-55FFC78C"
ts=1740040426 level=error service=orders-db host=db-02.example trace_id=trace-62608e6a msg="missing index orders_search_idx sequential scan fallback query=q-DCEDCF87"
ts=1740040428 level=info service=orders-db host=db-02.example trace_id=trace-54fa26f3 msg="autovacuum finished table=orders_7 pages=3864"
ts=1740040431 level=error service=orders-db host=db-02.example trace_id=trace-bfafe902 msg="missing index orders_search_idx sequential scan fallback query=q-56C089DA"
ts=1740040435 level=error service=orders-db host=db-02.example trace_id=trace-158bcd8f msg="missing index orders_search_idx sequential scan fallback query=q-108C5732"
ts=1740040439 level=error service=orders-db host=db-02.example trace_id=trace-57f965ba msg="missing index orders_search_idx sequential scan fallback query=q-5BE44AC2"
ts=1740040444 level=error service=orders-db host=db-02.example trace_id=trace-2186cfbc msg="missing index orders_search_idx sequential scan fallback query=q-FC2EFDB8"
ts=1740040448 level=error service=orders-db host=db-02.example trace_id=trace-a6c1dafc msg="missing index orders_search_idx sequential scan fallback query=q-E1909BCC"
ts=1740040453 level=error service=orders-db host=db-02.example trace_id=trace-897ac4cd msg="missing index orders_search_idx sequential scan fallback query=q-86CD306E"
ts=1740040457 level=error service=orders-db host=db-02.example trace_id=trace-d30054b2 msg="missing index orders_search_idx sequential scan fallback query=q-917838F4"
ts=1740040462 level=info service=orders-db host=db-02.example trace_id=trace-f6163e75 msg="autovacuum finished table=orders_2 pages=3029"
ts=1740040462 level=error service=orders-db host=db-02.example trace_id=trace-ae42fefb msg="missing index orders_search_idx sequential scan fallback query=q-AC2BBAD8"
ts=1740040466 level=error service=orders-db host=db-02.example trace_id=trace-02ad9d4d msg="missing index orders_search_idx sequential scan fallback query=q-37F152FC"
ts=1740040471 level=error service=orders-db host=db-02.example trace_id=trace-8863487c msg="missing index orders_search_idx sequential scan fallback query=q-DF58A01C"
ts=1740040475 level=error service=orders-db host=db-02.example trace_id=trace-217c35cb msg="missing index orders_search_idx sequential scan fallback query=q-FD609C25"
ts=1740040480 level=error service=orders-db host=db-02.example trace_id=trace-fa087757 msg="missing index orders_search_idx sequential scan fallback query=q-0BE33817"
ts=1740040484 level=error service=orders-db host=db-02.example trace_id=trace-7d9ce87c msg="missing index orders_search_idx sequential scan fallback query=q-13EB3C9B"
ts=1740040488 level=error service=orders-db host=db-02.example trace_id=trace-1b0ddc00 msg="missing index orders_search_idx sequential scan fallback query=q-ED5739A6"
ts=1740040493 level=error service=orders-db host=db-02.example trace_id=trace-e58ddd1c msg="missing index orders_search_idx sequential scan fallback query=q-8CE7C862"
ts=1740040496 level=info service=orders-db host=db-02.example trace_id=trace-094e60da msg="autovacuum finished table=orders_2 pages=3468"
ts=1740040497 level=error service=orders-db host=db-02.example trace_id=trace-c89015a3 msg="missing index orders_search_idx sequential scan fallback query=q-DE4952E1"
ts=1740040502 level=error service=orders-db host=db-02.example trace_id=trace-0585f7b4 msg="missing index orders_search_idx sequential scan fallback query=q-CBBBC7FA"
ts=1740040506 level=error service=orders-db host=db-02.example trace_id=trace-b0cae8f3 msg="missing index orders_search_idx sequential scan fallback query=q-41C9606B"
ts=1740040511 level=error service=orders-db host=db-02.example trace_id=trace-b322b63a msg="missing index orders_search_idx sequential scan fallback query=q-9DB2DBF7"
ts=1740040515 level=error service=orders-db host=db-02.example trace_id=trace-7d10897b msg="missing index orders_search_idx sequential scan fallback query=q-C36610D6"
ts=1740040520 level=error service=orders-db host=db-02.example trace_id=trace-18e06ece msg="missing index orders_search_idx sequential scan fallback query=q-A93E44C3"
ts=1740040524 level=error service=orders-db host=db-02.example trace_id=trace-8d7c37a6 msg="missing index orders_search_idx sequential scan fallback query=q-CC8CCDAC"
ts=1740040528 level=error service=orders-db host=db-02.example trace_id=trace-4bc4da29 msg="missing index orders_search_idx sequential scan fallback query=q-124F246F"
ts=1740040530 level=info service=orders-db host=db-02.example trace_id=trace-dea63be7 msg="autovacuum finished table=orders_2 pages=2284"
ts=1740040533 level=error service=orders-db host=db-02.example trace_id=trace-0f0e3b69 msg="missing index orders_search_idx sequential scan fallback query=q-0AAD6287"
ts=1740040537 level=error service=orders-db host=db-02.example trace_id=trace-4e4e32a7 msg="missing index orders_search_idx sequential scan fallback query=q-5795C523"
ts=1740040542 level=error service=orders-db host=db-02.example trace_id=trace-23979e81 msg="missing index orders_search_idx sequential scan fallback query=q-E80012CF"
ts=1740040546 level=error service=orders-db host=db-02.example trace_id=trace-a8f73c2e msg="missing index orders_search_idx sequential scan fallback query=q-0E1F17BF"
ts=1740040551 level=error service=orders-db host=db-02.example trace_id=trace-ef747a6c msg="missing index orders_search_idx sequential scan fallback query=q-B10F67B8"
ts=1740040555 level=error service=orders-db host=db-02.example trace_id=trace-5956b5f2 msg="missing index orders_search_idx sequential scan fallback query=q-09F269DB"
ts=1740040560 level=error service=orders-db host=db-02.example trace_id=trace-44fec6e5 msg="missing index orders_search_idx sequential scan fallback query=q-5E84C482"
ts=1740040563 level=info service=orders-db host=db-02.example trace_id=trace-196baf6f msg="autovacuum finished table=orders_4 pages=2619"
ts=1740040564 level=error service=orders-db host=db-02.example trace_id=trace-f85352e6 msg="missing index orders_search_idx sequential scan fallback query=q-DECAD5CA"
ts=1740040569 level=error service=orders-db host=db-02.example trace_id=trace-25cf430c msg="missing index orders_search_idx sequential scan fallback query=q-F2D49290"
ts=1740040573 level=error service=orders-db host=db-02.example trace_id=trace-99cef16e msg="missing index orders_search_idx sequential scan fallback query=q-FB5ADCB7"
ts=1740040577 level=error service=orders-db host=db-02.example trace_id=trace-38316807 msg="missing index orders_search_idx sequential scan fallback query=q-A0DAA129"
ts=1740040582 level=error service=orders-db host=db-02.example trace_id=trace-c729061f msg="missing index orders_search_idx sequential scan fallback query=q-37ED4A14"
ts=1740040586 level=error service=orders-db host=db-02.example trace_id=trace-ba68e7b7 msg="missing index orders_search_idx sequential scan fallback query=q-2ABAF5CE"
ts=1740040591 level=error service=orders-db host=db-02.example trace_id=trace-985988f9 msg="missing index orders_search_idx sequential scan fallback query=q-27B11BAE"
ts=1740040595 level=error service=orders-db host=db-02.example trace_id=trace-8d0ad4ec msg="missing index orders_search_idx sequential scan fallback query=q-4E53EC7F"
ts=1740040597 level=info service=orders-db host=db-02.example trace_id=trace-d987056a msg="autovacuum finished table=orders_6 pages=3705"
ts=1740040600 level=error service=orders-db host=db-02.example trace_id=trace-6ed4e139 msg="missing index orders_search_idx sequential scan fallback query=q-6BA1E101"
ts=1740040604 level=error service=orders-db host=db-02.example trace_id=trace-6d7ac97b msg="missing index orders_search_idx sequential scan fallback query=q-CF2F0B86"
ts=1740040609 level=error service=orders-db host=db-02.example trace_id=trace-d095fd68 msg="missing index orders_search_idx sequential scan fallback query=q-E243AC84"
ts=1740040613 level=error service=orders-db host=db-02.example trace_id=trace-94521652 msg="missing index orders_search_idx sequential scan fallback query=q-F09BAC58"
ts=1740040617 level=error service=orders-db host=db-02.example trace_id=trace-97137d65 msg="missing index orders_search_idx sequential scan fallback query=q-96098416"
ts=1740040622 level=error service=orders-db host=db-02.example trace_id=trace-068e76da msg="missing index orders_search_idx sequential scan fallback query=q-775CED41"
ts=1740040626 level=error service=orders-db host=db-02.example trace_id=trace-055b468e msg="missing index orders_search_idx sequential scan fallback query=q-9109E01C"
ts=1740040631 level=info service=orders-db host=db-02.example trace_id=trace-c8cd01f8 msg="autovacuum finished table=orders_2 pages=1473"
ts=1740040631 level=error service=orders-db host=db-02.example trace_id=trace-2d30ae17 msg="missing index orders_search_idx sequential scan fallback query=q-BB1235F0"
ts=1740040635 level=error service=orders-db host=db-02.example trace_id=trace-60765336 msg="missing index orders_search_idx sequential scan fallback query=q-B3FCD3E4"
ts=1740040640 level=error service=orders-db host=db-02.example trace_id=trace-d15a3142 msg="missing index orders_search_idx sequential scan fallback query=q-07A3167C"
ts=1740040644 level=error service=orders-db host=db-02.example trace_id=trace-422a54cf msg="missing index orders_search_idx sequential scan fallback query=q-4B3283C8"
ts=1740040649 level=error service=orders-db host=db-02.example trace_id=trace-20e03392 msg="missing index orders_search_idx sequential scan fallback query=q-27E965B6"
ts=1740040653 level=error service=orders-db host=db-02.example trace_id=trace-5d7595af msg="missing index orders_search_idx sequential scan fallback query=q-7B381987"
ts=1740040658 level=error service=orders-db host=db-02.example trace_id=trace-4bc169a7 msg="missing index orders_search_idx sequential scan fallback query=q-7867AE0E"
ts=1740040662 level=error service=orders-db host=db-02.example trace_id=trace-7935455a msg="missing index orders_search_idx sequential scan fallback query=q-D805A918"
ts=1740040665 level=info service=orders-db host=db-02.example trace_id=trace-f33e3434 msg="autovacuum finished table=orders_6 pages=2924"
ts=1740040666 level=error service=orders-db host=db-02.example trace_id=trace-44c84495 msg="missing index orders_search_idx sequential scan fallback query=q-DD8B4898"
ts=1740040671 level=error service=orders-db host=db-02.example trace_id=trace-933110a9 msg="missing index orders_search_idx sequential scan fallback query=q-2FD62E44"
ts=1740040675 level=error service=orders-db host=db-02.example trace_id=trace-0ac6fcc4 msg="missing index orders_search_idx sequential scan fallback query=q-723CFCA5"
ts=1740040680 level=error service=orders-db host=db-02.example trace_id=trace-b9df6bfc msg="missing index orders_search_idx sequential scan fallback query=q-B427452B"
ts=1740040684 level=error service=orders-db host=db-02.example trace_id=trace-075ea3f7 msg="missing index orders_search_idx sequential scan fallback query=q-D85B7BFC"
ts=1740040689 level=error service=orders-db host=db-02.example trace_id=trace-8e676300 msg="missing index orders_search_idx sequential scan fallback query=q-FA132DFE"
ts=1740040693 level=error service=orders-db host=db-02.example trace_id=trace-f2b7c67b msg="missing index orders_search_idx sequential scan fallback query=q-125E4017"
ts=1740040698 level=info service=orders-db host=db-02.example trace_id=trace-0a85e24e msg="autovacuum finished table=orders_6 pages=3969"
ts=1740040698 level=error service=orders-db host=db-02.example trace_id=trace-a9e3cf2d msg="missing index orders_search_idx sequential scan fallback query=q-4DF0B665"
ts=1740040702 level=error service=orders-db host=db-02.example trace_id=trace-86418156 msg="missing index orders_search_idx sequential scan fallback query=q-9A045BE4"
ts=1740040706 level=error service=orders-db host=db-02.example trace_id=trace-466c506d msg="missing index orders_search_idx sequential scan fallback query=q-D6FF8F56"
ts=1740040711 level=error service=orders-db host=db-02.example trace_id=trace-f3cfece8 msg="missing index orders_search_idx sequential scan fallback query=q-FB0C3B46"
ts=1740040715 level=error service=orders-db host=db-02.example trace_id=trace-7ef0b4a1 msg="missing index orders_search_idx sequential scan fallback query=q-4C53096E"
ts=1740040720 level=error service=orders-db host=db-02.example trace_id=trace-2a315ed2 msg="missing index orders_search_idx sequential scan fallback query=q-917F1E18"
ts=1740040724 level=error service=orders-db host=db-02.example trace_id=trace-70726ea1 msg="missing index orders_search_idx sequential scan fallback query=q-222196F1"
ts=1740040729 level=error service=orders-db host=db-02.example trace_id=trace-76a3617f msg="missing index orders_search_idx sequential scan fallback query=q-02B672AA"
ts=1740040732 level=info service=orders-db host=db-02.example trace_id=trace-9c884892 msg="autovacuum finished table=orders_3 pages=761"
ts=1740040733 level=error service=orders-db host=db-02.example trace_id=trace-4e2fc04e msg="missing index orders_search_idx sequential scan fallback query=q-18D4F715"
ts=1740040738 level=error service=orders-db host=db-02.example trace_id=trace-5dfb1f08 msg="missing index orders_search_idx sequential scan fallback query=q-926D0D0A"
ts=1740040742 level=error service=orders-db host=db-02.example trace_id=trace-b00d1524 msg="missing index orders_search_idx sequential scan fallback query=q-01E44C10"
ts=1740040747 level=error service=orders-db host=db-02.example trace_id=trace-c8ec15bf msg="missing index orders_search_idx sequential scan fallback query=q-B8F017E8"
ts=1740040751 level=error service=orders-db host=db-02.example trace_id=trace-634b4797 msg="missing index orders_search_idx sequential scan fallback query=q-756F50A3"
ts=1740040755 level=error service=orders-db host=db-02.example trace_id=trace-f7c27639 msg="missing index orders_search_idx sequential scan fallback query=q-71D04247"
ts=1740040760 level=error service=orders-db host=db-02.example trace_id=trace-b8c80b18 msg="missing index orders_search_idx sequential scan fallback query=q-5E9EA481"
ts=1740040764 level=error service=orders-db host=db-02.example trace_id=trace-b527e268 msg="missing index orders_search_idx sequential scan fallback query=q-4A72B7AB"
ts=1740040766 level=info service=orders-db host=db-02.example trace_id=trace-b2dce231 msg="autovacuum finished table=orders_5 pages=2180"
ts=1740040769 level=error service=orders-db host=db-02.example trace_id=trace-cd763c9a msg="missing index orders_search_idx sequential scan fallback query=q-C54D0F4F"
ts=1740040773 level=error service=orders-db host=db-02.example trace_id=trace-9a275dc3 msg="missing index orders_search_idx sequential scan fallback query=q-1387F93B"
ts=1740040778 level=error service=orders-db host=db-02.example trace_id=trace-353b65e0 msg="missing index orders_search_idx sequential scan fallback query=q-6EBD69F6"
ts=1740040782 level=error service=orders-db host=db-02.example trace_id=trace-580a9273 msg="missing index orders_search_idx sequential scan fallback query=q-34BD40CA"
ts=1740040787 level=error service=orders-db host=db-02.example trace_id=trace-fdcf4f50 msg="missing index orders_search_idx sequential scan fallback query=q-ABF7C692"
ts=1740040791 level=error service=orders-db host=db-02.example trace_id=trace-483348fc msg="missing index orders_search_idx sequential scan fallback query=q-9EAB033C"
ts=1740040795 level=error service=orders-db host=db-02.example trace_id=trace-bee9d991 msg="missing index orders_search_idx sequential scan fallback query=q-881B23B3"
ts=1740040800 level=info service=orders-db host=db-02.example trace_id=trace-7129c70b msg="autovacuum finished table=orders_1 pages=2007"
ts=1740040800 level=error service=orders-db host=db-02.example trace_id=trace-b2f1d1d9 msg="missing index orders_search_idx sequential scan fallback query=q-3E2F760F"
ts=1740040804 level=error service=orders-db host=db-02.example trace_id=trace-481cb7d4 msg="missing index orders_search_idx sequential scan fallback query=q-345D34B3"
ts=1740040809 level=error service=orders-db host=db-02.example trace_id=trace-c8f5215e msg="missing index orders_search_idx sequential scan fallback query=q-845CB068"
ts=1740040813 level=error service=orders-db host=db-02.example trace_id=trace-2765c0e3 msg="missing index orders_search_idx sequential scan fallback query=q-41583AEF"
ts=1740040818 level=error service=orders-db host=db-02.example trace_id=trace-581e4c06 msg="missing index orders_search_idx sequential scan fallback query=q-62577F76"
ts=1740040822 level=error service=orders-db host=db-02.example trace_id=trace-053775c1 msg="missing index orders_search_idx sequential scan fallback query=q-A3231B9F"
ts=1740040827 level=error service=orders-db host=db-02.example trace_id=trace-6eb5f301 msg="missing index orders_search_idx sequential scan fallback query=q-CE7AE279"
ts=1740040831 level=error service=orders-db host=db-02.example trace_id=trace-aa54f43f msg="missing index orders_search_idx sequential scan fallback query=q-98949466"
ts=1740040833 level=info service=orders-db host=db-02.example trace_id=trace-89dbf756 msg="autovacuum finished table=orders_3 pages=1601"
ts=1740040836 level=error service=orders-db host=db-02.example trace_id=trace-d9770b85 msg="missing index orders_search_idx sequential scan fallback query=q-053D13D1"
ts=1740040840 level=error service=orders-db host=db-02.example trace_id=trace-e8c70eb0 msg="missing index orders_search_idx sequential scan fallback query=q-AFC24FB8"
ts=1740040844 level=error service=orders-db host=db-02.example trace_id=trace-cee6125c msg="missing index orders_search_idx sequential scan fallback query=q-09C5AF24"
ts=1740040849 level=error service=orders-db host=db-02.example trace_id=trace-8df13c70 msg="missing index orders_search_idx sequential scan fallback query=q-A1A2C6BD"
ts=1740040853 level=error service=orders-db host=db-02.example trace_id=trace-e4cdd6cd msg="missing index orders_search_idx sequential scan fallback query=q-7D073D9E"
ts=1740040858 level=error service=orders-db host=db-02.example trace_id=trace-6485a4ac msg="missing index orders_search_idx sequential scan fallback query=q-011E58DF"
ts=1740040862 level=error service=orders-db host=db-02.example trace_id=trace-2023ed07 msg="missing index orders_search_idx sequential scan fallback query=q-7DC4B18D"
ts=1740040867 level=info service=orders-db host=db-02.example trace_id=trace-edff8de3 msg="autovacuum finished table=orders_0 pages=3928"
ts=1740040867 level=error service=orders-db host=db-02.example trace_id=trace-07bf104b msg="missing index orders_search_idx sequential scan fallback query=q-49775465"
ts=1740040871 level=error service=orders-db host=db-02.example trace_id=trace-2216129e msg="missing index orders_search_idx sequential scan fallback query=q-92526613"
ts=1740040876 level=error service=orders-db host=db-02.example trace_id=trace-9b461af5 msg="missing index orders_search_idx sequential scan fallback query=q-5E3509C7"
ts=1740040880 level=error service=orders-db host=db-02.example trace_id=trace-981b48f3 msg="missing index orders_search_idx sequential scan fallback query=q-68DEF80F"
ts=1740040884 level=error service=orders-db host=db-02.example trace_id=trace-3288c92d msg="missing index orders_search_idx sequential scan fallback query=q-74C05F79"
ts=1740040889 level=error service=orders-db host=db-02.example trace_id=trace-25344991 msg="missing index orders_search_idx sequential scan fallback query=q-0F3D2202"
ts=1740040893 level=error service=orders-db host=db-02.example trace_id=trace-fb41cb6d msg="missing index orders_search_idx sequential scan fallback query=q-1A0F21AE"
ts=1740040898 level=error service=orders-db host=db-02.example trace_id=trace-74ae1084 msg="missing index orders_search_idx sequential scan fallback query=q-A1A652D8"
ts=1740040901 level=info service=orders-db host=db-02.example trace_id=trace-e8f7edac msg="autovacuum finished table=orders_2 pages=2076"
ts=1740040902 level=error service=orders-db host=db-02.example trace_id=trace-c3862685 msg="missing index orders_search_idx sequential scan fallback query=q-9B1567BA"
ts=1740040907 level=error service=orders-db host=db-02.example trace_id=trace-dda847da msg="missing index orders_search_idx sequential scan fallback query=q-82D4FE70"
ts=1740040911 level=error service=orders-db host=db-02.example trace_id=trace-51e04bfe msg="missing index orders_search_idx sequential scan fallback query=q-0FC85655"
ts=1740040916 level=error service=orders-db host=db-02.example trace_id=trace-c4ed7a2c msg="missing index orders_search_idx sequential scan fallback query=q-EEAD129A"
ts=1740040920 level=error service=orders-db host=db-02.example trace_id=trace-1d0554d6 msg="missing index orders_search_idx sequential scan fallback query=q-31C4AE65"
ts=1740040925 level=error service=orders-db host=db-02.example trace_id=trace-8bcbeded msg="missing index orders_search_idx sequential scan fallback query=q-8E0D3A00"
ts=1740040929 level=error service=orders-db host=db-02.example trace_id=trace-97b87ed4 msg="missing index orders_search_idx sequential scan fallback query=q-E907DDBA"
ts=1740040933 level=error service=orders-db host=db-02.example trace_id=trace-1c4d0ce9 msg="missing index orders_search_idx sequential scan fallback query=q-36848F22"
ts=1740040935 level=info service=orders-db host=db-02.example trace_id=trace-180f689c msg="autovacuum finished table=orders_3 pages=3296"
ts=1740040938 level=error service=orders-db host=db-02.example trace_id=trace-3c5ea94b msg="missing index orders_search_idx sequential scan fallback query=q-27C8872B"
ts=1740040942 level=error service=orders-db host=db-02.example trace_id=trace-0187c8db msg="missing index orders_search_idx sequential scan fallback query=q-3D34AF4F"
ts=1740040947 level=error service=orders-db host=db-02.example trace_id=trace-85e956db msg="missing index orders_search_idx sequential scan fallback query=q-7598BD59"
ts=1740040951 level=error service=orders-db host=db-02.example trace_id=trace-9cf6b246 msg="missing index orders_search_idx sequential scan fallback query=q-7AA3EC8D"
ts=1740040956 level=error service=orders-db host=db-02.example trace_id=trace-76e1d418 msg="missing index orders_search_idx sequential scan fallback query=q-C9D1357B"
ts=1740040960 level=error service=orders-db host=db-02.example trace_id=trace-b9fe1bc0 msg="missing index orders_search_idx sequential scan fallback query=q-71B89B78"
ts=1740040965 level=error service=orders-db host=db-02.example trace_id=trace-367fc8e0 msg="missing index orders_search_idx sequential scan fallback query=q-6CE1B595"
ts=1740040968 level=info service=orders-db host=db-02.example trace_id=trace-78fb62ea msg="autovacuum finished table=orders_1 pages=1166"
ts=1740040969 level=error service=orders-db host=db-02.example trace_id=trace-14ef986c msg="missing index orders_search_idx sequential scan fallback query=q-89DCA3D4"
ts=1740040973 level=error service=orders-db host=db-02.example trace_id=trace-810b7035 msg="missing index orders_search_idx sequential scan fallback query=q-501EDFC7"
ts=1740040978 level=error service=orders-db host=db-02.example trace_id=trace-02240e4b msg="missing index orders_search_idx sequential scan fallback query=q-41B15C8A"
ts=1740040982 level=error service=orders-db host=db-02.example trace_id=trace-aa2ea74f msg="missing index orders_search_idx sequential scan fallback query=q-CDC5B488"
ts=1740040987 level=error service=orders-db host=db-02.example trace_id=trace-d1409ba4 msg="missing index orders_search_idx sequential scan fallback query=q-262B06BB"
ts=1740040991 level=error service=orders-db host=db-02.example trace_id=trace-27be0f99 msg="missing index orders_search_idx sequential scan fallback query=q-EC0EAF3D"
ts=1740040996 level=error service=orders-db host=db-02.example trace_id=trace-a9bf336f msg="missing index orders_search_idx sequential scan fallback query=q-B854DFBB"
ts=1740041000 level=error service=orders-db host=db-02.example trace_id=trace-ee6e73ce msg="missing index orders_search_idx sequential scan fallback query=q-E308DDFB"
ts=1740041002 level=info service=orders-db host=db-02.example trace_id=trace-91c3e76f msg="autovacuum finished table=orders_4 pages=3454"
ts=1740041005 level=error service=orders-db host=db-02.example trace_id=trace-54df3f33 msg="missing index orders_search_idx sequential scan fallback query=q-426276F8"
ts=1740041009 level=error service=orders-db host=db-02.example trace_id=trace-508fdf16 msg="missing index orders_search_idx sequential scan fallback query=q-C803911C"
ts=1740041014 level=error service=orders-db host=db-02.example trace_id=trace-2bfe6676 msg="missing index orders_search_idx sequential scan fallback query=q-E4CF5616"
ts=1740041018 level=error service=orders-db host=db-02.example trace_id=trace-cceaf482 msg="missing index orders_search_idx sequential scan fallback query=q-27A09931"
ts=1740041022 level=error service=orders-db host=db-02.example trace_id=trace-6a1edee9 msg="missing index orders_search_idx sequential scan fallback query=q-C78987B3"
ts=1740041027 level=error service=orders-db host=db-02.example trace_id=trace-8b65a703 msg="missing index orders_search_idx sequential scan fallback query=q-75AB0415"
ts=1740041031 level=error service=orders-db host=db-02.example trace_id=trace-14a42175 msg="missing index orders_search_idx sequential scan fallback query=q-B6939688"
ts=1740041036 level=info service=orders-db host=db-02.example trace_id=trace-eae17c1c msg="autovacuum finished table=orders_1 pages=3979"
ts=1740041036 level=error service=orders-db host=db-02.example trace_id=trace-26536f5a msg="missing index orders_search_idx sequential scan fallback query=q-26C39C5E"
ts=1740041040 level=error service=orders-db host=db-02.example trace_id=trace-8a79c3e1 msg="missing index orders_search_idx sequential scan fallback query=q-ECFE78A8"
ts=1740041045 level=error service=orders-db host=db-02.example trace_id=trace-97118b1d msg="missing index orders_search_idx sequential scan fallback query=q-BB7C12C3"
ts=1740041049 level=error service=orders-db host=db-02.example trace_id=trace-83010dd7 msg="missing index orders_search_idx sequential scan fallback query=q-1D1353A7"
ts=1740041054 level=error service=orders-db host=db-02.example trace_id=trace-3decd4dd msg="missing index orders_search_idx sequential scan fallback query=q-1E04F4EF"
ts=1740041058 level=error service=orders-db host=db-02.example trace_id=trace-bdcdb994 msg="missing index orders_search_idx sequential scan fallback query=q-DD1CCDE4"
ts=1740041062 level=error service=orders-db host=db-02.example trace_id=trace-7ee1a066 msg="missing index orders_search_idx sequential scan fallback query=q-45B64CCC"
ts=1740041067 level=error service=orders-db host=db-02.example trace_id=trace-ee782f5b msg="missing index orders_search_idx sequential scan fallback query=q-52A897AF"
ts=1740041070 level=info service=orders-db host=db-02.example trace_id=trace-a1af9816 msg="autovacuum finished table=orders_3 pages=480"
ts=1740041071 level=error service=orders-db host=db-02.example trace_id=trace-d05c12a2 msg="missing index orders_search_idx sequential scan fallback query=q-F64F621A"
ts=1740041076 level=error service=orders-db host=db-02.example trace_id=trace-079cd17f msg="missing index orders_search_idx sequential scan fallback query=q-C0634CE3"
ts=1740041080 level=error service=orders-db host=db-02.example trace_id=trace-e3cd5df9 msg="missing index orders_search_idx sequential scan fallback query=q-F63E0F5D"
ts=1740041085 level=error service=orders-db host=db-02.example trace_id=trace-5d95022c msg="missing index orders_search_idx sequential scan fallback query=q-99DE156E"
ts=1740041089 level=error service=orders-db host=db-02.example trace_id=trace-6dc7af1f msg="missing index orders_search_idx sequential scan fallback query=q-240DB461"
ts=1740041094 level=error service=orders-db host=db-02.example trace_id=trace-0f9eeaa5 msg="missing index orders_search_idx sequential scan fallback query=q-836D460F"
ts=1740041098 level=error service=orders-db host=db-02.example trace_id=trace-28b66a64 msg="missing index orders_search_idx sequential scan fallback query=q-74D5F21E"
ts=1740041103 level=info service=orders-db host=db-02.example trace_id=trace-917adb8e msg="autovacuum finished table=orders_1 pages=1496"
ts=1740041103 level=error service=orders-db host=db-02.example trace_id=trace-d28076cf msg="missing index orders_search_idx sequential scan fallback query=q-ECD59720"
ts=1740041107 level=error service=orders-db host=db-02.example trace_id=trace-95168f1c msg="missing index orders_search_idx sequential scan fallback query=q-0B5ECDE8"
ts=1740041111 level=error service=orders-db host=db-02.example trace_id=trace-ade56b58 msg="missing index orders_search_idx sequential scan fallback query=q-70010507"
ts=1740041116 level=error service=orders-db host=db-02.example trace_id=trace-b68053de msg="missing index orders_search_idx sequential scan fallback query=q-A70F62C7"
ts=1740041120 level=error service=orders-db host=db-02.example trace_id=trace-4caa09df msg="missing index orders_search_idx sequential scan fallback query=q-49D870B9"
ts=1740041125 level=error service=orders-db host=db-02.example trace_id=trace-a226cfb0 msg="missing index orders_search_idx sequential scan fallback query=q-93AFB782"
ts=1740041129 level=error service=orders-db host=db-02.example trace_id=trace-1551151a msg="missing index orders_search_idx sequential scan fallback query=q-EC3A60BD"
ts=1740041134 level=error service=orders-db host=db-02.example trace_id=trace-a0a11351 msg="missing index orders_search_idx sequential scan fallback query=q-7D27E749"
ts=1740041137 level=info service=orders-db host=db-02.example trace_id=trace-a8967c7e msg="autovacuum finished table=orders_5 pages=2314"
ts=1740041138 level=error service=orders-db host=db-02.example trace_id=trace-70e35780 msg="missing index orders_search_idx sequential scan fallback query=q-3BE10C7A"
ts=1740041143 level=error service=orders-db host=db-02.example trace_id=trace-a3e632a1 msg="missing index orders_search_idx sequential scan fallback query=q-56C584A3"
ts=1740041147 level=error service=orders-db host=db-02.example trace_id=trace-9835fcb9 msg="missing index orders_search_idx sequential scan fallback query=q-DD45B5CF"
ts=1740041151 level=error service=orders-db host=db-02.example trace_id=trace-d5b3d3a5 msg="missing index orders_search_idx sequential scan fallback query=q-BFA01579"
ts=1740041156 level=error service=orders-db host=db-02.example trace_id=trace-e7a2dd31 msg="missing index orders_search_idx sequential scan fallback query=q-78DCB852"
ts=1740041160 level=error service=orders-db host=db-02.example trace_id=trace-afdb2a0b msg="missing index orders_search_idx sequential scan fallback query=q-87BD0864"
ts=1740041165 level=error service=orders-db host=db-02.example trace_id=trace-f9c5ba87 msg="missing index orders_search_idx sequential scan fallback query=q-7A7BE906"
ts=1740041169 level=error service=orders-db host=db-02.example trace_id=trace-515b2f81 msg="missing index orders_search_idx sequential scan fallback query=q-1E9D3096"
ts=1740041171 level=info service=orders-db host=db-02.example trace_id=trace-2856f1c3 msg="autovacuum finished table=orders_7 pages=902"
ts=1740041174 level=error service=orders-db host=db-02.example trace_id=trace-57eb45cd msg="missing index orders_search_idx sequential scan fallback query=q-D396A09C"
ts=1740041178 level=error service=orders-db host=db-02.example trace_id=trace-cf57e5a0 msg="missing index orders_search_idx sequential scan fallback query=q-ECA1AF16"
ts=1740041183 level=error service=orders-db host=db-02.example trace_id=trace-8ef03230 msg="missing index orders_search_idx sequential scan fallback query=q-2DC50084"
ts=1740041187 level=error service=orders-db host=db-02.example trace_id=trace-c2c5e71c msg="missing index orders_search_idx sequential scan fallback query=q-B9032AE6"
ts=1740041192 level=error service=orders-db host=db-02.example trace_id=trace-392e30d8 msg="missing index orders_search_idx sequential scan fallback query=q-AF27F0EC"
ts=1740041196 level=error service=orders-db host=db-02.example trace_id=trace-8e85d3e9 msg="missing index orders_search_idx sequential scan fallback query=q-B3389D33"
ts=1740041200 level=error service=orders-db host=db-02.example trace_id=trace-98f5c9f3 msg="missing index orders_search_idx sequential scan fallback query=q-4424A81A"
ts=1740041205 level=info service=orders-db host=db-02.example trace_id=trace-6d0eaf12 msg="autovacuum finished table=orders_4 pages=612"
ts=1740041205 level=error service=orders-db host=db-02.example trace_id=trace-b588cd64 msg="missing index orders_search_idx sequential scan fallback query=q-503A0DC0"
ts=1740041209 level=error service=orders-db host=db-02.example trace_id=trace-cdd42961 msg="missing index orders_search_idx sequential scan fallback query=q-C4723406"
ts=1740041214 level=error service=orders-db host=db-02.example trace_id=trace-b3493918 msg="missing index orders_search_idx sequential scan fallback query=q-DBFA7E36"
ts=1740041218 level=error service=orders-db host=db-02.example trace_id=trace-442c66fb msg="missing index orders_search_idx sequential scan fallback query=q-A41EE1D0"
ts=1740041223 level=error service=orders-db host=db-02.example trace_id=trace-b68ac0eb msg="missing index orders_search_idx sequential scan fallback query=q-9788784F"
ts=1740041227 level=error service=orders-db host=db-02.example trace_id=trace-cec07937 msg="missing index orders_search_idx sequential scan fallback query=q-EE3DC5D4"
ts=1740041232 level=error service=orders-db host=db-02.example trace_id=trace-ea9de43a msg="missing index orders_search_idx sequential scan fallback query=q-33BBC2F3"
ts=1740041236 level=error service=orders-db host=db-02.example trace_id=trace-43de9ded msg="missing index orders_search_idx sequential scan fallback query=q-98C1E935"
ts=1740041238 level=info service=orders-db host=db-02.example trace_id=trace-094e4e29 msg="autovacuum finished table=orders_2 pages=3465"
ts=1740041240 level=error service=orders-db host=db-02.example trace_id=trace-7a00ad88 msg="missing index orders_search_idx sequential scan fallback query=q-5518E787"
ts=1740041245 level=error service=orders-db host=db-02.example trace_id=trace-eebb9a87 msg="missing index orders_search_idx sequential scan fallback query=q-5906DBF7"
ts=1740041249 level=error service=orders-db host=db-02.example trace_id=trace-78d2c0a0 msg="missing index orders_search_idx sequential scan fallback query=q-B0F48154"
ts=1740041254 level=error service=orders-db host=db-02.example trace_id=trace-caf72372 msg="missing index orders_search_idx sequential scan fallback query=q-BCDF6E17"
ts=1740041258 level=error service=orders-db host=db-02.example trace_id=trace-099bb668 msg="missing index orders_search_idx sequential scan fallback query=q-D55B964C"
ts=1740041263 level=error service=orders-db host=db-02.example trace_id=trace-36c62cef msg="missing index orders_search_idx sequential scan fallback query=q-F86286AD"
ts=1740041267 level=error service=orders-db host=db-02.example trace_id=trace-81288270 msg="missing index orders_search_idx sequential scan fallback query=q-2137C36C"
ts=1740041272 level=info service=orders-db host=db-02.example trace_id=trace-286275e8 msg="autovacuum finished table=orders_7 pages=947"
ts=1740041272 level=error service=orders-db host=db-02.example trace_id=trace-fdc372b0 msg="missing index orders_search_idx sequential scan fallback query=q-5FC68170"
ts=1740041276 level=error service=orders-db host=db-02.example trace_id=trace-c5d869f7 msg="missing index orders_search_idx sequential scan fallback query=q-4678F712"
ts=1740041281 level=error service=orders-db host=db-02.example trace_id=trace-34162401 msg="missing index orders_search_idx sequential scan fallback query=q-DD036255"
ts=1740041285 level=error service=orders-db host=db-02.example trace_id=trace-763d86d9 msg="missing index orders_search_idx sequential scan fallback query=q-F1CA39EA"
ts=1740041289 level=error service=orders-db host=db-02.example trace_id=trace-18d89870 msg="missing index orders_search_idx sequential scan fallback query=q-91985C2A"
ts=1740041294 level=error service=orders-db host=db-02.example trace_id=trace-c1af54ef msg="missing index orders_search_idx sequential scan fallback query=q-9388418F"
ts=1740041298 level=error service=orders-db host=db-02.example trace_id=trace-5a5d5301 msg="missing index orders_search_idx sequential scan fallback query=q-1602F6AE"
ts=1740041303 level=error service=orders-db host=db-02.example trace_id=trace-0e8d3ccd msg="missing index orders_search_idx sequential scan fallback query=q-5D760E39"
ts=1740041306 level=info service=orders-db host=db-02.example trace_id=trace-0f2e7cda msg="autovacuum finished table=orders_4 pages=2476"
ts=1740041307 level=error service=orders-db host=db-02.example trace_id=trace-9b21dfec msg="missing index orders_search_idx sequential scan fallback query=q-4D42AE8F"
ts=1740041312 level=error service=orders-db host=db-02.example trace_id=trace-966ca55d msg="missing index orders_search_idx sequential scan fallback query=q-02462EEE"
ts=1740041316 level=error service=orders-db host=db-02.example trace_id=trace-a48ce375 msg="missing index orders_search_idx sequential scan fallback query=q-4641D239"
ts=1740041321 level=error service=orders-db host=db-02.example trace_id=trace-538064f8 msg="missing index orders_search_idx sequential scan fallback query=q-05D47E18"
ts=1740041325 level=error service=orders-db host=db-02.example trace_id=trace-7d2d585d msg="missing index orders_search_idx sequential scan fallback query=q-196E513C"
ts=1740041329 level=error service=orders-db host=db-02.example trace_id=trace-44b16cfd msg="missing index orders_search_idx sequential scan fallback query=q-C317D75C"
ts=1740041334 level=error service=orders-db host=db-02.example trace_id=trace-c33353c6 msg="missing index orders_search_idx sequential scan fallback query=q-7E28C029"
ts=1740041338 level=error service=orders-db host=db-02.example trace_id=trace-1f75c141 msg="missing index orders_search_idx sequential scan fallback query=q-0D4537A9"
ts=1740041340 level=info service=orders-db host=db-02.example trace_id=trace-b773b46b msg="autovacuum finished table=orders_7 pages=1790"
ts=1740041343 level=error service=orders-db host=db-02.example trace_id=trace-2a9080b2 msg="missing index orders_search_idx sequential scan fallback query=q-D0E8F733"
ts=1740041347 level=error service=orders-db host=db-02.example trace_id=trace-d7d96943 msg="missing index orders_search_idx sequential scan fallback query=q-A2F52713"
ts=1740041352 level=error service=orders-db host=db-02.example trace_id=trace-2d118385 msg="missing index orders_search_idx sequential scan fallback query=q-8DEA9088"
ts=1740041356 level=error service=orders-db host=db-02.example trace_id=trace-53d0fb6a msg="missing index orders_search_idx sequential scan fallback query=q-9D241B2F"
ts=1740041361 level=error service=orders-db host=db-02.example trace_id=trace-25293e1c msg="missing index orders_search_idx sequential scan fallback query=q-602FBDC3"
ts=1740041365 level=error service=orders-db host=db-02.example trace_id=trace-444839fd msg="missing index orders_search_idx sequential scan fallback query=q-1969A414"
ts=1740041370 level=error service=orders-db host=db-02.example trace_id=trace-53d8df0a msg="missing index orders_search_idx sequential scan fallback query=q-0C67B48D"
ts=1740041373 level=info service=orders-db host=db-02.example trace_id=trace-9c87b887 msg="autovacuum finished table=orders_6 pages=1818"
ts=1740041374 level=error service=orders-db host=db-02.example trace_id=trace-9cfcdb2c msg="missing index orders_search_idx sequential scan fallback query=q-E8B1760A"
ts=1740041378 level=error service=orders-db host=db-02.example trace_id=trace-6ca6776c msg="missing index orders_search_idx sequential scan fallback query=q-0A91E13B"
ts=1740041383 level=error service=orders-db host=db-02.example trace_id=trace-e11e0290 msg="missing index orders_search_idx sequential scan fallback query=q-9A886E03"
ts=1740041387 level=error service=orders-db host=db-02.example trace_id=trace-babec2aa msg="missing index orders_search_idx sequential scan fallback query=q-CD2B6CD4"
ts=1740041392 level=error service=orders-db host=db-02.example trace_id=trace-99db554f msg="missing index orders_search_idx sequential scan fallback query=q-49F8F3D5"
ts=1740041396 level=error service=orders-db host=db-02.example trace_id=trace-59944b51 msg="missing index orders_search_idx sequential scan fallback query=q-A719234F"
ts=1740041401 level=error service=orders-db host=db-02.example trace_id=trace-951a66db msg="missing index orders_search_idx sequential scan fallback query=q-1025B104"
ts=1740041405 level=error service=orders-db host=db-02.example trace_id=trace-7f2695f3 msg="missing index orders_search_idx sequential scan fallback query=q-F3700937"
ts=1740041407 level=info service=orders-db host=db-02.example trace_id=trace-4646f03e msg="autovacuum finished table=orders_4 pages=1415"
ts=1740041410 level=error service=orders-db host=db-02.example trace_id=trace-cb6faa6c msg="missing index orders_search_idx sequential scan fallback query=q-A29B5AB6"
ts=1740041414 level=error service=orders-db host=db-02.example trace_id=trace-d817e242 msg="missing index orders_search_idx sequential scan fallback query=q-79947FA3"
ts=1740041418 level=error service=orders-db host=db-02.example trace_id=trace-3d67ddda msg="missing index orders_search_idx sequential scan fallback query=q-63E56A17"
ts=1740041423 level=error service=orders-db host=db-02.example trace_id=trace-a682b916 msg="missing index orders_search_idx sequential scan fallback query=q-A5CFE8F8"
ts=1740041427 level=error service=orders-db host=db-02.example trace_id=trace-b2a0b751 msg="missing index orders_search_idx sequential scan fallback query=q-BF64F6A0"
ts=1740041432 level=error service=orders-db host=db-02.example trace_id=trace-e1d58368 msg="missing index orders_search_idx sequential scan fallback query=q-8082E3FF"
ts=1740041436 level=error service=orders-db host=db-02.example trace_id=trace-3a56217a msg="missing index orders_search_idx sequential scan fallback query=q-D9B2999D"
ts=1740041441 level=info service=orders-db host=db-02.example trace_id=trace-17a98948 msg="autovacuum finished table=orders_2 pages=3769"
ts=1740041441 level=error service=orders-db host=db-02.example trace_id=trace-387d61e7 msg="missing index orders_search_idx sequential scan fallback query=q-AC86F9BD"
ts=1740041445 level=error service=orders-db host=db-02.example trace_id=trace-d7b9d332 msg="missing index orders_search_idx sequential scan fallback query=q-050CCAA9"
ts=1740041450 level=error service=orders-db host=db-02.example trace_id=trace-9254b97d msg="missing index orders_search_idx sequential scan fallback query=q-402E639D"
ts=1740041454 level=error service=orders-db host=db-02.example trace_id=trace-07601fea msg="missing index orders_search_idx sequential scan fallback query=q-0E214A90"
ts=1740041459 level=error service=orders-db host=db-02.example trace_id=trace-d214a41f msg="missing index orders_search_idx sequential scan fallback query=q-D0097C44"
ts=1740041463 level=error service=orders-db host=db-02.example trace_id=trace-917f0536 msg="missing index orders_search_idx sequential scan fallback query=q-4CDA2930"
ts=1740041467 level=error service=orders-db host=db-02.example trace_id=trace-5365a470 msg="missing index orders_search_idx sequential scan fallback query=q-4D334DBB"
ts=1740041472 level=error service=orders-db host=db-02.example trace_id=trace-bf8c18f8 msg="missing index orders_search_idx sequential scan fallback query=q-6A9F1C9C"
ts=1740041475 level=info service=orders-db host=db-02.example trace_id=trace-ee111586 msg="autovacuum finished table=orders_0 pages=3989"
ts=1740041476 level=error service=orders-db host=db-02.example trace_id=trace-effe11b3 msg="missing index orders_search_idx sequential scan fallback query=q-FE1398BA"
ts=1740041481 level=error service=orders-db host=db-02.example trace_id=trace-096ae5dc msg="missing index orders_search_idx sequential scan fallback query=q-AB366734"
ts=1740041485 level=error service=orders-db host=db-02.example trace_id=trace-132ee4d9 msg="missing index orders_search_idx sequential scan fallback query=q-4405B13F"
ts=1740041490 level=error service=orders-db host=db-02.example trace_id=trace-608e2f01 msg="missing index orders_search_idx sequential scan fallback query=q-4B229D97"
ts=1740041494 level=error service=orders-db host=db-02.example trace_id=trace-f1cb45c3 msg="missing index orders_search_idx sequential scan fallback query=q-5DC3FEB3"
ts=1740041499 level=error service=orders-db host=db-02.example trace_id=trace-72c013aa msg="missing index orders_search_idx sequential scan fallback query=q-213263C4"
ts=1740041503 level=error service=orders-db host=db-02.example trace_id=trace-656d592f msg="missing index orders_search_idx sequential scan fallback query=q-DD5F043C"
ts=1740041507 level=error service=orders-db host=db-02.example trace_id=trace-fa2cb506 msg="missing index orders_search_idx sequential scan fallback query=q-3A18F26A"
ts=1740041508 level=info service=orders-db host=db-02.example trace_id=trace-d4373c10 msg="autovacuum finished table=orders_6 pages=3646"
ts=1740041512 level=error service=orders-db host=db-02.example trace_id=trace-91cffe25 msg="missing index orders_search_idx sequential scan fallback query=q-00A60D4D"
ts=1740041516 level=error service=orders-db host=db-02.example trace_id=trace-d8a45e60 msg="missing index orders_search_idx sequential scan fallback query=q-0A088098"
ts=1740041521 level=error service=orders-db host=db-02.example trace_id=trace-bfd291f3 msg="missing index orders_search_idx sequential scan fallback query=q-041F2B42"
ts=1740041525 level=error service=orders-db host=db-02.example trace_id=trace-494782c4 msg="missing index orders_search_idx sequential scan fallback query=q-A1E303E8"
ts=1740041530 level=error service=orders-db host=db-02.example trace_id=trace-721b8398 msg="missing index orders_search_idx sequential scan fallback query=q-CF9BAEA5"
ts=1740041534 level=error service=orders-db host=db-02.example trace_id=trace-4c385016 msg="missing index orders_search_idx sequential scan fallback query=q-B3BB6ACC"
ts=1740041539 level=error service=orders-db host=db-02.example trace_id=trace-5149acb9 msg="missing index orders_search_idx sequential scan fallback query=q-3188B146"
ts=1740041542 level=info service=orders-db host=db-02.example trace_id=trace-dec8677b msg="autovacuum finished table=orders_2 pages=2244"
ts=1740041543 level=error service=orders-db host=db-02.example trace_id=trace-01d03dca msg="missing index orders_search_idx sequential scan fallback query=q-EBCD3593"
ts=1740041548 level=error service=orders-db host=db-02.example trace_id=trace-972cc6a5 msg="missing index orders_search_idx sequential scan fallback query=q-9FE25499"
ts=1740041552 level=error service=orders-db host=db-02.example trace_id=trace-ad62d4d2 msg="missing index orders_search_idx sequential scan fallback query=q-6EB1B316"
ts=1740041556 level=error service=orders-db host=db-02.example trace_id=trace-b89acd6d msg="missing index orders_search_idx sequential scan fallback query=q-1DECD327"
ts=1740041561 level=error service=orders-db host=db-02.example trace_id=trace-37cf51e6 msg="missing index orders_search_idx sequential scan fallback query=q-32B33CA3"
ts=1740041565 level=error service=orders-db host=db-02.example trace_id=trace-99724ab1 msg="missing index orders_search_idx sequential scan fallback query=q-9F86A22E"
ts=1740041570 level=error service=orders-db host=db-02.example trace_id=trace-6f4c8ce8 msg="missing index orders_search_idx sequential scan fallback query=q-34EB79A1"
ts=1740041574 level=error service=orders-db host=db-02.example trace_id=trace-c4197c11 msg="missing index orders_search_idx sequential scan fallback query=q-C093D73F"
ts=1740041576 level=info service=orders-db host=db-02.example trace_id=trace-6e31c745 msg="autovacuum finished table=orders_0 pages=1656"
ts=1740041579 level=error service=orders-db host=db-02.example trace_id=trace-ef019836 msg="missing index orders_search_idx sequential scan fallback query=q-F1641FAC"
ts=1740041583 level=error service=orders-db host=db-02.example trace_id=trace-a90afdbe msg="missing index orders_search_idx sequential scan fallback query=q-78470B79"
ts=1740041588 level=error service=orders-db host=db-02.example trace_id=trace-8c28ae01 msg="missing index orders_search_idx sequential scan fallback query=q-242AA3E3"
ts=1740041592 level=error service=orders-db host=db-02.example trace_id=trace-d41ca950 msg="missing index orders_search_idx sequential scan fallback query=q-7E6949A3"
ts=1740041596 level=error service=orders-db host=db-02.example trace_id=trace-08dba282 msg="missing index orders_search_idx sequential scan fallback query=q-054EDBDB"
ts=1740041601 level=error service=orders-db host=db-02.example trace_id=trace-f6c1762c msg="missing index orders_search_idx sequential scan fallback query=q-A78D8E6A"
ts=1740041605 level=error service=orders-db host=db-02.example trace_id=trace-d0af1603 msg="missing index orders_search_idx sequential scan fallback query=q-7E1BC3F2"
ts=1740041610 level=info service=orders-db host=db-02.example trace_id=trace-d1994841 msg="autovacuum finished table=orders_6 pages=2048"
ts=1740041610 level=error service=orders-db host=db-02.example trace_id=trace-81be0e85 msg="missing index orders_search_idx sequential scan fallback query=q-768B41B3"
ts=1740041614 level=error service=orders-db host=db-02.example trace_id=trace-fa2babcb msg="missing index orders_search_idx sequential scan fallback query=q-85C5CD98"
ts=1740041619 level=error service=orders-db host=db-02.example trace_id=trace-84a8283e msg="missing index orders_search_idx sequential scan fallback query=q-7BE69E3E"
ts=1740041623 level=error service=orders-db host=db-02.example trace_id=trace-9259ead8 msg="missing index orders_search_idx sequential scan fallback query=q-7E105815"
ts=1740041628 level=error service=orders-db host=db-02.example trace_id=trace-92ec22c2 msg="missing index orders_search_idx sequential scan fallback query=q-4FAF9C72"
ts=1740041632 level=error service=orders-db host=db-02.example trace_id=trace-b3deb54a msg="missing index orders_search_idx sequential scan fallback query=q-6FD16E4B"
ts=1740041637 level=error service=orders-db host=db-02.example trace_id=trace-702cefb1 msg="missing index orders_search_idx sequential scan fallback query=q-777F1C17"
ts=1740041641 level=error service=orders-db host=db-02.example trace_id=trace-e4cee48e msg="missing index orders_search_idx sequential scan fallback query=q-FC3172E1"
ts=1740041643 level=info service=orders-db host=db-02.example trace_id=trace-17a145c1 msg="autovacuum finished table=orders_2 pages=3753"
ts=1740041645 level=error service=orders-db host=db-02.example trace_id=trace-be08c27f msg="missing index orders_search_idx sequential scan fallback query=q-7BBDB822"
ts=1740041650 level=error service=orders-db host=db-02.example trace_id=trace-c076a3da msg="missing index orders_search_idx sequential scan fallback query=q-2E94596D"
ts=1740041654 level=error service=orders-db host=db-02.example trace_id=trace-74d8aee6 msg="missing index orders_search_idx sequential scan fallback query=q-1EBC9800"
ts=1740041659 level=error service=orders-db host=db-02.example trace_id=trace-59c9f1aa msg="missing index orders_search_idx sequential scan fallback query=q-F52F9C29"
ts=1740041663 level=error service=orders-db host=db-02.example trace_id=trace-47b5df55 msg="missing index orders_search_idx sequential scan fallback query=q-5567CFFC"
ts=1740041668 level=error service=orders-db host=db-02.example trace_id=trace-00fe18c4 msg="missing index orders_search_idx sequential scan fallback query=q-E7B9848A"
ts=1740041672 level=error service=orders-db host=db-02.example trace_id=trace-a1837259 msg="missing index orders_search_idx sequential scan fallback query=q-DBAD5173"
ts=1740041677 level=info service=orders-db host=db-02.example trace_id=trace-f887ad99 msg="autovacuum finished table=orders_6 pages=2804"
ts=1740041677 level=error service=orders-db host=db-02.example trace_id=trace-908fb88b msg="missing index orders_search_idx sequential scan fallback query=q-8AB639A9"
ts=1740041681 level=error service=orders-db host=db-02.example trace_id=trace-92208a4c msg="missing index orders_search_idx sequential scan fallback query=q-EB1F5CA5"
ts=1740041685 level=error service=orders-db host=db-02.example trace_id=trace-608dd06d msg="missing index orders_search_idx sequential scan fallback query=q-D9539A9A"
ts=1740041690 level=error service=orders-db host=db-02.example trace_id=trace-de54e64b msg="missing index orders_search_idx sequential scan fallback query=q-8FB28CA1"
ts=1740041694 level=error service=orders-db host=db-02.example trace_id=trace-a09db069 msg="missing index orders_search_idx sequential scan fallback query=q-51F5033F"
ts=1740041699 level=error service=orders-db host=db-02.example trace_id=trace-a498ee8d msg="missing index orders_search_idx sequential scan fallback query=q-BC907CEF"
ts=1740041703 level=error service=orders-db host=db-02.example trace_id=trace-dedc5cf4 msg="missing index orders_search_idx sequential scan fallback query=q-25550EF4"
ts=1740041708 level=error service=orders-db host=db-02.example trace_id=trace-48c131aa msg="missing index orders_search_idx sequential scan fallback query=q-E2AF71FB"
ts=1740041711 level=info service=orders-db host=db-02.example trace_id=trace-a13ad843 msg="autovacuum finished table=orders_4 pages=3313"
ts=1740041712 level=error service=orders-db host=db-02.example trace_id=trace-e267d5a1 msg="missing index orders_search_idx sequential scan fallback query=q-B189EDF2"
ts=1740041717 level=error service=orders-db host=db-02.example trace_id=trace-3ec7b615 msg="missing index orders_search_idx sequential scan fallback query=q-84F64328"
ts=1740041721 level=error service=orders-db host=db-02.example trace_id=trace-35da3149 msg="missing index orders_search_idx sequential scan fallback query=q-59D8EB15"
ts=1740041726 level=error service=orders-db host=db-02.example trace_id=trace-00622740 msg="missing index orders_search_idx sequential scan fallback query=q-60862E27"
ts=1740041730 level=error service=orders-db host=db-02.example trace_id=trace-f23dce2d msg="missing index orders_search_idx sequential scan fallback query=q-8E59983D"
ts=1740041734 level=error service=orders-db host=db-02.example trace_id=trace-d68ad72e msg="missing index orders_search_idx sequential scan fallback query=q-BA620AF8"
ts=1740041739 level=error service=orders-db host=db-02.example trace_id=trace-b1e6ad0a msg="missing index orders_search_idx sequential scan fallback query=q-ADDFE96E"
ts=1740041743 level=error service=orders-db host=db-02.example trace_id=trace-bedc7581 msg="missing index orders_search_idx sequential scan fallback query=q-6CFF2059"
ts=1740041745 level=info service=orders-db host=db-02.example trace_id=trace-55a3f185 msg="autovacuum finished table=orders_0 pages=1959"
ts=1740041748 level=error service=orders-db host=db-02.example trace_id=trace-74e40bcb msg="missing index orders_search_idx sequential scan fallback query=q-B15EF884"
ts=1740041752 level=error service=orders-db host=db-02.example trace_id=trace-122e612c msg="missing index orders_search_idx sequential scan fallback query=q-9680E3C6"
ts=1740041757 level=error service=orders-db host=db-02.example trace_id=trace-449ac8bc msg="missing index orders_search_idx sequential scan fallback query=q-195760E1"
ts=1740041761 level=error service=orders-db host=db-02.example trace_id=trace-e98ba52b msg="missing index orders_search_idx sequential scan fallback query=q-8A1800E6"
ts=1740041766 level=error service=orders-db host=db-02.example trace_id=trace-e2518177 msg="missing index orders_search_idx sequential scan fallback query=q-4C95C797"
ts=1740041770 level=error service=orders-db host=db-02.example trace_id=trace-d10bdc10 msg="missing index orders_search_idx sequential scan fallback query=q-340A56F9"
ts=1740041774 level=error service=orders-db host=db-02.example trace_id=trace-feab760c msg="missing index orders_search_idx sequential scan fallback query=q-E8D80ABF"
ts=1740041778 level=info service=orders-db host=db-02.example trace_id=trace-a5fe77c9 msg="autovacuum finished table=orders_5 pages=3312"
ts=1740041779 level=error service=orders-db host=db-02.example trace_id=trace-0f289dba msg="missing index orders_search_idx sequential scan fallback query=q-D6DA4CD8"
ts=1740041783 level=error service=orders-db host=db-02.example trace_id=trace-dae83b89 msg="missing index orders_search_idx sequential scan fallback query=q-E114CA2B"
ts=1740041788 level=error service=orders-db host=db-02.example trace_id=trace-705d5c5e msg="missing index orders_search_idx sequential scan fallback query=q-724C1EC7"
ts=1740041792 level=error service=orders-db host=db-02.example trace_id=trace-cc549e0e msg="missing index orders_search_idx sequential scan fallback query=q-640CC91B"
ts=1740041797 level=error service=orders-db host=db-02.example trace_id=trace-1b39554e msg="missing index orders_search_idx sequential scan fallback query=q-D3AD52D9"
ts=1740041801 level=error service=orders-db host=db-02.example trace_id=trace-a69efb94 msg="missing index orders_search_idx sequential scan fallback query=q-745E0E8D"
ts=1740041806 level=error service=orders-db host=db-02.example trace_id=trace-6b713534 msg="missing index orders_search_idx sequential scan fallback query=q-69486887"
ts=1740041810 level=error service=orders-db host=db-02.example trace_id=trace-a9c72c2c msg="missing index orders_search_idx sequential scan fallback query=q-130C6C04"
ts=1740041812 level=info service=orders-db host=db-02.example trace_id=trace-279d537e msg="autovacuum finished table=orders_7 pages=3179"
ts=1740041815 level=error service=orders-db host=db-02.example trace_id=trace-79a1559f msg="missing index orders_search_idx sequential scan fallback query=q-5A1D5F25"
ts=1740041819 level=error service=orders-db host=db-02.example trace_id=trace-52c4425e msg="missing index orders_search_idx sequential scan fallback query=q-BBDFD4E9"
ts=1740041823 level=error service=orders-db host=db-02.example trace_id=trace-0e20d808 msg="missing index orders_search_idx sequential scan fallback query=q-911DC7A6"
ts=1740041828 level=error service=orders-db host=db-02.example trace_id=trace-53ef3670 msg="missing index orders_search_idx sequential scan fallback query=q-E9304B7F"
ts=1740041832 level=error service=orders-db host=db-02.example trace_id=trace-f4617b5d msg="missing index orders_search_idx sequential scan fallback query=q-79548F97"
ts=1740041837 level=error service=orders-db host=db-02.example trace_id=trace-9490e67b msg="missing index orders_search_idx sequential scan fallback query=q-6A8E65A1"
ts=1740041841 level=error service=orders-db host=db-02.example trace_id=trace-068f0dea msg="missing index orders_search_idx sequential scan fallback query=q-A5C16295"
ts=1740041846 level=info service=orders-db host=db-02.example trace_id=trace-fc8c1e88 msg="autovacuum finished table=orders_2 pages=2432"
ts=1740041846 level=error service=orders-db host=db-02.example trace_id=trace-4c3708a1 msg="missing index orders_search_idx sequential scan fallback query=q-6D1D9146"
ts=1740041850 level=error service=orders-db host=db-02.example trace_id=trace-899d0397 msg="missing index orders_search_idx sequential scan fallback query=q-7A618978"
ts=1740041855 level=error service=orders-db host=db-02.example trace_id=trace-b295ef93 msg="missing index orders_search_idx sequential scan fallback query=q-D1D9A3BA"
ts=1740041859 level=error service=orders-db host=db-02.example trace_id=trace-d65486e4 msg="missing index orders_search_idx sequential scan fallback query=q-FD545D31"
ts=1740041863 level=error service=orders-db host=db-02.example trace_id=trace-805f49af msg="missing index orders_search_idx sequential scan fallback query=q-A4C75E17"
ts=1740041868 level=error service=orders-db host=db-02.example trace_id=trace-70660d40 msg="missing index orders_search_idx sequential scan fallback query=q-12C39ABE"
ts=1740041872 level=error service=orders-db host=db-02.example trace_id=trace-ffeb992b msg="missing index orders_search_idx sequential scan fallback query=q-F69C02C8"
ts=1740041877 level=error service=orders-db host=db-02.example trace_id=trace-3077479e msg="missing index orders_search_idx sequential scan fallback query=q-94FB210D"
ts=1740041880 level=info service=orders-db host=db-02.example trace_id=trace-7439b34b msg="autovacuum finished table=orders_1 pages=108"
ts=1740041881 level=error service=orders-db host=db-02.example trace_id=trace-105de76a msg="missing index orders_search_idx sequential scan fallback query=q-AF4F4199"
ts=1740041886 level=error service=orders-db host=db-02.example trace_id=trace-37546f37 msg="missing index orders_search_idx sequential scan fallback query=q-353E4DB9"
ts=1740041890 level=error service=orders-db host=db-02.example trace_id=trace-d061e8bb msg="missing index orders_search_idx sequential scan fallback query=q-6C0D1140"
ts=1740041895 level=error service=orders-db host=db-02.example trace_id=trace-e9448763 msg="missing index orders_search_idx sequential scan fallback query=q-430F5544"
ts=1740041899 level=error service=orders-db host=db-02.example trace_id=trace-0dcda9ac msg="missing index orders_search_idx sequential scan fallback query=q-EFE05274"
ts=1740041904 level=error service=orders-db host=db-02.example trace_id=trace-a2ebc060 msg="missing index orders_search_idx sequential scan fallback query=q-7CDD6DCC"
ts=1740041908 level=error service=orders-db host=db-02.example trace_id=trace-1ef155f5 msg="missing index orders_search_idx sequential scan fallback query=q-F643E647"
ts=1740041912 level=error service=orders-db host=db-02.example trace_id=trace-8818dd8a msg="missing index orders_search_idx sequential scan fallback query=q-6A9556B2"
ts=1740041913 level=info service=orders-db host=db-02.example trace_id=trace-91c0ff2d msg="autovacuum finished table=orders_4 pages=3441"
ts=1740041917 level=error service=orders-db host=db-02.example trace_id=trace-ef073db7 msg="missing index orders_search_idx sequential scan fallback query=q-E2BD00C1"
ts=1740041921 level=error service=orders-db host=db-02.example trace_id=trace-2be59c78 msg="missing index orders_search_idx sequential scan fallback query=q-B2CD60C0"
ts=1740041926 level=error service=orders-db host=db-02.example trace_id=trace-306695c8 msg="missing index orders_search_idx sequential scan fallback query=q-7F7A1312"
ts=1740041930 level=error service=orders-db host=db-02.example trace_id=trace-d6d56014 msg="missing index orders_search_idx sequential scan fallback query=q-D4C3B8EE"
ts=1740041935 level=error service=orders-db host=db-02.example trace_id=trace-4626714b msg="missing index orders_search_idx sequential scan fallback query=q-313C6339"
ts=1740041939 level=error service=orders-db host=db-02.example trace_id=trace-608467b1 msg="missing index orders_search_idx sequential scan fallback query=q-AC34443A"
ts=1740041944 level=error service=orders-db host=db-02.example trace_id=trace-ba586b4d msg="missing index orders_search_idx sequential scan fallback query=q-25DAF86C"
ts=1740041947 level=info service=orders-db host=db-02.example trace_id=trace-578cd57c msg="autovacuum finished table=orders_7 pages=2668"
ts=1740041948 level=error service=orders-db host=db-02.example trace_id=trace-11e3c7fd msg="missing index orders_search_idx sequential scan fallback query=q-97332E88"
ts=1740041950 level=warn service=orders-db host=db-02.example trace_id=trace-a873fe9e msg="received shutdown request from maintenance controller window=mw-22E28B2E"
ts=1740041952 level=error service=orders-db host=db-02.example trace_id=trace-d3a610cc msg="missing index orders_search_idx sequential scan fallback query=q-446CFC24"
ts=1740041957 level=error service=orders-db host=db-02.example trace_id=trace-2bd4e2a9 msg="missing index orders_search_idx sequential scan fallback query=q-EF171964"
ts=1740041961 level=error service=orders-db host=db-02.example trace_id=trace-8b2369af msg="missing index orders_search_idx sequential scan fallback query=q-C5864E44"
ts=1740041966 level=error service=orders-db host=db-02.example trace_id=trace-468d1829 msg="missing index orders_search_idx sequential scan fallback query=q-D66E03E8"
ts=1740041970 level=error service=orders-db host=db-02.example trace_id=trace-c8731687 msg="missing index orders_search_idx sequential scan fallback query=q-D665A504"
ts=1740041975 level=error service=orders-db host=db-02.example trace_id=trace-eabc9e9d msg="missing index orders_search_idx sequential scan fallback query=q-818D70AF"
ts=1740041979 level=error service=orders-db host=db-02.example trace_id=trace-70203e7d msg="missing index orders_search_idx sequential scan fallback query=q-8618108C"
ts=1740041980 level=error service=orders-db host=db-02.example trace_id=trace-d966ce60 msg="connection slots exhausted during restart waiters=7"
ts=1740041981 level=info service=orders-db host=db-02.example trace_id=trace-c27835a9 msg="autovacuum finished table=orders_1 pages=3103"
ts=1740041984 level=error service=orders-db host=db-02.example trace_id=trace-7bcbd58b msg="missing index orders_search_idx sequential scan fallback query=q-B4BF0478"
ts=1740041988 level=error service=orders-db host=db-02.example trace_id=trace-b2aaf3b6 msg="missing index orders_search_idx sequential scan fallback query=q-F7EDC41D"
ts=1740041993 level=error service=orders-db host=db-02.example trace_id=trace-78bb4298 msg="missing index orders_search_idx sequential scan fallback query=q-FB3C7C68"
ts=1740041997 level=error service=orders-db host=db-02.example trace_id=trace-a8b68f31 msg="missing index orders_search_idx sequential scan fallback query=q-74B295EA"
ts=1740042000 level=error service=orders-db host=db-02.example trace_id=trace-69c21cf9 msg="connection slots exhausted during restart waiters=11"
ts=1740042001 level=error service=orders-db host=db-02.example trace_id=trace-f7adb4af msg="missing index orders_search_idx sequential scan fallback query=q-695479B5"
ts=1740042006 level=error service=orders-db host=db-02.example trace_id=trace-e8a6b7f3 msg="missing index orders_search_idx sequential scan fallback query=q-9A06E41C"
ts=1740042010 level=error service=orders-db host=db-02.example trace_id=trace-d7256aa1 msg="missing index orders_search_idx sequential scan fallback query=q-34FFF781"
ts=1740042015 level=info service=orders-db host=db-02.example trace_id=trace-0e92b041 msg="autovacuum finished table=orders_2 pages=3524"
ts=1740042015 level=error service=orders-db host=db-02.example trace_id=trace-8901fdc8 msg="missing index orders_search_idx sequential scan fallback query=q-233E3165"
ts=1740042019 level=error service=orders-db host=db-02.example trace_id=trace-c4a69715 msg="missing index orders_search_idx sequential scan fallback query=q-14648D4D"
ts=1740042020 level=error service=orders-db host=db-02.example trace_id=trace-69c21eac msg="connection slots exhausted during restart waiters=16"
ts=1740042024 level=error service=orders-db host=db-02.example trace_id=trace-d379a08f msg="missing index orders_search_idx sequential scan fallback query=q-D1132CD7"
ts=1740042028 level=error service=orders-db host=db-02.example trace_id=trace-c7955d46 msg="missing index orders_search_idx sequential scan fallback query=q-DC388266"
ts=1740042033 level=error service=orders-db host=db-02.example trace_id=trace-7ce07457 msg="missing index orders_search_idx sequential scan fallback query=q-F3E73F96"
ts=1740042037 level=error service=orders-db host=db-02.example trace_id=trace-eaaefa11 msg="missing index orders_search_idx sequential scan fallback query=q-65D640D4"
ts=1740042041 level=error service=orders-db host=db-02.example trace_id=trace-ead208fb msg="missing index orders_search_idx sequential scan fallback query=q-0891BEA5"
ts=1740042046 level=error service=orders-db host=db-02.example trace_id=trace-de8abd08 msg="missing index orders_search_idx sequential scan fallback query=q-A3990875"
ts=1740042048 level=info service=orders-db host=db-02.example trace_id=trace-48293b1e msg="autovacuum finished table=orders_1 pages=882"
ts=1740042050 level=error service=orders-db host=db-02.example trace_id=trace-cc82807a msg="missing index orders_search_idx sequential scan fallback query=q-004BA76D"
ts=1740042055 level=error service=orders-db host=db-02.example trace_id=trace-83016ff3 msg="missing index orders_search_idx sequential scan fallback query=q-4024ADB8"
ts=1740042059 level=error service=orders-db host=db-02.example trace_id=trace-b2c73e48 msg="missing index orders_search_idx sequential scan fallback query=q-84EF6DA6"
ts=1740042064 level=error service=orders-db host=db-02.example trace_id=trace-56f6afe4 msg="missing index orders_search_idx sequential scan fallback query=q-DD6FD1B5"
ts=1740042068 level=error service=orders-db host=db-02.example trace_id=trace-6e81ca7a msg="missing index orders_search_idx sequential scan fallback query=q-16DE75EC"
ts=1740042073 level=error service=orders-db host=db-02.example trace_id=trace-a95b1906 msg="missing index orders_search_idx sequential scan fallback query=q-5432E8E4"
ts=1740042077 level=error service=orders-db host=db-02.example trace_id=trace-537291cf msg="missing index orders_search_idx sequential scan fallback query=q-745E69B1"
ts=1740042082 level=info service=orders-db host=db-02.example trace_id=trace-323d901e msg="autovacuum finished table=orders_7 pages=3737"
ts=1740042082 level=error service=orders-db host=db-02.example trace_id=trace-dfc01259 msg="missing index orders_search_idx sequential scan fallback query=q-DBCD4482"
ts=1740042086 level=error service=orders-db host=db-02.example trace_id=trace-7aa410f0 msg="missing index orders_search_idx sequential scan fallback query=q-9E3741FE"
ts=1740042090 level=error service=orders-db host=db-02.example trace_id=trace-24ed9d51 msg="missing index orders_search_idx sequential scan fallback query=q-608438AA"
ts=1740042095 level=error service=orders-db host=db-02.example trace_id=trace-b00f6f94 msg="missing index orders_search_idx sequential scan fallback query=q-12FCBEEF"
ts=1740042099 level=error service=orders-db host=db-02.example trace_id=trace-05484fcc msg="missing index orders_search_idx sequential scan fallback query=q-E930C970"
ts=1740042104 level=error service=orders-db host=db-02.example trace_id=trace-71d61328 msg="missing index orders_search_idx sequential scan fallback query=q-3D21D8EC"
ts=1740042108 level=error service=orders-db host=db-02.example trace_id=trace-af42ce84 msg="missing index orders_search_idx sequential scan fallback query=q-73D2BAF3"
ts=1740042113 level=error service=orders-db host=db-02.example trace_id=trace-5630749a msg="missing index orders_search_idx sequential scan fallback query=q-F91B4842"
ts=1740042116 level=info service=orders-db host=db-02.example trace_id=trace-319153d8 msg="autovacuum finished table=orders_0 pages=2724"
ts=1740042117 level=error service=orders-db host=db-02.example trace_id=trace-7074bcf5 msg="missing index orders_search_idx sequential scan fallback query=q-0996853A"
ts=1740042122 level=error service=orders-db host=db-02.example trace_id=trace-24aec7ba msg="missing index orders_search_idx sequential scan fallback query=q-5E41EF02"
ts=1740042126 level=error service=orders-db host=db-02.example trace_id=trace-3d074537 msg="missing index orders_search_idx sequential scan fallback query=q-FEF6AC35"
ts=1740042130 level=error service=orders-db host=db-02.example trace_id=trace-1a1fe0a1 msg="missing index orders_search_idx sequential scan fallback query=q-3328B4FA"
ts=1740042135 level=error service=orders-db host=db-02.example trace_id=trace-955cc588 msg="missing index orders_search_idx sequential scan fallback query=q-3953AD1B"
ts=1740042139 level=error service=orders-db host=db-02.example trace_id=trace-1f434995 msg="missing index orders_search_idx sequential scan fallback query=q-9D6F54AF"
ts=1740042144 level=error service=orders-db host=db-02.example trace_id=trace-b3750e09 msg="missing index orders_search_idx sequential scan fallback query=q-6F34E42A"
ts=1740042148 level=error service=orders-db host=db-02.example trace_id=trace-ef99a0b7 msg="missing index orders_search_idx sequential scan fallback query=q-9C6C93C7"
ts=1740042150 level=info service=orders-db host=db-02.example trace_id=trace-7fb8a968 msg="autovacuum finished table=orders_3 pages=1452"
ts=1740042153 level=error service=orders-db host=db-02.example trace_id=trace-ba513dba msg="missing index orders_search_idx sequential scan fallback query=q-7BD55856"
ts=1740042157 level=error service=orders-db host=db-02.example trace_id=trace-58c49b2e msg="missing index orders_search_idx sequential scan fallback query=q-58944FD6"
ts=1740042162 level=error service=orders-db host=db-02.example trace_id=trace-b57a4b5b msg="missing index orders_search_idx sequential scan fallback query=q-36B6D9F3"
ts=1740042166 level=error service=orders-db host=db-02.example trace_id=trace-587b1d0c msg="missing index orders_search_idx sequential scan fallback query=q-11ACB723"
ts=1740042171 level=error service=orders-db host=db-02.example trace_id=trace-06bb1704 msg="missing index orders_search_idx sequential scan fallback query=q-03651791"
ts=1740042175 level=error service=orders-db host=db-02.example trace_id=trace-10c57425 msg="missing index orders_search_idx sequential scan fallback query=q-96FC5A5D"
ts=1740042179 level=error service=orders-db host=db-02.example trace_id=trace-2e6c4999 msg="missing index orders_search_idx sequential scan fallback query=q-8B411089"
ts=1740042183 level=info service=orders-db host=db-02.example trace_id=trace-ff5e8549 msg="autovacuum finished table=orders_3 pages=3798"
ts=1740042184 level=error service=orders-db host=db-02.example trace_id=trace-e5c4ff3a msg="missing index orders_search_idx sequential scan fallback query=q-34A127AA"
ts=1740042188 level=error service=orders-db host=db-02.example trace_id=trace-dcb63efe msg="missing index orders_search_idx sequential scan fallback query=q-BDA15704"
ts=1740042193 level=error service=orders-db host=db-02.example trace_id=trace-09befbc3 msg="missing index orders_search_idx sequential scan fallback query=q-AA2C8DCE"
ts=1740042197 level=error service=orders-db host=db-02.example trace_id=trace-8a899401 msg="missing index orders_search_idx sequential scan fallback query=q-4AB33C61"
ts=1740042202 level=error service=orders-db host=db-02.example trace_id=trace-12d4d3dc msg="missing index orders_search_idx sequential scan fallback query=q-6C5F8932"
ts=1740042206 level=error service=orders-db host=db-02.example trace_id=trace-a0bbdcab msg="missing index orders_search_idx sequential scan fallback query=q-74B24D95"
ts=1740042211 level=error service=orders-db host=db-02.example trace_id=trace-23ceb291 msg="missing index orders_search_idx sequential scan fallback query=q-BB0C2B5E"
ts=1740042215 level=error service=orders-db host=db-02.example trace_id=trace-bda6c89c msg="missing index orders_search_idx sequential scan fallback query=q-6C772F4A"
ts=1740042217 level=info service=orders-db host=db-02.example trace_id=trace-9f02a162 msg="autovacuum finished table=orders_7 pages=1072"
ts=1740042219 level=error service=orders-db host=db-02.example trace_id=trace-340b2de0 msg="missing index orders_search_idx sequential scan fallback query=q-7759F664"
ts=1740042224 level=error service=orders-db host=db-02.example trace_id=trace-bc6a27e2 msg="missing index orders_search_idx sequential scan fallback query=q-C7255525"
ts=1740042228 level=error service=orders-db host=db-02.example trace_id=trace-5188af46 msg="missing index orders_search_idx sequential scan fallback query=q-2C89E05D"
ts=1740042233 level=error service=orders-db host=db-02.example trace_id=trace-ae54e30e msg="missing index orders_search_idx sequential scan fallback query=q-6B3508FB"
ts=1740042237 level=error service=orders-db host=db-02.example trace_id=trace-f7d0651f msg="missing index orders_search_idx sequential scan fallback query=q-E7E256B5"
ts=1740042242 level=error service=orders-db host=db-02.example trace_id=trace-4944b549 msg="missing index orders_search_idx sequential scan fallback query=q-F1153661"
ts=1740042246 level=error service=orders-db host=db-02.example trace_id=trace-39e5cf55 msg="missing index orders_search_idx sequential scan fallback query=q-63D79501"
ts=1740042251 level=info service=orders-db host=db-02.example trace_id=trace-55fac09b msg="autovacuum finished table=orders_4 pages=1786"
ts=1740042251 level=error service=orders-db host=db-02.example trace_id=trace-951aea9e msg="missing index orders_search_idx sequential scan fallback query=q-8769D3E4"
ts=1740042255 level=error service=orders-db host=db-02.example trace_id=trace-180e8f07 msg="missing index orders_search_idx sequential scan fallback query=q-112A1265"
ts=1740042260 level=error service=orders-db host=db-02.example trace_id=trace-add3749a msg="missing index orders_search_idx sequential scan fallback query=q-75CEABFC"
ts=1740042264 level=error service=orders-db host=db-02.example trace_id=trace-c1469f8c msg="missing index orders_search_idx sequential scan fallback query=q-D46F7511"
ts=1740042268 level=error service=orders-db host=db-02.example trace_id=trace-fab7919b msg="missing index orders_search_idx sequential scan fallback query=q-7B5D13C6"
ts=1740042273 level=error service=orders-db host=db-02.example trace_id=trace-96ad1d6b msg="missing index orders_search_idx sequential scan fallback query=q-2573E79E"
ts=1740042277 level=error service=orders-db host=db-02.example trace_id=trace-6bc56774 msg="missing index orders_search_idx sequential scan fallback query=q-E6A1CDFF"
ts=1740042282 level=error service=orders-db host=db-02.example trace_id=trace-7fa35c5b msg="missing index orders_search_idx sequential scan fallback query=q-7EAA8FBA"
ts=1740042285 level=info service=orders-db host=db-02.example trace_id=trace-4fa1b74c msg="autovacuum finished table=orders_1 pages=2983"
ts=1740042286 level=error service=orders-db host=db-02.example trace_id=trace-bc07e44b msg="missing index orders_search_idx sequential scan fallback query=q-BDFA5EF6"
ts=1740042290 level=info service=orders-db host=db-02.example trace_id=trace-a7779a37 msg="accepting connections again after restart"
ts=1740042291 level=error service=orders-db host=db-02.example trace_id=trace-c1e6b75e msg="missing index orders_search_idx sequential scan fallback query=q-A40CFD9E"
ts=1740042295 level=error service=orders-db host=db-02.example trace_id=trace-a185e862 msg="missing index orders_search_idx sequential scan fallback query=q-08152AEF"
ts=1740042300 level=error service=orders-db host=db-02.example trace_id=trace-cae75313 msg="missing index orders_search_idx sequential scan fallback query=q-F3D844BD"
ts=1740042304 level=error service=orders-db host=db-02.example trace_id=trace-9e556750 msg="missing index orders_search_idx sequential scan fallback query=q-1A891CBC"
ts=1740042308 level=error service=orders-db host=db-02.example trace_id=trace-0c529c5b msg="missing index orders_search_idx sequential scan fallback query=q-55E54DA8"
ts=1740042313 level=error service=orders-db host=db-02.example trace_id=trace-18f309b7 msg="missing index orders_search_idx sequential scan fallback query=q-B7DF63C8"
ts=1740042317 level=error service=orders-db host=db-02.example trace_id=trace-0a58d50c msg="missing index orders_search_idx sequential scan fallback query=q-2101413D"
ts=1740042318 level=info service=orders-db host=db-02.example trace_id=trace-766ed675 msg="autovacuum finished table=orders_1 pages=2100"
ts=1740042322 level=error service=orders-db host=db-02.example trace_id=trace-fd9fd5f0 msg="missing index orders_search_idx sequential scan fallback query=q-8353D4EB"
ts=1740042326 level=error service=orders-db host=db-02.example trace_id=trace-71786e68 msg="missing index orders_search_idx sequential scan fallback query=q-D0F7FBC2"
ts=1740042331 level=error service=orders-db host=db-02.example trace_id=trace-fc59afce msg="missing index orders_search_idx sequential scan fallback query=q-CCC88753"
ts=1740042335 level=error service=orders-db host=db-02.example trace_id=trace-a091823c msg="missing index orders_search_idx sequential scan fallback query=q-C5242947"
ts=1740042340 level=error service=orders-db host=db-02.example trace_id=trace-622ab301 msg="missing index orders_search_idx sequential scan fallback query=q-62F3331A"
ts=1740042344 level=error service=orders-db host=db-02.example trace_id=trace-bc2167c4 msg="missing index orders_search_idx sequential scan fallback query=q-61B2141A"
ts=1740042349 level=error service=orders-db host=db-02.example trace_id=trace-e90f82d1 msg="missing index orders_search_idx sequential scan fallback query=q-F873E26B"
ts=1740042352 level=info service=orders-db host=db-02.example trace_id=trace-a626d6a2 msg="autovacuum finished table=orders_6 pages=953"
ts=1740042353 level=error service=orders-db host=db-02.example trace_id=trace-63ea8a3d msg="missing index orders_search_idx sequential scan fallback query=q-FBD29673"
ts=1740042357 level=error service=orders-db host=db-02.example trace_id=trace-19ca039d msg="missing index orders_search_idx sequential scan fallback query=q-A751FC0F"
ts=1740042362 level=error service=orders-db host=db-02.example trace_id=trace-14eab767 msg="missing index orders_search_idx sequential scan fallback query=q-ECF700C7"
ts=1740042366 level=error service=orders-db host=db-02.example trace_id=trace-0aff0148 msg="missing index orders_search_idx sequential scan fallback query=q-0A16E737"
ts=1740042371 level=error service=orders-db host=db-02.example trace_id=trace-fb46417f msg="missing index orders_search_idx sequential scan fallback query=q-6A8086FD"
ts=1740042375 level=error service=orders-db host=db-02.example trace_id=trace-d93717e8 msg="missing index orders_search_idx sequential scan fallback query=q-0CF76FEC"
ts=1740042380 level=error service=orders-db host=db-02.example trace_id=trace-46f5eac1 msg="missing index orders_search_idx sequential scan fallback query=q-B2B70E63"
ts=1740042384 level=error service=orders-db host=db-02.example trace_id=trace-4b30e9f6 msg="missing index orders_search_idx sequential scan fallback query=q-6A4EFDFF"
ts=1740042386 level=info service=orders-db host=db-02.example trace_id=trace-8e40bd55 msg="autovacuum finished table=orders_3 pages=896"
ts=1740042389 level=error service=orders-db host=db-02.example trace_id=trace-c7e76f84 msg="missing index orders_search_idx sequential scan fallback query=q-6055C1BD"
ts=1740042393 level=error service=orders-db host=db-02.example trace_id=trace-6bc5292e msg="missing index orders_search_idx sequential scan fallback query=q-E7274E13"
ts=1740042397 level=error service=orders-db host=db-02.example trace_id=trace-a3e55c2e msg="missing index orders_search_idx sequential scan fallback query=q-B84B0AF7"
ts=1740042402 level=error service=orders-db host=db-02.example trace_id=trace-85db0082 msg="missing index orders_search_idx sequential scan fallback query=q-D74033F7"
ts=1740042406 level=error service=orders-db host=db-02.example trace_id=trace-b469d9ef msg="missing index orders_search_idx sequential scan fallback query=q-41E0AF7E"
ts=1740042411 level=error service=orders-db host=db-02.example trace_id=trace-4f9cf2f0 msg="missing index orders_search_idx sequential scan fallback query=q-7DF8BC44"
ts=1740042415 level=error service=orders-db host=db-02.example trace_id=trace-ef9ced9f msg="missing index orders_search_idx sequential scan fallback query=q-32DB9A8D"
ts=1740042420 level=info service=orders-db host=db-02.example trace_id=trace-b9225055 msg="autovacuum finished table=orders_2 pages=1993"
ts=1740042420 level=error service=orders-db host=db-02.example trace_id=trace-893b0cfc msg="missing index orders_search_idx sequential scan fallback query=q-2184A27E"
ts=1740042424 level=error service=orders-db host=db-02.example trace_id=trace-f284618f msg="missing index orders_search_idx sequential scan fallback query=q-CD840B7E"
ts=1740042429 level=error service=orders-db host=db-02.example trace_id=trace-b4cc523c msg="missing index orders_search_idx sequential scan fallback query=q-1C67BF83"
ts=1740042433 level=error service=orders-db host=db-02.example trace_id=trace-05f2fa67 msg="missing index orders_search_idx sequential scan fallback query=q-525B6830"
ts=1740042438 level=error service=orders-db host=db-02.example trace_id=trace-4752e827 msg="missing index orders_search_idx sequential scan fallback query=q-B3E5C27B"
ts=1740042442 level=error service=orders-db host=db-02.example trace_id=trace-17d1390b msg="missing index orders_search_idx sequential scan fallback query=q-C27488A6"
ts=1740042446 level=error service=orders-db host=db-02.example trace_id=trace-f04daa86 msg="missing index orders_search_idx sequential scan fallback query=q-68B60590"
ts=1740042451 level=error service=orders-db host=db-02.example trace_id=trace-3aac3879 msg="missing index orders_search_idx sequential scan fallback query=q-5F4D7F61"
ts=1740042453 level=info service=orders-db host=db-02.example trace_id=trace-67cf9fc0 msg="autovacuum finished table=orders_4 pages=711"
ts=1740042455 level=error service=orders-db host=db-02.example trace_id=trace-0d26013f msg="missing index orders_search_idx sequential scan fallback query=q-756D0BDC"
ts=1740042460 level=error service=orders-db host=db-02.example trace_id=trace-a1d9bce2 msg="missing index orders_search_idx sequential scan fallback query=q-10B7E0C4"
ts=1740042464 level=error service=orders-db host=db-02.example trace_id=trace-ab088d67 msg="missing index orders_search_idx sequential scan fallback query=q-554F6C64"
ts=1740042469 level=error service=orders-db host=db-02.example trace_id=trace-b6430999 msg="missing index orders_search_idx sequential scan fallback query=q-B56097C5"
ts=1740042473 level=error service=orders-db host=db-02.example trace_id=trace-8b1ba0f6 msg="missing index orders_search_idx sequential scan fallback query=q-25081BE9"
ts=1740042478 level=error service=orders-db host=db-02.example trace_id=trace-5c136d38 msg="missing index orders_search_idx sequential scan fallback query=q-9F35C70A"
ts=1740042482 level=error service=orders-db host=db-02.example trace_id=trace-ceb0dfd2 msg="missing index orders_search_idx sequential scan fallback query=q-5E7A5E2B"
ts=1740042486 level=error service=orders-db host=db-02.example trace_id=trace-4b686400 msg="missing index orders_search_idx sequential scan fallback query=q-055F5184"
ts=1740042487 level=info service=orders-db host=db-02.example trace_id=trace-79759b7c msg="autovacuum finished table=orders_1 pages=255"
ts=1740042491 level=error service=orders-db host=db-02.example trace_id=trace-f429f918 msg="missing index orders_search_idx sequential scan fallback query=q-80593030"
ts=1740042495 level=error service=orders-db host=db-02.example trace_id=trace-cd4aacac msg="missing index orders_search_idx sequential scan fallback query=q-A64EFB91"
ts=1740042500 level=error service=orders-db host=db-02.example trace_id=trace-abc019e8 msg="missing index orders_search_idx sequential scan fallback query=q-6C511705"
ts=1740042504 level=error service=orders-db host=db-02.example trace_id=trace-7ef163d6 msg="missing index orders_search_idx sequential scan fallback query=q-74010C4C"
ts=1740042509 level=error service=orders-db host=db-02.example trace_id=trace-8b26c52a msg="missing index orders_search_idx sequential scan fallback query=q-0644C803"
ts=1740042513 level=error service=orders-db host=db-02.example trace_id=trace-6e53c688 msg="missing index orders_search_idx sequential scan fallback query=q-61171C78"
ts=1740042518 level=error service=orders-db host=db-02.example trace_id=trace-4c3cc3a5 msg="missing index orders_search_idx sequential scan fallback query=q-A9606977"
ts=1740042521 level=info service=orders-db host=db-02.example trace_id=trace-28c76c23 msg="autovacuum finished table=orders_5 pages=870"
ts=1740042522 level=error service=orders-db host=db-02.example trace_id=trace-195159d9 msg="missing index orders_search_idx sequential scan fallback query=q-61F96C97"
ts=1740042527 level=error service=orders-db host=db-02.example trace_id=trace-06e977ed msg="missing index orders_search_idx sequential scan fallback query=q-508003AB"
ts=1740042531 level=error service=orders-db host=db-02.example trace_id=trace-826c5705 msg="missing index orders_search_idx sequential scan fallback query=q-24A6AA0D"
ts=1740042535 level=error service=orders-db host=db-02.example trace_id=trace-f4b16254 msg="missing index orders_search_idx sequential scan fallback query=q-0FDCABFD"
ts=1740042540 level=error service=orders-db host=db-02.example trace_id=trace-b7515fc1 msg="missing index orders_search_idx sequential scan fallback query=q-77D6E150"
ts=1740042544 level=error service=orders-db host=db-02.example trace_id=trace-866fecc3 msg="missing index orders_search_idx sequential scan fallback query=q-652AC38A"
ts=1740042549 level=error service=orders-db host=db-02.example trace_id=trace-85703737 msg="missing index orders_search_idx sequential scan fallback query=q-B24D3EFA"
ts=1740042553 level=error service=orders-db host=db-02.example trace_id=trace-a76a280f msg="missing index orders_search_idx sequential scan fallback query=q-0A21A910"
ts=1740042555 level=info service=orders-db host=db-02.example trace_id=trace-ff5935e9 msg="autovacuum finished table=orders_3 pages=3776"
ts=1740042558 level=error service=orders-db host=db-02.example trace_id=trace-b422fbb4 msg="missing index orders_search_idx sequential scan fallback query=q-5895D9EA"
ts=1740042562 level=error service=orders-db host=db-02.example trace_id=trace-e6f5b33c msg="missing index orders_search_idx sequential scan fallback query=q-35CE8A43"
ts=1740042567 level=error service=orders-db host=db-02.example trace_id=trace-2d39dc5c msg="missing index orders_search_idx sequential scan fallback query=q-8FA8E444"
ts=1740042571 level=error service=orders-db host=db-02.example trace_id=trace-bce41736 msg="missing index orders_search_idx sequential scan fallback query=q-E404C4D2"
ts=1740042575 level=error service=orders-db host=db-02.example trace_id=trace-2bcb9087 msg="missing index orders_search_idx sequential scan fallback query=q-3B56E253"
ts=1740042580 level=error service=orders-db host=db-02.example trace_id=trace-d64a74e2 msg="missing index orders_search_idx sequential scan fallback query=q-91E8CA1B"
ts=1740042584 level=error service=orders-db host=db-02.example trace_id=trace-d17e98ff msg="missing index orders_search_idx sequential scan fallback query=q-EBA34587"
ts=1740042588 level=info service=orders-db host=db-02.example trace_id=trace-1d10b819 msg="autovacuum finished table=orders_3 pages=3105"
ts=1740042589 level=error service=orders-db host=db-02.example trace_id=trace-8ca757aa msg="missing index orders_search_idx sequential scan fallback query=q-35A819E2"
ts=1740042593 level=error service=orders-db host=db-02.example trace_id=trace-78e86463 msg="missing index orders_search_idx sequential scan fallback query=q-BF6A3733"
ts=1740042598 level=error service=orders-db host=db-02.example trace_id=trace-90181e43 msg="missing index orders_search_idx sequential scan fallback query=q-51FB2744"
ts=1740042602 level=error service=orders-db host=db-02.example trace_id=trace-686800e0 msg="missing index orders_search_idx sequential scan fallback query=q-C290BA12"
ts=1740042607 level=error service=orders-db host=db-02.example trace_id=trace-009ec809 msg="missing index orders_search_idx sequential scan fallback query=q-D040E895"
ts=1740042611 level=error service=orders-db host=db-02.example trace_id=trace-26a37655 msg="missing index orders_search_idx sequential scan fallback query=q-1294C94C"
ts=1740042616 level=error service=orders-db host=db-02.example trace_id=trace-68e25ebe msg="missing index orders_search_idx sequential scan fallback query=q-19E9BB31"
ts=1740042620 level=error service=orders-db host=db-02.example trace_id=trace-8a1afcc8 msg="missing index orders_search_idx sequential scan fallback query=q-34982091"
ts=1740042622 level=info service=orders-db host=db-02.example trace_id=trace-f751edb2 msg="autovacuum finished table=orders_7 pages=343"
ts=1740042624 level=error service=orders-db host=db-02.example trace_id=trace-874393de msg="missing index orders_search_idx sequential scan fallback query=q-AB1DEEDD"
ts=1740042629 level=error service=orders-db host=db-02.example trace_id=trace-1917f254 msg="missing index orders_search_idx sequential scan fallback query=q-1A7AD570"
ts=1740042633 level=error service=orders-db host=db-02.example trace_id=trace-b3a90656 msg="missing index orders_search_idx sequential scan fallback query=q-AB733734"
ts=1740042638 level=error service=orders-db host=db-02.example trace_id=trace-8bd979f3 msg="missing index orders_search_idx sequential scan fallback query=q-7F8CA651"
ts=1740042642 level=error service=orders-db host=db-02.example trace_id=trace-1c7d6c2f msg="missing index orders_search_idx sequential scan fallback query=q-7B6254E4"
ts=1740042647 level=error service=orders-db host=db-02.example trace_id=trace-22372e41 msg="missing index orders_search_idx sequential scan fallback query=q-AACB2C1B"
ts=1740042651 level=error service=orders-db host=db-02.example trace_id=trace-a9ecde2c msg="missing index orders_search_idx sequential scan fallback query=q-910581BB"
ts=1740042656 level=info service=orders-db host=db-02.example trace_id=trace-9cd90cf9 msg="autovacuum finished table=orders_5 pages=3143"
ts=1740042656 level=error service=orders-db host=db-02.example trace_id=trace-fea21543 msg="missing index orders_search_idx sequential scan fallback query=q-5BD94069"
ts=1740042660 level=error service=orders-db host=db-02.example trace_id=trace-dcaa20cd msg="missing index orders_search_idx sequential scan fallback query=q-695A4C83"
ts=1740042664 level=error service=orders-db host=db-02.example trace_id=trace-3a12b6fa msg="missing index orders_search_idx sequential scan fallback query=q-9D3DC256"
ts=1740042669 level=error service=orders-db host=db-02.example trace_id=trace-2a10aa2d msg="missing index orders_search_idx sequential scan fallback query=q-C93A7211"
ts=1740042673 level=error service=orders-db host=db-02.example trace_id=trace-adff14aa msg="missing index orders_search_idx sequential scan fallback query=q-C8215A9C"
ts=1740042678 level=error service=orders-db host=db-02.example trace_id=trace-fb3f6ec5 msg="missing index orders_search_idx sequential scan fallback query=q-3EBD3495"
ts=1740042682 level=error service=orders-db host=db-02.example trace_id=trace-a21a095a msg="missing index orders_search_idx sequential scan fallback query=q-0648F4BF"
ts=1740042687 level=error service=orders-db host=db-02.example trace_id=trace-76f88d8a msg="missing index orders_search_idx sequential scan fallback query=q-931B149A"
ts=1740042690 level=info service=orders-db host=db-02.example trace_id=trace-54e66e92 msg="autovacuum finished table=orders_7 pages=3816"
ts=1740042691 level=error service=orders-db host=db-02.example trace_id=trace-61972d28 msg="missing index orders_search_idx sequential scan fallback query=q-746D7B4F"
ts=1740042696 level=error service=orders-db host=db-02.example trace_id=trace-86b33a40 msg="missing index orders_search_idx sequential scan fallback query=q-E5FA6632"
ts=1740042700 level=error service=orders-db host=db-02.example trace_id=trace-61ebc50f msg="missing index orders_search_idx sequential scan fallback query=q-24745B70"
ts=1740042705 level=error service=orders-db host=db-02.example trace_id=trace-5b159079 msg="missing index orders_search_idx sequential scan fallback query=q-5B2FABF7"
ts=1740042709 level=error service=orders-db host=db-02.example trace_id=trace-08dd3968 msg="missing index orders_search_idx sequential scan fallback query=q-1DAC9316"
ts=1740042713 level=error service=orders-db host=db-02.example trace_id=trace-5c050357 msg="missing index orders_search_idx sequential scan fallback query=q-B690EBDE"
ts=1740042718 level=error service=orders-db host=db-02.example trace_id=trace-a393cb62 msg="missing index orders_search_idx sequential scan fallback query=q-FECEB5FB"
ts=1740042722 level=error service=orders-db host=db-02.example trace_id=trace-5c9f057f msg="missing index orders_search_idx sequential scan fallback query=q-D434EFA0"
ts=1740042723 level=info service=orders-db host=db-02.example trace_id=trace-4d6d6f55 msg="autovacuum finished table=orders_1 pages=986"
ts=1740042727 level=error service=orders-db host=db-02.example trace_id=trace-315999b7 msg="missing index orders_search_idx sequential scan fallback query=q-AC795707"
ts=1740042731 level=error service=orders-db host=db-02.example trace_id=trace-85658c01 msg="missing index orders_search_idx sequential scan fallback query=q-A4EEFE36"
ts=1740042736 level=error service=orders-db host=db-02.example trace_id=trace-550d7f24 msg="missing index orders_search_idx sequential scan fallback query=q-59FEF52F"
ts=1740042740 level=error service=orders-db host=db-02.example trace_id=trace-99f1a715 msg="missing index orders_search_idx sequential scan fallback query=q-0C434409"
ts=1740042745 level=error service=orders-db host=db-02.example trace_id=trace-62d241c4 msg="missing index orders_search_idx sequential scan fallback query=q-5F2B3D59"
ts=1740042749 level=error service=orders-db host=db-02.example trace_id=trace-468924dd msg="missing index orders_search_idx sequential scan fallback query=q-AAA12F3D"
ts=1740042753 level=error service=orders-db host=db-02.example trace_id=trace-da6bb9e7 msg="missing index orders_search_idx sequential scan fallback query=q-3ED27664"
ts=1740042757 level=info service=orders-db host=db-02.example trace_id=trace-83a77b33 msg="autovacuum finished table=orders_1 pages=478"
ts=1740042758 level=error service=orders-db host=db-02.example trace_id=trace-c62c0a74 msg="missing index orders_search_idx sequential scan fallback query=q-5B2DAC85"
ts=1740042762 level=error service=orders-db host=db-02.example trace_id=trace-eab627ae msg="missing index orders_search_idx sequential scan fallback query=q-4FAE060B"
ts=1740042767 level=error service=orders-db host=db-02.example trace_id=trace-17a982b0 msg="missing index orders_search_idx sequential scan fallback query=q-EA505EFC"
ts=1740042771 level=error service=orders-db host=db-02.example trace_id=trace-804c76cc msg="missing index orders_search_idx sequential scan fallback query=q-AE81ABAC"
ts=1740042776 level=error service=orders-db host=db-02.example trace_id=trace-a8f3540e msg="missing index orders_search_idx sequential scan fallback query=q-43840B0A"
ts=1740042780 level=error service=orders-db host=db-02.example trace_id=trace-728628cb msg="missing index orders_search_idx sequential scan fallback query=q-63690232"
ts=1740042785 level=error service=orders-db host=db-02.example trace_id=trace-808d7839 msg="missing index orders_search_idx sequential scan fallback query=q-20F17104"
ts=1740042789 level=error service=orders-db host=db-02.example trace_id=trace-701f47ad msg="missing index orders_search_idx sequential scan fallback query=q-3A578221"
ts=1740042791 level=info service=orders-db host=db-02.example trace_id=trace-dd42f1cd msg="autovacuum finished table=orders_6 pages=3083"
ts=1740042794 level=error service=orders-db host=db-02.example trace_id=trace-9a8874b2 msg="missing index orders_search_idx sequential scan fallback query=q-4840F213"
ts=1740042798 level=error service=orders-db host=db-02.example trace_id=trace-2d9c9765 msg="missing index orders_search_idx sequential scan fallback query=q-3559137B"
ts=1740042802 level=error service=orders-db host=db-02.example trace_id=trace-200a1c60 msg="missing index orders_search_idx sequential scan fallback query=q-32C51709"
ts=1740042807 level=error service=orders-db host=db-02.example trace_id=trace-61ad99a9 msg="missing index orders_search_idx sequential scan fallback query=q-B9AA65A8"
ts=1740042811 level=error service=orders-db host=db-02.example trace_id=trace-af0a947e msg="missing index orders_search_idx sequential scan fallback query=q-052F1FC9"
ts=1740042816 level=error service=orders-db host=db-02.example trace_id=trace-09bce8bc msg="missing index orders_search_idx sequential scan fallback query=q-B45E2D04"
ts=1740042820 level=error service=orders-db host=db-02.example trace_id=trace-9840e8ad msg="missing index orders_search_idx sequential scan fallback query=q-EF3B8137"
ts=1740042825 level=info service=orders-db host=db-02.example trace_id=trace-d3167822 msg="autovacuum finished table=orders_2 pages=3987"
ts=1740042825 level=error service=orders-db host=db-02.example trace_id=trace-4e4adb1b msg="missing index orders_search_idx sequential scan fallback query=q-951CD2DC"
ts=1740042829 level=error service=orders-db host=db-02.example trace_id=trace-2b715578 msg="missing index orders_search_idx sequential scan fallback query=q-91D60730"
ts=1740042834 level=error service=orders-db host=db-02.example trace_id=trace-6ed447b4 msg="missing index orders_search_idx sequential scan fallback query=q-8CF246BA"
ts=1740042838 level=error service=orders-db host=db-02.example trace_id=trace-8048e440 msg="missing index orders_search_idx sequential scan fallback query=q-DBA731FB"
ts=1740042842 level=error service=orders-db host=db-02.example trace_id=trace-a98ecf6c msg="missing index orders_search_idx sequential scan fallback query=q-ED5A31CB"
ts=1740042847 level=error service=orders-db host=db-02.example trace_id=trace-1d7977e4 msg="missing index orders_search_idx sequential scan fallback query=q-892FD986"
ts=1740042851 level=error service=orders-db host=db-02.example trace_id=trace-1e692b96 msg="missing index orders_search_idx sequential scan fallback query=q-BF3CCA15"
ts=1740042856 level=error service=orders-db host=db-02.example trace_id=trace-24d5a4c7 msg="missing index orders_search_idx sequential scan fallback query=q-1D32148D"
ts=1740042858 level=info service=orders-db host=db-02.example trace_id=trace-b7853f74 msg="autovacuum finished table=orders_7 pages=1737"
ts=1740042860 level=error service=orders-db host=db-02.example trace_id=trace-f00de224 msg="missing index orders_search_idx sequential scan fallback query=q-D503B01E"
ts=1740042865 level=error service=orders-db host=db-02.example trace_id=trace-3404e202 msg="missing index orders_search_idx sequential scan fallback query=q-5EBBD96E"
ts=1740042869 level=error service=orders-db host=db-02.example trace_id=trace-d86df950 msg="missing index orders_search_idx sequential scan fallback query=q-4A3FD5C4"
ts=1740042874 level=error service=orders-db host=db-02.example trace_id=trace-080ccf1e msg="missing index orders_search_idx sequential scan fallback query=q-4CA5C008"
ts=1740042878 level=error service=orders-db host=db-02.example trace_id=trace-1ee5d71a msg="missing index orders_search_idx sequential scan fallback query=q-C385ECE4"
ts=1740042883 level=error service=orders-db host=db-02.example trace_id=trace-0aeaf656 msg="missing index orders_search_idx sequential scan fallback query=q-D5F3ED3B"
ts=1740042887 level=error service=orders-db host=db-02.example trace_id=trace-6da864ed msg="missing index orders_search_idx sequential scan fallback query=q-0D2F4324"
ts=1740042891 level=error service=orders-db host=db-02.example trace_id=trace-03b0af3f msg="missing index orders_search_idx sequential scan fallback query=q-EFC2E925"
ts=1740042892 level=info service=orders-db host=db-02.example trace_id=trace-7dfd8be7 msg="autovacuum finished table=orders_1 pages=1051"
ts=1740042896 level=error service=orders-db host=db-02.example trace_id=trace-d498938c msg="missing index orders_search_idx sequential scan fallback query=q-24BB767B"
ts=1740042900 level=error service=orders-db host=db-02.example trace_id=trace-e5033c40 msg="missing index orders_search_idx sequential scan fallback query=q-C68ADCE8"
ts=1740042905 level=error service=orders-db host=db-02.example trace_id=trace-2b6ca9c0 msg="missing index orders_search_idx sequential scan fallback query=q-C0EDC386"
ts=1740042909 level=error service=orders-db host=db-02.example trace_id=trace-c058f3d1 msg="missing index orders_search_idx sequential scan fallback query=q-B6EB91A5"
ts=1740042914 level=error service=orders-db host=db-02.example trace_id=trace-f4c99b1f msg="missing index orders_search_idx sequential scan fallback query=q-51FB55A8"
ts=1740042918 level=error service=orders-db host=db-02.example trace_id=trace-d8e8ba41 msg="missing index orders_search_idx sequential scan fallback query=q-FCA89989"
ts=1740042923 level=error service=orders-db host=db-02.example trace_id=trace-8733cf5b msg="missing index orders_search_idx sequential scan fallback query=q-9504874F"
ts=1740042926 level=info service=orders-db host=db-02.example trace_id=trace-318bfdac msg="autovacuum finished table=orders_0 pages=2742"
ts=1740042927 level=error service=orders-db host=db-02.example trace_id=trace-1daa0c6d msg="missing index orders_search_idx sequential scan fallback query=q-463BDF73"
ts=1740042931 level=error service=orders-db host=db-02.example trace_id=trace-166abad3 msg="missing index orders_search_idx sequential scan fallback query=q-7ED1164C"
ts=1740042936 level=error service=orders-db host=db-02.example trace_id=trace-000d2efd msg="missing index orders_search_idx sequential scan fallback query=q-02B5708E"
ts=1740042940 level=error service=orders-db host=db-02.example trace_id=trace-2cf0e230 msg="missing index orders_search_idx sequential scan fallback query=q-9E85A4DB"
ts=1740042945 level=error service=orders-db host=db-02.example trace_id=trace-f72c9403 msg="missing index orders_search_idx sequential scan fallback query=q-63001EF2"
ts=1740042949 level=error service=orders-db host=db-02.example trace_id=trace-514ce820 msg="missing index orders_search_idx sequential scan fallback query=q-E8D2E189"
ts=1740042954 level=error service=orders-db host=db-02.example trace_id=trace-da975e72 msg="missing index orders_search_idx sequential scan fallback query=q-349389B2"
ts=1740042958 level=error service=orders-db host=db-02.example trace_id=trace-57997ae5 msg="missing index orders_search_idx sequential scan fallback query=q-00CDE8B5"
ts=1740042960 level=info service=orders-db host=db-02.example trace_id=trace-9cd92430 msg="autovacuum finished table=orders_5 pages=1616"
ts=1740042963 level=error service=orders-db host=db-02.example trace_id=trace-8a9f42ac msg="missing index orders_search_idx sequential scan fallback query=q-89CF9EF0"
ts=1740042967 level=error service=orders-db host=db-02.example trace_id=trace-1d45ee39 msg="missing index orders_search_idx sequential scan fallback query=q-D7ABBCC3"
ts=1740042972 level=error service=orders-db host=db-02.example trace_id=trace-2eb417e3 msg="missing index orders_search_idx sequential scan fallback query=q-F8C1874B"
ts=1740042976 level=error service=orders-db host=db-02.example trace_id=trace-63da7921 msg="missing index orders_search_idx sequential scan fallback query=q-FEC1CCB6"
ts=1740042980 level=error service=orders-db host=db-02.example trace_id=trace-7ef2ceb3 msg="missing index orders_search_idx sequential scan fallback query=q-E48844F2"
ts=1740042985 level=error service=orders-db host=db-02.example trace_id=trace-14b475cf msg="missing index orders_search_idx sequential scan fallback query=q-06786C6C"
ts=1740042989 level=error service=orders-db host=db-02.example trace_id=trace-d922f2f3 msg="missing index orders_search_idx sequential scan fallback query=q-FBF4AD11"
ts=1740042993 level=info service=orders-db host=db-02.example trace_id=trace-f61e92fa msg="autovacuum finished table=orders_2 pages=3059"
ts=1740042994 level=error service=orders-db host=db-02.example trace_id=trace-3d2a6700 msg="missing index orders_search_idx sequential scan fallback query=q-F9D6E475"
ts=1740042998 level=error service=orders-db host=db-02.example trace_id=trace-e9d87196 msg="missing index orders_search_idx sequential scan fallback query=q-E5F5A9E8"
ts=1740043003 level=error service=orders-db host=db-02.example trace_id=trace-e2130f14 msg="missing index orders_search_idx sequential scan fallback query=q-BD26BE3B"
ts=1740043007 level=error service=orders-db host=db-02.example trace_id=trace-f583ec24 msg="missing index orders_search_idx sequential scan fallback query=q-473E199D"
ts=1740043012 level=error service=orders-db host=db-02.example trace_id=trace-65b81881 msg="missing index orders_search_idx sequential scan fallback query=q-2B9EA32A"
ts=1740043016 level=error service=orders-db host=db-02.example trace_id=trace-c1a8713b msg="missing index orders_search_idx sequential scan fallback query=q-BBDB0373"
ts=1740043020 level=error service=orders-db host=db-02.example trace_id=trace-b617b393 msg="missing index orders_search_idx sequential scan fallback query=q-C994518F"
ts=1740043025 level=error service=orders-db host=db-02.example trace_id=trace-6ebace9f msg="missing index orders_search_idx sequential scan fallback query=q-344AC503"
ts=1740043027 level=info service=orders-db host=db-02.example trace_id=trace-ccf38964 msg="autovacuum finished table=orders_2 pages=78"
ts=1740043029 level=error service=orders-db host=db-02.example trace_id=trace-2d1a74a2 msg="missing index orders_search_idx sequential scan fallback query=q-E2F82F10"
ts=1740043034 level=error service=orders-db host=db-02.example trace_id=trace-e5c89b0e msg="missing index orders_search_idx sequential scan fallback query=q-0A224ED4"
ts=1740043038 level=error service=orders-db host=db-02.example trace_id=trace-6f5cc369 msg="missing index orders_search_idx sequential scan fallback query=q-251A61A8"
ts=1740043043 level=error service=orders-db host=db-02.example trace_id=trace-8dac34dc msg="missing index orders_search_idx sequential scan fallback query=q-DD129138"
ts=1740043047 level=error service=orders-db host=db-02.example trace_id=trace-2bac3101 msg="missing index orders_search_idx sequential scan fallback query=q-0A9D21CE"
ts=1740043052 level=error service=orders-db host=db-02.example trace_id=trace-420d7895 msg="missing index orders_search_idx sequential scan fallback query=q-C473FE38"
ts=1740043056 level=error service=orders-db host=db-02.example trace_id=trace-38bb28b7 msg="missing index orders_search_idx sequential scan fallback query=q-51030FD4"
ts=1740043061 level=info service=orders-db host=db-02.example trace_id=trace-142a6f5f msg="autovacuum finished table=orders_4 pages=2703"
ts=1740043061 level=error service=orders-db host=db-02.example trace_id=trace-938bb6a3 msg="missing index orders_search_idx sequential scan fallback query=q-CE75460E"
ts=1740043065 level=error service=orders-db host=db-02.example trace_id=trace-215e17c9 msg="missing index orders_search_idx sequential scan fallback query=q-052A0267"
ts=1740043069 level=error service=orders-db host=db-02.example trace_id=trace-47811d44 msg="missing index orders_search_idx sequential scan fallback query=q-DF408A2C"
ts=1740043074 level=error service=orders-db host=db-02.example trace_id=trace-401e1d16 msg="missing index orders_search_idx sequential scan fallback query=q-1DE8F3D5"
ts=1740043078 level=error service=orders-db host=db-02.example trace_id=trace-0cee30e9 msg="missing index orders_search_idx sequential scan fallback query=q-9ABA67D5"
ts=1740043083 level=error service=orders-db host=db-02.example trace_id=trace-bb28afcf msg="missing index orders_search_idx sequential scan fallback query=q-D0BB7E61"
ts=1740043087 level=error service=orders-db host=db-02.example trace_id=trace-c15413e1 msg="missing index orders_search_idx sequential scan fallback query=q-9E6EC17A"
ts=1740043092 level=error service=orders-db host=db-02.example trace_id=trace-5da26297 msg="missing index orders_search_idx sequential scan fallback query=q-FCF2A665"
ts=1740043095 level=info service=orders-db host=db-02.example trace_id=trace-7f98bddd msg="autovacuum finished table=orders_3 pages=1486"
ts=1740043096 level=error service=orders-db host=db-02.example trace_id=trace-3d228cf9 msg="missing index orders_search_idx sequential scan fallback query=q-EB469B36"
ts=1740043101 level=error service=orders-db host=db-02.example trace_id=trace-3c6e7238 msg="missing index orders_search_idx sequential scan fallback query=q-9A5F9419"
ts=1740043105 level=error service=orders-db host=db-02.example trace_id=trace-1de3b733 msg="missing index orders_search_idx sequential scan fallback query=q-ABA2AEC4"
ts=1740043109 level=error service=orders-db host=db-02.example trace_id=trace-d227f846 msg="missing index orders_search_idx sequential scan fallback query=q-D2AB9A34"
ts=1740043114 level=error service=orders-db host=db-02.example trace_id=trace-374d3336 msg="missing index orders_search_idx sequential scan fallback query=q-1BF1934F"
ts=1740043118 level=error service=orders-db host=db-02.example trace_id=trace-870b79e9 msg="missing index orders_search_idx sequential scan fallback query=q-1B575D2A"
ts=1740043123 level=error service=orders-db host=db-02.example trace_id=trace-752ba21c msg="missing index orders_search_idx sequential scan fallback query=q-C8321263"
ts=1740043127 level=error service=orders-db host=db-02.example trace_id=trace-f4d328b4 msg="missing index orders_search_idx sequential scan fallback query=q-592A10D4"
ts=1740043128 level=info service=orders-db host=db-02.example trace_id=trace-ddc80f8d msg="autovacuum finished table=orders_5 pages=1952"
ts=1740043132 level=error service=orders-db host=db-02.example trace_id=trace-46f95e07 msg="missing index orders_search_idx sequential scan fallback query=q-0470EE53"
ts=1740043136 level=error service=orders-db host=db-02.example trace_id=trace-3b6ff392 msg="missing index orders_search_idx sequential scan fallback query=q-28B95F48"
ts=1740043141 level=error service=orders-db host=db-02.example trace_id=trace-14410607 msg="missing index orders_search_idx sequential scan fallback query=q-3FCDD324"
ts=1740043145 level=error service=orders-db host=db-02.example trace_id=trace-1e57c836 msg="missing index orders_search_idx sequential scan fallback query=q-53154363"
ts=1740043150 level=error service=orders-db host=db-02.example trace_id=trace-19567d91 msg="missing index orders_search_idx sequential scan fallback query=q-770ED6B2"
ts=1740043154 level=error service=orders-db host=db-02.example trace_id=trace-991c06d1 msg="missing index orders_search_idx sequential scan fallback query=q-B3E2C444"
ts=1740043158 level=error service=orders-db host=db-02.example trace_id=trace-4148b33b msg="missing index orders_search_idx sequential scan fallback query=q-B4F36A90"
ts=1740043162 level=info service=orders-db host=db-02.example trace_id=trace-e29dedbc msg="autovacuum finished table=orders_6 pages=3109"
ts=1740043163 level=error service=orders-db host=db-02.example trace_id=trace-f00da607 msg="missing index orders_search_idx sequential scan fallback query=q-B8E49175"
ts=1740043167 level=error service=orders-db host=db-02.example trace_id=trace-c5a28393 msg="missing index orders_search_idx sequential scan fallback query=q-ADEDFD38"
ts=1740043172 level=error service=orders-db host=db-02.example trace_id=trace-4e4adca6 msg="missing index orders_search_idx sequential scan fallback query=q-96526491"
ts=1740043176 level=error service=orders-db host=db-02.example trace_id=trace-4c3415da msg="missing index orders_search_idx sequential scan fallback query=q-4366C0A9"
ts=1740043181 level=error service=orders-db host=db-02.example trace_id=trace-fb6f0969 msg="missing index orders_search_idx sequential scan fallback query=q-A0354C67"
ts=1740043185 level=error service=orders-db host=db-02.example trace_id=trace-925fddde msg="missing index orders_search_idx sequential scan fallback query=q-9330DA13"
ts=1740043190 level=error service=orders-db host=db-02.example trace_id=trace-34e9d42a msg="missing index orders_search_idx sequential scan fallback query=q-20F0E56D"
ts=1740043194 level=error service=orders-db host=db-02.example trace_id=trace-88d2ccc7 msg="missing index orders_search_idx sequential scan fallback query=q-2347AF9C"
ts=1740043196 level=info service=orders-db host=db-02.example trace_id=trace-9d794020 msg="autovacuum finished table=orders_3 pages=1214"
ts=1740043198 level=error service=orders-db host=db-02.example trace_id=trace-6cccb44d msg="missing index orders_search_idx sequential scan fallback query=q-46FDB77A"
ts=1740043203 level=error service=orders-db host=db-02.example trace_id=trace-3c499f8e msg="missing index orders_search_idx sequential scan fallback query=q-45BD6EC9"
ts=1740043207 level=error service=orders-db host=db-02.example trace_id=trace-6338d6ec msg="missing index orders_search_idx sequential scan fallback query=q-37303978"
ts=1740043212 level=error service=orders-db host=db-02.example trace_id=trace-4e8bcea3 msg="missing index orders_search_idx sequential scan fallback query=q-E184B61F"
ts=1740043216 level=error service=orders-db host=db-02.example trace_id=trace-e931ffa5 msg="missing index orders_search_idx sequential scan fallback query=q-D4ECA2CE"
ts=1740043221 level=error service=orders-db host=db-02.example trace_id=trace-a7985dd1 msg="missing index orders_search_idx sequential scan fallback query=q-5BC00A97"
ts=1740043225 level=error service=orders-db host=db-02.example trace_id=trace-a9509f87 msg="missing index orders_search_idx sequential scan fallback query=q-0032CD5B"
ts=1740043230 level=info service=orders-db host=db-02.example trace_id=trace-919184b0 msg="autovacuum finished table=orders_1 pages=1414"
ts=1740043230 level=error service=orders-db host=db-02.example trace_id=trace-1ce42294 msg="missing index orders_search_idx sequential scan fallback query=q-A7A1F01E"
ts=1740043234 level=error service=orders-db host=db-02.example trace_id=trace-3b0f58fa msg="missing index orders_search_idx sequential scan fallback query=q-CD572810"
ts=1740043239 level=error service=orders-db host=db-02.example trace_id=trace-7ea19634 msg="missing index orders_search_idx sequential scan fallback query=q-C22338EB"
ts=1740043243 level=error service=orders-db host=db-02.example trace_id=trace-4137f4cd msg="missing index orders_search_idx sequential scan fallback query=q-B3389491"
ts=1740043247 level=error service=orders-db host=db-02.example trace_id=trace-a9a21494 msg="missing index orders_search_idx sequential scan fallback query=q-92D2401F"
ts=1740043252 level=error service=orders-db host=db-02.example trace_id=trace-020b090f msg="missing index orders_search_idx sequential scan fallback query=q-51AC2A8B"
ts=1740043256 level=error service=orders-db host=db-02.example trace_id=trace-c5ff2ad5 msg="missing index orders_search_idx sequential scan fallback query=q-E2EA17B8"
ts=1740043261 level=error service=orders-db host=db-02.example trace_id=trace-15694c4e msg="missing index orders_search_idx sequential scan fallback query=q-285702AC"
ts=1740043263 level=info service=orders-db host=db-02.example trace_id=trace-c288e732 msg="autovacuum finished table=orders_1 pages=3164"
ts=1740043265 level=error service=orders-db host=db-02.example trace_id=trace-21cebb01 msg="missing index orders_search_idx sequential scan fallback query=q-7D9605C1"
ts=1740043270 level=error service=orders-db host=db-02.example trace_id=trace-79886a96 msg="missing index orders_search_idx sequential scan fallback query=q-0063E57F"
ts=1740043274 level=error service=orders-db host=db-02.example trace_id=trace-5f297086 msg="missing index orders_search_idx sequential scan fallback query=q-C7CFF43F"
ts=1740043279 level=error service=orders-db host=db-02.example trace_id=trace-0472cf79 msg="missing index orders_search_idx sequential scan fallback query=q-1A4F80F7"
ts=1740043283 level=error service=orders-db host=db-02.example trace_id=trace-75d5f5ab msg="missing index orders_search_idx sequential scan fallback query=q-2A97B015"
ts=1740043287 level=error service=orders-db host=db-02.example trace_id=trace-d1c3f196 msg="missing index orders_search_idx sequential scan fallback query=q-98A3C150"
ts=1740043292 level=error service=orders-db host=db-02.example trace_id=trace-48e2f1fd msg="missing index orders_search_idx sequential scan fallback query=q-8BD7828F"
ts=1740043296 level=error service=orders-db host=db-02.example trace_id=trace-1a6147ab msg="missing index orders_search_idx sequential scan fallback query=q-E35CA1D9"
ts=1740043297 level=info service=orders-db host=db-02.example trace_id=trace-6d4ebe6b msg="autovacuum finished table=orders_1 pages=2335"
ts=1740043301 level=error service=orders-db host=db-02.example trace_id=trace-bcb2d1c1 msg="missing index orders_search_idx sequential scan fallback query=q-767C896C"
ts=1740043305 level=error service=orders-db host=db-02.example trace_id=trace-c9da7761 msg="missing index orders_search_idx sequential scan fallback query=q-413BC92E"
ts=1740043310 level=error service=orders-db host=db-02.example trace_id=trace-cd1a0785 msg="missing index orders_search_idx sequential scan fallback query=q-86F214F2"
ts=1740043314 level=error service=orders-db host=db-02.example trace_id=trace-fbb4fb16 msg="missing index orders_search_idx sequential scan fallback query=q-CED4CDF7"
ts=1740043319 level=error service=orders-db host=db-02.example trace_id=trace-feb7deb8 msg="missing index orders_search_idx sequential scan fallback query=q-B28D5E40"
ts=1740043323 level=error service=orders-db host=db-02.example trace_id=trace-b84a4f8e msg="missing index orders_search_idx sequential scan fallback query=q-64E9AC0D"
ts=1740043328 level=error service=orders-db host=db-02.example trace_id=trace-dbb4f89f msg="missing index orders_search_idx sequential scan fallback query=q-A867F0F9"
ts=1740043331 level=info service=orders-db host=db-02.example trace_id=trace-5cc5b888 msg="autovacuum finished table=orders_7 pages=2761"
ts=1740043332 level=error service=orders-db host=db-02.example trace_id=trace-4c11ec31 msg="missing index orders_search_idx sequential scan fallback query=q-44D74EF1"
ts=1740043336 level=error service=orders-db host=db-02.example trace_id=trace-379631a1 msg="missing index orders_search_idx sequential scan fallback query=q-587D7778"
ts=1740043341 level=error service=orders-db host=db-02.example trace_id=trace-2c3c8322 msg="missing index orders_search_idx sequential scan fallback query=q-7ECBAFDB"
ts=1740043345 level=error service=orders-db host=db-02.example trace_id=trace-fe38a7fc msg="missing index orders_search_idx sequential scan fallback query=q-74F379A9"
ts=1740043350 level=error service=orders-db host=db-02.example trace_id=trace-87d9eb0f msg="missing index orders_search_idx sequential scan fallback query=q-1CB9FC6C"
ts=1740043354 level=error service=orders-db host=db-02.example trace_id=trace-5482b83c msg="missing index orders_search_idx sequential scan fallback query=q-0F7FCE0C"
ts=1740043359 level=error service=orders-db host=db-02.example trace_id=trace-ed34be1d msg="missing index orders_search_idx sequential scan fallback query=q-E3327B2C"
ts=1740043363 level=error service=orders-db host=db-02.example trace_id=trace-9aa5ec5a msg="missing index orders_search_idx sequential scan fallback query=q-43746AB3"
ts=1740043365 level=info service=orders-db host=db-02.example trace_id=trace-a03e70c9 msg="autovacuum finished table=orders_0 pages=226"
ts=1740043368 level=error service=orders-db host=db-02.example trace_id=trace-dac65d33 msg="missing index orders_search_idx sequential scan fallback query=q-D3987E21"
ts=1740043372 level=error service=orders-db host=db-02.example trace_id=trace-2e4851d3 msg="missing index orders_search_idx sequential scan fallback query=q-2D5BE5EE"
ts=1740043376 level=error service=orders-db host=db-02.example trace_id=trace-11689c0a msg="missing index orders_search_idx sequential scan fallback query=q-1035FDC0"
ts=1740043381 level=error service=orders-db host=db-02.example trace_id=trace-0d881d57 msg="missing index orders_search_idx sequential scan fallback query=q-8235F3E3"
ts=1740043385 level=error service=orders-db host=db-02.example trace_id=trace-a06d3545 msg="missing index orders_search_idx sequential scan fallback query=q-9287A9E6"
ts=1740043390 level=error service=orders-db host=db-02.example trace_id=trace-8e6f43b0 msg="missing index orders_search_idx sequential scan fallback query=q-994CBC60"
ts=1740043394 level=error service=orders-db host=db-02.example trace_id=trace-933bbd81 msg="missing index orders_search_idx sequential scan fallback query=q-E0132138"
ts=1740043398 level=info service=orders-db host=db-02.example trace_id=trace-0fd79602 msg="autovacuum finished table=orders_7 pages=479"
ts=1740043399 level=error service=orders-db host=db-02.example trace_id=trace-7af9f297 msg="missing index orders_search_idx sequential scan fallback query=q-A186370E"
ts=1740043403 level=error service=orders-db host=db-02.example trace_id=trace-5f02a427 msg="missing index orders_search_idx sequential scan fallback query=q-E6FC0A8F"
ts=1740043408 level=error service=orders-db host=db-02.example trace_id=trace-45d42d67 msg="missing index orders_search_idx sequential scan fallback query=q-A64B65AD"
ts=1740043412 level=error service=orders-db host=db-02.example trace_id=trace-2567b65b msg="missing index orders_search_idx sequential scan fallback query=q-9A200E68"
ts=1740043417 level=error service=orders-db host=db-02.example trace_id=trace-bd1b97ff msg="missing index orders_search_idx sequential scan fallback query=q-4E6FC77A"
ts=1740043421 level=error service=orders-db host=db-02.example trace_id=trace-2a9ccbf4 msg="missing index orders_search_idx sequential scan fallback query=q-8ADDE4CE"
ts=1740043425 level=error service=orders-db host=db-02.example trace_id=trace-0d1355da msg="missing index orders_search_idx sequential scan fallback query=q-72C1684E"
ts=1740043430 level=error service=orders-db host=db-02.example trace_id=trace-d013dcac msg="missing index orders_search_idx sequential scan fallback query=q-1DD7F87A"
ts=1740043432 level=info service=orders-db host=db-02.example trace_id=trace-6e235412 msg="autovacuum finished table=orders_0 pages=1684"
ts=1740043434 level=error service=orders-db host=db-02.example trace_id=trace-6d19a6b6 msg="missing index orders_search_idx sequential scan fallback query=q-FD0ED6AB"
ts=1740043439 level=error service=orders-db host=db-02.example trace_id=trace-427e1b45 msg="missing index orders_search_idx sequential scan fallback query=q-9F9B41CE"
ts=1740043443 level=error service=orders-db host=db-02.example trace_id=trace-b3b1415a msg="missing index orders_search_idx sequential scan fallback query=q-E368CC93"
ts=1740043448 level=error service=orders-db host=db-02.example trace_id=trace-904733d2 msg="missing index orders_search_idx sequential scan fallback query=q-CB22E07A"
ts=1740043452 level=error service=orders-db host=db-02.example trace_id=trace-44aef447 msg="missing index orders_search_idx sequential scan fallback query=q-81B53B37"
ts=1740043457 level=error service=orders-db host=db-02.example trace_id=trace-c4c53dd3 msg="missing index orders_search_idx sequential scan fallback query=q-33DC474E"
ts=1740043461 level=error service=orders-db host=db-02.example trace_id=trace-ac94ecd4 msg="missing index orders_search_idx sequential scan fallback query=q-00C4BDA6"
ts=1740043465 level=error service=orders-db host=db-02.example trace_id=trace-da0ae8cd msg="missing index orders_search_idx sequential scan fallback query=q-D0C84CCB"
ts=1740043466 level=info service=orders-db host=db-02.example trace_id=trace-3185ce00 msg="autovacuum finished table=orders_0 pages=2760"
ts=1740043470 level=error service=orders-db host=db-02.example trace_id=trace-7d086951 msg="missing index orders_search_idx sequential scan fallback query=q-C305F02F"
ts=1740043474 level=error service=orders-db host=db-02.example trace_id=trace-64fcbfe7 msg="missing index orders_search_idx sequential scan fallback query=q-A2B575A6"
ts=1740043479 level=error service=orders-db host=db-02.example trace_id=trace-2efb6a19 msg="missing index orders_search_idx sequential scan fallback query=q-5A3DD648"
ts=1740043483 level=error service=orders-db host=db-02.example trace_id=trace-c9ace287 msg="missing index orders_search_idx sequential scan fallback query=q-6B6D79EB"
ts=1740043488 level=error service=orders-db host=db-02.example trace_id=trace-8fc64dc1 msg="missing index orders_search_idx sequential scan fallback query=q-F2DF27AE"
ts=1740043492 level=error service=orders-db host=db-02.example trace_id=trace-f3d6698b msg="missing index orders_search_idx sequential scan fallback query=q-BA9BFE59"
ts=1740043497 level=error service=orders-db host=db-02.example trace_id=trace-4d54417c msg="missing index orders_search_idx sequential scan fallback query=q-4E9C4555"
ts=1740043500 level=info service=orders-db host=db-02.example trace_id=trace-a4b3078f msg="autovacuum finished table=orders_5 pages=2296"
ts=1740043501 level=error service=orders-db host=db-02.example trace_id=trace-dee4803f msg="missing index orders_search_idx sequential scan fallback query=q-E0E9AD7D"
ts=1740043506 level=error service=orders-db host=db-02.example trace_id=trace-274235fa msg="missing index orders_search_idx sequential scan fallback query=q-F6443C06"
ts=1740043510 level=error service=orders-db host=db-02.example trace_id=trace-df8ad62e msg="missing index orders_search_idx sequential scan fallback query=q-95179CA5"
ts=1740043514 level=error service=orders-db host=db-02.example trace_id=trace-fb90b7a0 msg="missing index orders_search_idx sequential scan fallback query=q-6FAFF456"
ts=1740043519 level=error service=orders-db host=db-02.example trace_id=trace-57a0d0d5 msg="missing index orders_search_idx sequential scan fallback query=q-F3B420FF"
ts=1740043523 level=error service=orders-db host=db-02.example trace_id=trace-1b51c739 msg="missing index orders_search_idx sequential scan fallback query=q-61FBD8E9"
ts=1740043528 level=error service=orders-db host=db-02.example trace_id=trace-90e9129d msg="missing index orders_search_idx sequential scan fallback query=q-01BC921C"
ts=1740043532 level=error service=orders-db host=db-02.example trace_id=trace-55465de0 msg="missing index orders_search_idx sequential scan fallback query=q-18F01FC3"
ts=1740043533 level=info service=orders-db host=db-02.example trace_id=trace-7eae2602 msg="autovacuum finished table=orders_0 pages=573"
ts=1740043537 level=error service=orders-db host=db-02.example trace_id=trace-a9c98336 msg="missing index orders_search_idx sequential scan fallback query=q-191B76FF"
ts=1740043541 level=error service=orders-db host=db-02.example trace_id=trace-80ee1177 msg="missing index orders_search_idx sequential scan fallback query=q-00FDE2D8"
ts=1740043546 level=error service=orders-db host=db-02.example trace_id=trace-13aba6a9 msg="missing index orders_search_idx sequential scan fallback query=q-AC94104E"
ts=1740043550 level=error service=orders-db host=db-02.example trace_id=trace-89bd604d msg="missing index orders_search_idx sequential scan fallback query=q-43364966"
ts=1740043554 level=error service=orders-db host=db-02.example trace_id=trace-2eeeb853 msg="missing index orders_search_idx sequential scan fallback query=q-D2A09588"
ts=1740043559 level=error service=orders-db host=db-02.example trace_id=trace-2b2d5828 msg="missing index orders_search_idx sequential scan fallback query=q-9F0420CD"
ts=1740043563 level=error service=orders-db host=db-02.example trace_id=trace-351793d1 msg="missing index orders_search_idx sequential scan fallback query=q-77FF322B"
ts=1740043567 level=info service=orders-db host=db-02.example trace_id=trace-c0d6f4d0 msg="autovacuum finished table=orders_2 pages=2890"
ts=1740043568 level=error service=orders-db host=db-02.example trace_id=trace-565f1ec8 msg="missing index orders_search_idx sequential scan fallback query=q-DB4D1CB2"
ts=1740043572 level=error service=orders-db host=db-02.example trace_id=trace-ab3e6a15 msg="missing index orders_search_idx sequential scan fallback query=q-88EC4089"
ts=1740043577 level=error service=orders-db host=db-02.example trace_id=trace-5b27e09b msg="missing index orders_search_idx sequential scan fallback query=q-2D966F62"
ts=1740043581 level=error service=orders-db host=db-02.example trace_id=trace-8b119b3c msg="missing index orders_search_idx sequential scan fallback query=q-B82B78E2"
ts=1740043586 level=error service=orders-db host=db-02.example trace_id=trace-2717fa59 msg="missing index orders_search_idx sequential scan fallback query=q-6DEB0288"
ts=1740043590 level=error service=orders-db host=db-02.example trace_id=trace-8a63c207 msg="missing index orders_search_idx sequential scan fallback query=q-C60519F1"
ts=1740043595 level=error service=orders-db host=db-02.example trace_id=trace-a298ab32 msg="missing index orders_search_idx sequential scan fallback query=q-A1C5D657"
ts=1740043599 level=error service=orders-db host=db-02.example trace_id=trace-88d111de msg="missing index orders_search_idx sequential scan fallback query=q-D3120F1C"
ts=1740043601 level=info service=orders-db host=db-02.example trace_id=trace-83a78de4 msg="autovacuum finished table=orders_1 pages=475"
ts=1740043603 level=error service=orders-db host=db-02.example trace_id=trace-e41c8128 msg="missing index orders_search_idx sequential scan fallback query=q-50D123EB"
ts=1740043608 level=error service=orders-db host=db-02.example trace_id=trace-1fd47d2f msg="missing index orders_search_idx sequential scan fallback query=q-8CC06065"
ts=1740043612 level=error service=orders-db host=db-02.example trace_id=trace-3f17a503 msg="missing index orders_search_idx sequential scan fallback query=q-972D2BD1"
ts=1740043617 level=error service=orders-db host=db-02.example trace_id=trace-95abf2c9 msg="missing index orders_search_idx sequential scan fallback query=q-64164752"
ts=1740043621 level=error service=orders-db host=db-02.example trace_id=trace-a98fdfa2 msg="missing index orders_search_idx sequential scan fallback query=q-2937745C"
ts=1740043626 level=error service=orders-db host=db-02.example trace_id=trace-f901efa4 msg="missing index orders_search_idx sequential scan fallback query=q-C9F2BE1F"
ts=1740043630 level=error service=orders-db host=db-02.example trace_id=trace-8752bf82 msg="missing index orders_search_idx sequential scan fallback query=q-2396061A"
ts=1740043635 level=info service=orders-db host=db-02.example trace_id=trace-be58386e msg="autovacuum finished table=orders_2 pages=1624"
ts=1740043635 level=error service=orders-db host=db-02.example trace_id=trace-343fd5d8 msg="missing index orders_search_idx sequential scan fallback query=q-52A7A87A"
ts=1740043639 level=error service=orders-db host=db-02.example trace_id=trace-d8aa8890 msg="missing index orders_search_idx sequential scan fallback query=q-0140F9CA"
ts=1740043643 level=error service=orders-db host=db-02.example trace_id=trace-9c2dc9f8 msg="missing index orders_search_idx sequential scan fallback query=q-D2E8249B"
ts=1740043648 level=error service=orders-db host=db-02.example trace_id=trace-060b5b57 msg="missing index orders_search_idx sequential scan fallback query=q-6F15547C"
ts=1740043652 level=error service=orders-db host=db-02.example trace_id=trace-7971b0c8 msg="missing index orders_search_idx sequential scan fallback query=q-92183EB6"
ts=1740043657 level=error service=orders-db host=db-02.example trace_id=trace-44861131 msg="missing index orders_search_idx sequential scan fallback query=q-3E52E546"
ts=1740043661 level=error service=orders-db host=db-02.example trace_id=trace-54038903 msg="missing index orders_search_idx sequential scan fallback query=q-1E84A077"
ts=1740043666 level=error service=orders-db host=db-02.example trace_id=trace-6624a72c msg="missing index orders_search_idx sequential scan fallback query=q-410EBDCE"
ts=1740043668 level=info service=orders-db host=db-02.example trace_id=trace-28acb028 msg="autovacuum finished table=orders_3 pages=2798"
ts=1740043670 level=error service=orders-db host=db-02.example trace_id=trace-9dd69bce msg="missing index orders_search_idx sequential scan fallback query=q-4E177D97"
ts=1740043675 level=error service=orders-db host=db-02.example trace_id=trace-709fc604 msg="missing index orders_search_idx sequential scan fallback query=q-7E9A0884"
ts=1740043679 level=error service=orders-db host=db-02.example trace_id=trace-5d310f18 msg="missing index orders_search_idx sequential scan fallback query=q-D5233D03"
ts=1740043684 level=error service=orders-db host=db-02.example trace_id=trace-321a3586 msg="missing index orders_search_idx sequential scan fallback query=q-FAF0D4DA"
ts=1740043688 level=error service=orders-db host=db-02.example trace_id=trace-5fe8f893 msg="missing index orders_search_idx sequential scan fallback query=q-B74FC724"
ts=1740043692 level=error service=orders-db host=db-02.example trace_id=trace-f973a7d6 msg="missing index orders_search_idx sequential scan fallback query=q-34753CB9"
ts=1740043697 level=error service=orders-db host=db-02.example trace_id=trace-4a698da0 msg="missing index orders_search_idx sequential scan fallback query=q-6DE22209"
ts=1740043701 level=error service=orders-db host=db-02.example trace_id=trace-f5c31197 msg="missing index orders_search_idx sequential scan fallback query=q-50521C9F"
ts=1740043702 level=info service=orders-db host=db-02.example trace_id=trace-a1d524f5 msg="autovacuum finished table=orders_6 pages=1940"
ts=1740043706 level=error service=orders-db host=db-02.example trace_id=trace-dcd95c0d msg="missing index orders_search_idx sequential scan fallback query=q-74EFC589"
ts=1740043710 level=error service=orders-db host=db-02.example trace_id=trace-32812b9c msg="missing index orders_search_idx sequential scan fallback query=q-94A9A58E"
ts=1740043715 level=error service=orders-db host=db-02.example trace_id=trace-9791f777 msg="missing index orders_search_idx sequential scan fallback query=q-1013624D"
ts=1740043719 level=error service=orders-db host=db-02.example trace_id=trace-139470bc msg="missing index orders_search_idx sequential scan fallback query=q-C6916940"
ts=1740043724 level=error service=orders-db host=db-02.example trace_id=trace-a21bfb1f msg="missing index orders_search_idx sequential scan fallback query=q-BF9AD63F"
ts=1740043728 level=error service=orders-db host=db-02.example trace_id=trace-9a9c3ff4 msg="missing index orders_search_idx sequential scan fallback query=q-B699C7F4"
ts=1740043732 level=error service=orders-db host=db-02.example trace_id=trace-c4d5cc26 msg="missing index orders_search_idx sequential scan fallback query=q-8D98B672"
ts=1740043736 level=info service=orders-db host=db-02.example trace_id=trace-0956b8c5 msg="autovacuum finished table=orders_2 pages=3418"
ts=1740043737 level=error service=orders-db host=db-02.example trace_id=trace-c8033d7f msg="missing index orders_search_idx sequential scan fallback query=q-5AB2E75F"
ts=1740043741 level=error service=orders-db host=db-02.example trace_id=trace-372a4783 msg="missing index orders_search_idx sequential scan fallback query=q-5B09A772"
ts=1740043746 level=error service=orders-db host=db-02.example trace_id=trace-1ca34f0a msg="missing index orders_search_idx sequential scan fallback query=q-8B25FFE2"
ts=1740043750 level=error service=orders-db host=db-02.example trace_id=trace-c3ca7bbb msg="missing index orders_search_idx sequential scan fallback query=q-A8DE96A7"
ts=1740043755 level=error service=orders-db host=db-02.example trace_id=trace-7d22d462 msg="missing index orders_search_idx sequential scan fallback query=q-944C47D7"
ts=1740043759 level=error service=orders-db host=db-02.example trace_id=trace-e45c130b msg="missing index orders_search_idx sequential scan fallback query=q-6438BAED"
ts=1740043764 level=error service=orders-db host=db-02.example trace_id=trace-d4d8e1bc msg="missing index orders_search_idx sequential scan fallback query=q-0679D28B"
ts=1740043768 level=error service=orders-db host=db-02.example trace_id=trace-2b25bac8 msg="missing index orders_search_idx sequential scan fallback query=q-CB5DCC8D"
ts=1740043770 level=info service=orders-db host=db-02.example trace_id=trace-debcdff0 msg="autovacuum finished table=orders_2 pages=2201"
ts=1740043773 level=error service=orders-db host=db-02.example trace_id=trace-725a00c6 msg="missing index orders_search_idx sequential scan fallback query=q-C8A72F9F"
ts=1740043777 level=error service=orders-db host=db-02.example trace_id=trace-fc912012 msg="missing index orders_search_idx sequential scan fallback query=q-10057FEB"
ts=1740043781 level=error service=orders-db host=db-02.example trace_id=trace-e25a0b9a msg="missing index orders_search_idx sequential scan fallback query=q-5E2F4D5E"
ts=1740043786 level=error service=orders-db host=db-02.example trace_id=trace-08b47ca7 msg="missing index orders_search_idx sequential scan fallback query=q-C835DCB3"
ts=1740043790 level=error service=orders-db host=db-02.example trace_id=trace-07515b6a msg="missing index orders_search_idx sequential scan fallback query=q-F3E3721A"
ts=1740043795 level=error service=orders-db host=db-02.example trace_id=trace-c8448697 msg="missing index orders_search_idx sequential scan fallback query=q-30F55583"
ts=1740043799 level=error service=orders-db host=db-02.example trace_id=trace-e913e624 msg="missing index orders_search_idx sequential scan fallback query=q-B6AC3977"
ts=1740043803 level=info service=orders-db host=db-02.example trace_id=trace-c8c9ed88 msg="autovacuum finished table=orders_2 pages=1460"
ts=1740043804 level=error service=orders-db host=db-02.example trace_id=trace-40ce3a64 msg="missing index orders_search_idx sequential scan fallback query=q-78F8A8A9"
ts=1740043808 level=error service=orders-db host=db-02.example trace_id=trace-4519ae2b msg="missing index orders_search_idx sequential scan fallback query=q-591627A2"
ts=1740043813 level=error service=orders-db host=db-02.example trace_id=trace-4af694e1 msg="missing index orders_search_idx sequential scan fallback query=q-BBEA9B24"
ts=1740043817 level=error service=orders-db host=db-02.example trace_id=trace-c296ee6b msg="missing index orders_search_idx sequential scan fallback query=q-06E3EA18"
ts=1740043821 level=error service=orders-db host=db-02.example trace_id=trace-4670f939 msg="missing index orders_search_idx sequential scan fallback query=q-3F2A6C44"
ts=1740043826 level=error service=orders-db host=db-02.example trace_id=trace-4176b189 msg="missing index orders_search_idx sequential scan fallback query=q-4C115A19"
ts=1740043830 level=error service=orders-db host=db-02.example trace_id=trace-876c7822 msg="missing index orders_search_idx sequential scan fallback query=q-54C21EEE"
ts=1740043835 level=error service=orders-db host=db-02.example trace_id=trace-ed237201 msg="missing index orders_search_idx sequential scan fallback query=q-894BBA4A"
ts=1740043837 level=info service=orders-db host=db-02.example trace_id=trace-6d4653cf msg="autovacuum finished table=orders_1 pages=2366"
ts=1740043839 level=error service=orders-db host=db-02.example trace_id=trace-58aadba2 msg="missing index orders_search_idx sequential scan fallback query=q-A8094C16"
ts=1740043844 level=error service=orders-db host=db-02.example trace_id=trace-740e4b0c msg="missing index orders_search_idx sequential scan fallback query=q-9A9CAECC"
ts=1740043848 level=error service=orders-db host=db-02.example trace_id=trace-d1c71a7f msg="missing index orders_search_idx sequential scan fallback query=q-8E4E2179"
ts=1740043853 level=error service=orders-db host=db-02.example trace_id=trace-0849db74 msg="missing index orders_search_idx sequential scan fallback query=q-247C4363"
ts=1740043857 level=error service=orders-db host=db-02.example trace_id=trace-81726eb9 msg="missing index orders_search_idx sequential scan fallback query=q-DB8196AD"
ts=1740043862 level=error service=orders-db host=db-02.example trace_id=trace-f92a57fd msg="missing index orders_search_idx sequential scan fallback query=q-394AF26F"
ts=1740043866 level=error service=orders-db host=db-02.example trace_id=trace-52b2cc9e msg="missing index orders_search_idx sequential scan fallback query=q-4A3C26DC"
ts=1740043870 level=error service=orders-db host=db-02.example trace_id=trace-9139d0f5 msg="missing index orders_search_idx sequential scan fallback query=q-78F85E17"
ts=1740043871 level=info service=orders-db host=db-02.example trace_id=trace-109fba56 msg="autovacuum finished table=orders_2 pages=944"
ts=1740043875 level=error service=orders-db host=db-02.example trace_id=trace-45ae4334 msg="missing index orders_search_idx sequential scan fallback query=q-BEB0C0C7"
ts=1740043879 level=error service=orders-db host=db-02.example trace_id=trace-d0d07495 msg="missing index orders_search_idx sequential scan fallback query=q-F2BAC0F9"
ts=1740043884 level=error service=orders-db host=db-02.example trace_id=trace-c902f17f msg="missing index orders_search_idx sequential scan fallback query=q-414DB822"
ts=1740043888 level=error service=orders-db host=db-02.example trace_id=trace-cef04f8f msg="missing index orders_search_idx sequential scan fallback query=q-F6430329"
ts=1740043893 level=error service=orders-db host=db-02.example trace_id=trace-5368591f msg="missing index orders_search_idx sequential scan fallback query=q-6B609284"
ts=1740043897 level=error service=orders-db host=db-02.example trace_id=trace-bd868c65 msg="missing index orders_search_idx sequential scan fallback query=q-A4BE8786"
ts=1740043902 level=error service=orders-db host=db-02.example trace_id=trace-3e4bb28d msg="missing index orders_search_idx sequential scan fallback query=q-1B1D99EF"
ts=1740043905 level=info service=orders-db host=db-02.example trace_id=trace-3d7eb14f msg="autovacuum finished table=orders_3 pages=2337"
ts=1740043906 level=error service=orders-db host=db-02.example trace_id=trace-86769c14 msg="missing index orders_search_idx sequential scan fallback query=q-E29A2353"
ts=1740043910 level=error service=orders-db host=db-02.example trace_id=trace-03b3299d msg="missing index orders_search_idx sequential scan fallback query=q-AA731BB2"
ts=1740043915 level=error service=orders-db host=db-02.example trace_id=trace-ccc71491 msg="missing index orders_search_idx sequential scan fallback query=q-483A1349"
ts=1740043919 level=error service=orders-db host=db-02.example trace_id=trace-bc488c21 msg="missing index orders_search_idx sequential scan fallback query=q-3C677238"
ts=1740043924 level=error service=orders-db host=db-02.example trace_id=trace-322f955c msg="missing index orders_search_idx sequential scan fallback query=q-3CB4818C"
ts=1740043928 level=error service=orders-db host=db-02.example trace_id=trace-b66fb111 msg="missing index orders_search_idx sequential scan fallback query=q-DEAD23D6"
ts=1740043933 level=error service=orders-db host=db-02.example trace_id=trace-da0bf5e7 msg="missing index orders_search_idx sequential scan fallback query=q-8E4CBE1E"
ts=1740043937 level=error service=orders-db host=db-02.example trace_id=trace-ebc9d124 msg="missing index orders_search_idx sequential scan fallback query=q-6FCC4AA6"
ts=1740043938 level=info service=orders-db host=db-02.example trace_id=trace-59d01e0b msg="autovacuum finished table=orders_3 pages=2926"
ts=1740043942 level=error service=orders-db host=db-02.example trace_id=trace-6523960e msg="missing index orders_search_idx sequential scan fallback query=q-69A9E3B3"
ts=1740043946 level=error service=orders-db host=db-02.example trace_id=trace-92d99a6c msg="missing index orders_search_idx sequential scan fallback query=q-7562DB22"
ts=1740043951 level=error service=orders-db host=db-02.example trace_id=trace-e90c89e7 msg="missing index orders_search_idx sequential scan fallback query=q-CD7B3E30"
ts=1740043955 level=error service=orders-db host=db-02.example trace_id=trace-10f022a1 msg="missing index orders_search_idx sequential scan fallback query=q-81C57980"
ts=1740043959 level=error service=orders-db host=db-02.example trace_id=trace-3c9dffe5 msg="missing index orders_search_idx sequential scan fallback query=q-1093B7ED"
ts=1740043964 level=error service=orders-db host=db-02.example trace_id=trace-7f39f6cc msg="missing index orders_search_idx sequential scan fallback query=q-1FC9F702"
ts=1740043968 level=error service=orders-db host=db-02.example trace_id=trace-4213eaac msg="missing index orders_search_idx sequential scan fallback query=q-3D78A816"
ts=1740043972 level=info service=orders-db host=db-02.example trace_id=trace-3314ee3a msg="autovacuum finished table=orders_4 pages=1073"
ts=1740043973 level=error service=orders-db host=db-02.example trace_id=trace-3ffe3c9d msg="missing index orders_search_idx sequential scan fallback query=q-32A06F9F"
ts=1740043977 level=error service=orders-db host=db-02.example trace_id=trace-9d3af174 msg="missing index orders_search_idx sequential scan fallback query=q-B4000332"
ts=1740043982 level=error service=orders-db host=db-02.example trace_id=trace-07d38c06 msg="missing index orders_search_idx sequential scan fallback query=q-23DEE807"
ts=1740043986 level=error service=orders-db host=db-02.example trace_id=trace-69aed96c msg="missing index orders_search_idx sequential scan fallback query=q-D73B2BF8"
ts=1740043991 level=error service=orders-db host=db-02.example trace_id=trace-7df4645d msg="missing index orders_search_idx sequential scan fallback query=q-31CA65E1"
ts=1740043995 level=error service=orders-db host=db-02.example trace_id=trace-7ee498cc msg="missing index orders_search_idx sequential scan fallback query=q-3174AAC4"
ts=1740043999 level=error service=orders-db host=db-02.example trace_id=trace-439fd0fa msg="missing index orders_search_idx sequential scan fallback query=q-EB191219"
ts=1740044004 level=error service=orders-db host=db-02.example trace_id=trace-54edafc2 msg="missing index orders_search_idx sequential scan fallback query=q-CD3FFB8F"
ts=1740044006 level=info service=orders-db host=db-02.example trace_id=trace-b2dce3e4 msg="autovacuum finished table=orders_5 pages=2187"
ts=1740044008 level=error service=orders-db host=db-02.example trace_id=trace-586bcf76 msg="missing index orders_search_idx sequential scan fallback query=q-BF5986F6"
ts=1740044013 level=error service=orders-db host=db-02.example trace_id=trace-f49eec64 msg="missing index orders_search_idx sequential scan fallback query=q-CADAF0C0"
ts=1740044017 level=error service=orders-db host=db-02.example trace_id=trace-ddeef820 msg="missing index orders_search_idx sequential scan fallback query=q-92567C97"
ts=1740044022 level=error service=orders-db host=db-02.example trace_id=trace-4c96cf95 msg="missing index orders_search_idx sequential scan fallback query=q-30D6E302"
ts=1740044026 level=error service=orders-db host=db-02.example trace_id=trace-bb20f295 msg="missing index orders_search_idx sequential scan fallback query=q-79B57120"
ts=1740044031 level=error service=orders-db host=db-02.example trace_id=trace-31caf9dc msg="missing index orders_search_idx sequential scan fallback query=q-7CDB782A"
ts=1740044035 level=error service=orders-db host=db-02.example trace_id=trace-69358557 msg="missing index orders_search_idx sequential scan fallback query=q-2B6A1FC0"
