ts=1735752396 level=info service=queue-worker host=host-03.example trace_id=trace-behavior-00000810 msg="event_id=behavior-810 step=7"
ts=1735752468 level=info service=queue-worker host=host-03.example trace_id=trace-behavior-00000813 msg="event_id=behavior-813 step=10"
ts=1735752541 level=info service=queue-worker host=host-03.example trace_id=trace-behavior-00000816 msg="event_id=behavior-816 step=2"
ts=1735752565 level=info service=queue-worker host=host-03.example trace_id=trace-behavior-00000817 msg="event_id=behavior-817 step=3"
ts=1735752589 level=info service=queue-worker host=host-03.example trace_id=trace-behavior-00000818 msg="event_id=behavior-818 step=4"
ts=1735752638 level=info service=queue-worker host=host-03.example trace_id=trace-behavior-00000820 msg="event_id=behavior-820 step=6"
ts=1735752928 level=info service=queue-worker host=host-03.example trace_id=trace-behavior-00000832 msg="event_id=behavior-832 step=7"
ts=1735753025 level=info service=queue-worker host=host-03.example trace_id=trace-behavior-00000836 msg="event_id=behavior-836 step=0"
ts=1735753146 level=info service=queue-worker host=host-03.example trace_id=trace-behavior-00000841 msg="event_id=behavior-841 step=5"
ts=1735753170 level=info service=queue-worker host=host-03.example trace_id=trace-behavior-00000842 msg="event_id=behavior-842 step=6"
ts=1735753509 level=info service=queue-worker host=host-03.example trace_id=trace-behavior-00000856 msg="event_id=behavior-856 step=9"
ts=1735753702 level=info service=queue-worker host=host-03.example trace_id=trace-behavior-00000864 msg="event_id=behavior-864 step=6"
ts=1735753847 level=info service=queue-worker host=host-03.example trace_id=trace-behavior-00000870 msg="event_id=behavior-870 step=1"
ts=1735754283 level=info service=queue-worker host=host-03.example trace_id=trace-behavior-00000888 msg="event_id=behavior-888 step=8"
ts=1735754622 level=info service=queue-worker host=host-03.example trace_id=trace-behavior-00000902 msg="event_id=behavior-902 LONG_JSON_SENTINEL payload=xxxxxxxxxxxxxxxxxxxxxxxxxxxxxxxxxxxxxxxxxxxxxxxxxxxxxxxxxxxxxxxxxxxxxxxxxxxxxxxxxxxxxxxxxxxxxxxxxxxxxxxxxxxxxxxxxxxxxxxxxxxxxxxxxxxxxxxxxxxxxxxxxxxxxxxxxxxxxxxxxxxxxxxxxxxxxxxxxxxxxxxxxxxxxxxxxxxxxxxxxxxxxxxxxxxxxxxxxxxxxxxxxxxxxxxxxxxxxxxxxxxxxxxxxxxxxxxxxxxxxxxxxxxxxxxxxxxxxxxxxxxxxxxxxxxxxxxxxxxxxxxxxxxxxxxxxxxxxxxxxxxxxxxxxxxxxxxxxxxxxxxxxxxxxxxxxxxxxxxxxxxxxxxxxxxxxxxxxxxxxxxxxxxxxxxxxxxxxxxxxxxxxxxxxxxxxxxxxxxxxxxxxxxxxxxxxxxxxxxxxxxxxxxxxxxxxxxxxxxxxxxxxxxxxxxxxxxxxxxxxxxxxxxxxxxxxxxxxxxxxx"
ts=1735754863 level=info service=queue-worker host=host-03.example trace_id=trace-behavior-00000912 msg="event_id=behavior-912 step=10"
ts=1735754912 level=info service=queue-worker host=host-03.example trace_id=trace-behavior-00000914 msg="event_id=behavior-914 step=1"
ts=1735754984 level=info service=queue-worker host=host-03.example trace_id=trace-behavior-00000917 msg="event_id=behavior-917 step=4"
ts=1735755057 level=info service=queue-worker host=host-03.example trace_id=trace-behavior-00000920 msg="event_id=behavior-920 step=7"
ts=1735755347 level=info service=queue-worker host=host-03.example trace_id=trace-behavior-00000932 msg="event_id=behavior-932 step=8"
ts=1735755589 level=info service=queue-worker host=host-03.example trace_id=trace-behavior-00000942 msg="event_id=behavior-942 step=7"
ts=1735755613 level=info service=queue-worker host=host-03.example trace_id=trace-behavior-00000943 msg="event_id=behavior-943 step=8"
ts=1735756049 level=info service=queue-worker host=host-03.example trace_id=trace-behavior-00000961 msg="event_id=behavior-961 step=4"
ts=1735756097 level=info service=queue-worker host=host-03.example trace_id=trace-behavior-00000963 msg="event_id=behavior-963 step=6"
ts=1735756242 level=info service=queue-worker host=host-03.example trace_id=trace-behavior-00000969 msg="event_id=behavior-969 step=1"
ts=1735756267 level=warn service=queue-worker host=host-03.example trace_id=trace-behavior-00000970 msg="event_id=behavior-970 step=2"
ts=1735756315 level=info service=queue-worker host=host-03.example trace_id=trace-behavior-00000972 msg="event_id=behavior-972 step=4"
ts=1735756509 level=info service=queue-worker host=host-03.example trace_id=trace-behavior-00000980 msg="event_id=behavior-980 step=1"
ts=1735756751 level=info service=queue-worker host=host-03.example trace_id=trace-behavior-00000990 msg="event_id=behavior-990 step=0"
ts=1735756823 level=info service=queue-worker host=host-03.example trace_id=trace-behavior-00000993 msg="event_id=behavior-993 step=3"
ts=1735756847 level=info service=queue-worker host=host-03.example trace_id=trace-behavior-00000994 msg="event_id=behavior-994 step=4"
ts=1735757476 level=debug service=queue-worker host=host-03.example trace_id=trace-behavior-00001020 msg="event_id=behavior-1020 step=8"
ts=1735757549 level=info service=queue-worker host=host-03.example trace_id=trace-behavior-00001023 msg="event_id=behavior-1023 step=0"
ts=1735757767 level=info service=queue-worker host=host-03.example trace_id=trace-behavior-00001032 msg="event_id=behavior-1032 step=9"
ts=1735757815 level=info service=queue-worker host=host-03.example trace_id=trace-behavior-00001034 msg="event_id=behavior-1034 step=0"
ts=1735758033 level=info service=queue-worker host=host-03.example trace_id=trace-behavior-00001043 msg="event_id=behavior-1043 step=9"
ts=1735758081 level=info service=queue-worker host=host-03.example trace_id=trace-behavior-00001045 msg="event_id=behavior-1045 step=0"
ts=1735758154 level=info service=queue-worker host=host-03.example trace_id=trace-behavior-00001048 msg="event_id=behavior-1048 step=3"
ts=1735758468 level=info service=queue-worker host=host-03.example trace_id=trace-behavior-00001061 msg="event_id=behavior-1061 step=5"
ts=1735758686 level=info service=queue-worker host=host-03.example trace_id=trace-behavior-00001070 msg="event_id=behavior-1070 step=3"
ts=1735758807 level=info service=queue-worker host=host-03.example trace_id=trace-behavior-00001075 msg="event_id=behavior-1075 step=8"
ts=1735759049 level=info service=queue-worker host=host-03.example trace_id=trace-behavior-00001085 msg="event_id=behavior-1085 step=7"
ts=1735759194 level=info service=queue-worker host=host-03.example trace_id=trace-behavior-00001091 msg="event_id=behavior-1091 step=2"
ts=1735759339 level=info service=queue-worker host=host-03.example trace_id=trace-behavior-00001097 msg="event_id=behavior-1097 step=8"
ts=1735759388 level=info service=queue-worker host=host-03.example trace_id=trace-behavior-00001099 msg="event_id=behavior-1099 step=10"
ts=1735759436 level=info service=queue-worker host=host-03.example trace_id=trace-behavior-00001101 msg="event_id=behavior-1101 STACK_TRACE_SENTINEL failure in handler\n    at lab_module_handler(file=example_rs line=41)\n    at lab_module_dispatch(file=example_rs line=11)\nCaused by: simulated timeout after 301ms"
ts=1735759460 level=info service=queue-worker host=host-03.example trace_id=trace-behavior-00001102 msg="event_id=behavior-1102 LONG_JSON_SENTINEL payload=xxxxxxxxxxxxxxxxxxxxxxxxxxxxxxxxxxxxxxxxxxxxxxxxxxxxxxxxxxxxxxxxxxxxxxxxxxxxxxxxxxxxxxxxxxxxxxxxxxxxxxxxxxxxxxxxxxxxxxxxxxxxxxxxxxxxxxxxxxxxxxxxxxxxxxxxxxxxxxxxxxxxxxxxxxxxxxxxxxxxxxxxxxxxxxxxxxxxxxxxxxxxxxxxxxxxxxxxxxxxxxxxxxxxxxxxxxxxxxxxxxxxxxxxxxxxxxxxxxxxxxxxxxxxxxxxxxxxxxxxxxxxxxxxxxxxxxxxxxxxxxxxxxxxxxxxxxxxxxxxxxxxxxxxxxxxxxxxxxxxxxxxxxxxxxxxxxxxxxxxxxxxxxxxxxxxxxxxxxxxxxxxxxxxxxxxxxxxxxxxxxxxxxxxxxxxxxxxxxxxxxxxxxxxxxxxxxxxxxxxxxxxxxxxxxxxxxxxxxxxxxxxxxxxxxxxxxxxxxxxxxxxxxxxxxxxxxxxxxxxxx"
ts=1735759557 level=info service=queue-worker host=host-03.example trace_id=trace-behavior-00001106 msg="event_id=behavior-1106 step=6"
ts=1735759799 level=info service=queue-worker host=host-03.example trace_id=trace-behavior-00001116 msg="event_id=behavior-1116 step=5"
ts=1735759847 level=info service=queue-worker host=host-03.example trace_id=trace-behavior-00001118 msg="event_id=behavior-1118 step=7"
ts=1735759944 level=info service=queue-worker host=host-03.example trace_id=trace-behavior-00001122 msg="event_id=behavior-1122 step=0"
ts=1735760065 level=info service=queue-worker host=host-03.example trace_id=trace-behavior-00001127 msg="event_id=behavior-1127 step=5"
ts=1735760210 level=info service=queue-worker host=host-03.example trace_id=trace-behavior-00001133 msg="event_id=behavior-1133 step=0"
ts=1735760307 level=info service=queue-worker host=host-03.example trace_id=trace-behavior-00001137 msg="event_id=behavior-1137 step=4"
ts=1735760525 level=info service=queue-worker host=host-03.example trace_id=trace-behavior-00001146 msg="event_id=behavior-1146 step=2"
ts=1735760573 level=info service=queue-worker host=host-03.example trace_id=trace-behavior-00001148 msg="event_id=behavior-1148 step=4"
ts=1735760597 level=info service=queue-worker host=host-03.example trace_id=trace-behavior-00001149 msg="event_id=behavior-1149 step=5"
ts=1735760694 level=info service=queue-worker host=host-03.example trace_id=trace-behavior-00001153 msg="event_id=behavior-1153 step=9"
ts=1735760718 level=info service=queue-worker host=host-03.example trace_id=trace-behavior-00001154 msg="event_id=behavior-1154 step=10"
ts=1735761105 level=info service=queue-worker host=host-03.example trace_id=trace-behavior-00001170 msg="event_id=behavior-1170 step=4"
ts=1735761275 level=info service=queue-worker host=host-03.example trace_id=trace-behavior-00001177 msg="event_id=behavior-1177 step=0"
ts=1735761299 level=info service=queue-worker host=host-03.example trace_id=trace-behavior-00001178 msg="event_id=behavior-1178 step=1"
ts=1735761420 level=info service=queue-worker host=host-03.example trace_id=trace-behavior-00001183 msg="event_id=behavior-1183 step=6"
ts=1735761976 level=info service=queue-worker host=host-03.example trace_id=trace-behavior-00001206 msg="event_id=behavior-1206 step=7"
ts=1735762049 level=info service=queue-worker host=host-03.example trace_id=trace-behavior-00001209 msg="event_id=behavior-1209 step=10"
ts=1735762412 level=info service=queue-worker host=host-03.example trace_id=trace-behavior-00001224 msg="event_id=behavior-1224 step=3"
ts=1735762436 level=info service=queue-worker host=host-03.example trace_id=trace-behavior-00001225 msg="event_id=behavior-1225 step=4"
ts=1735762557 level=info service=queue-worker host=host-03.example trace_id=trace-behavior-00001230 msg="event_id=behavior-1230 step=9"
ts=1735762750 level=info service=queue-worker host=host-03.example trace_id=trace-behavior-00001238 msg="event_id=behavior-1238 step=6"
ts=1735762871 level=debug service=queue-worker host=host-03.example trace_id=trace-behavior-00001243 msg="event_id=behavior-1243 step=0"
ts=1735762896 level=info service=queue-worker host=host-03.example trace_id=trace-behavior-00001244 msg="event_id=behavior-1244 step=1"
ts=1735762920 level=info service=queue-worker host=host-03.example trace_id=trace-behavior-00001245 msg="event_id=behavior-1245 step=2"
ts=1735762944 level=info service=queue-worker host=host-03.example trace_id=trace-behavior-00001246 msg="event_id=behavior-1246 step=3"
ts=1735763210 level=info service=queue-worker host=host-03.example trace_id=trace-behavior-00001257 msg="event_id=behavior-1257 step=3"
ts=1735763283 level=info service=queue-worker host=host-03.example trace_id=trace-behavior-00001260 msg="event_id=behavior-1260 step=6"
ts=1735763718 level=info service=queue-worker host=host-03.example trace_id=trace-behavior-00001278 msg="event_id=behavior-1278 step=2"
ts=1735763742 level=info service=queue-worker host=host-03.example trace_id=trace-behavior-00001279 msg="event_id=behavior-1279 step=3"
ts=1735763766 level=info service=queue-worker host=host-03.example trace_id=trace-behavior-00001280 msg="event_id=behavior-1280 step=4"
ts=1735764492 level=info service=queue-worker host=host-03.example trace_id=trace-behavior-00001310 msg="event_id=behavior-1310 step=1"
ts=1735764516 level=info service=queue-worker host=host-03.example trace_id=trace-behavior-00001311 msg="event_id=behavior-1311 step=2"
ts=1735764589 level=info service=queue-worker host=host-03.example trace_id=trace-behavior-00001314 msg="event_id=behavior-1314 step=5"
ts=1735764879 level=info service=queue-worker host=host-03.example trace_id=trace-behavior-00001326 msg="event_id=behavior-1326 step=6"
ts=1735764952 level=info service=queue-worker host=host-03.example trace_id=trace-behavior-00001329 msg="event_id=behavior-1329 step=9"
ts=1735765049 level=info service=queue-worker host=host-03.example trace_id=trace-behavior-00001333 msg="event_id=behavior-1333 step=2"
ts=1735765170 level=info service=queue-worker host=host-03.example trace_id=trace-behavior-00001338 msg="event_id=behavior-1338 step=7"
ts=1735765387 level=info service=queue-worker host=host-03.example trace_id=trace-behavior-00001347 msg="event_id=behavior-1347 step=5"
ts=1735765508 level=info service=queue-worker host=host-03.example trace_id=trace-behavior-00001352 msg="event_id=behavior-1352 step=10"
ts=1735766089 level=info service=queue-worker host=host-03.example trace_id=trace-behavior-00001376 msg="event_id=behavior-1376 step=1"
ts=1735766428 level=info service=queue-worker host=host-03.example trace_id=trace-behavior-00001390 msg="event_id=behavior-1390 step=4"
ts=1735766670 level=info service=queue-worker host=host-03.example trace_id=trace-behavior-00001400 msg="event_id=behavior-1400 LONG_JSON_SENTINEL payload=xxxxxxxxxxxxxxxxxxxxxxxxxxxxxxxxxxxxxxxxxxxxxxxxxxxxxxxxxxxxxxxxxxxxxxxxxxxxxxxxxxxxxxxxxxxxxxxxxxxxxxxxxxxxxxxxxxxxxxxxxxxxxxxxxxxxxxxxxxxxxxxxxxxxxxxxxxxxxxxxxxxxxxxxxxxxxxxxxxxxxxxxxxxxxxxxxxxxxxxxxxxxxxxxxxxxxxxxxxxxxxxxxxxxxxxxxxxxxxxxxxxxxxxxxxxxxxxxxxxxxxxxxxxxxxxxxxxxxxxxxxxxxxxxxxxxxxxxxxxxxxxxxxxxxxxxxxxxxxxxxxxxxxxxxxxxxxxxxxxxxxxxxxxxxxxxxxxxxxxxxxxxxxxxxxxxxxxxxxxxxxxxxxxxxxxxxxxxxxxx"
ts=1735767081 level=info service=queue-worker host=host-03.example trace_id=trace-behavior-00001417 msg="event_id=behavior-1417 step=9"
ts=1735767178 level=info service=queue-worker host=host-03.example trace_id=trace-behavior-00001421 msg="event_id=behavior-1421 step=2"
ts=1735767202 level=info service=queue-worker host=host-03.example trace_id=trace-behavior-00001422 msg="event_id=behavior-1422 step=3"
ts=1735767347 level=info service=queue-worker host=host-03.example trace_id=trace-behavior-00001428 msg="event_id=behavior-1428 step=9"
ts=1735768000 level=warn service=queue-worker host=host-03.example trace_id=trace-behavior-00001455 msg="event_id=behavior-1455 step=3"
ts=1735768145 level=info service=queue-worker host=host-03.example trace_id=trace-behavior-00001461 msg="event_id=behavior-1461 step=9"
ts=1735768363 level=info service=queue-worker host=host-03.example trace_id=trace-behavior-00001470 msg="event_id=behavior-1470 step=7"
ts=1735768629 level=info service=queue-worker host=host-03.example trace_id=trace-behavior-00001481 msg="event_id=behavior-1481 step=7"
ts=1735768920 level=info service=queue-worker host=host-03.example trace_id=trace-behavior-00001493 msg="event_id=behavior-1493 step=8"
ts=1735769016 level=info service=queue-worker host=host-03.example trace_id=trace-behavior-00001497 msg="event_id=behavior-1497 step=1"
ts=1735769041 level=info service=queue-worker host=host-03.example trace_id=trace-behavior-00001498 msg="event_id=behavior-1498 step=2"
ts=1735769065 level=info service=queue-worker host=host-03.example trace_id=trace-behavior-00001499 msg="event_id=behavior-1499 step=3"
ts=1735769113 level=info service=queue-worker host=host-03.example trace_id=trace-behavior-00001501 msg="event_id=behavior-1501 LONG_JSON_SENTINEL payload=xxxxxxxxxxxxxxxxxxxxxxxxxxxxxxxxxxxxxxxxxxxxxxxxxxxxxxxxxxxxxxxxxxxxxxxxxxxxxxxxxxxxxxxxxxxxxxxxxxxxxxxxxxxxxxxxxxxxxxxxxxxxxxxxxxxxxxxxxxxxxxxxxxxxxxxxxxxxxxxxxxxxxxxxxxxxxxxxxxxxxxxxxxxxxxxxxxxxxxxxxxxxxxxxxxxxxxxxxxxxxxxxxxxxxxxxxxxxxxxxxxxxxxxxxxxxxxxxxxxxxxxxxxxxxxxxxxxxxxxxxxxxxxxxxxxxxxxxxxxxxxxxxxxxxxxxxxxxxxxxxxxxxxxxxxxxxxxxxxxxxxxxxxxxxxxxxxxxxxxxxxxxxxxxxxxxxxxxxxxxxxxxxxxxxxxxxxxxxxxxxxxxxxxxxxxxxxxxxxxxxxxxxxxxxxxxxxxxxxxxxxxxxxxxxxxxxxxxxxxxxxxxxxxxxxxxxxxxxxxxxxxxxxxxxxxxxxxxxxxxx"
ts=1735769331 level=info service=queue-worker host=host-03.example trace_id=trace-behavior-00001510 msg="event_id=behavior-1510 step=3"
ts=1735769379 level=info service=queue-worker host=host-03.example trace_id=trace-behavior-00001512 msg="event_id=behavior-1512 step=5"
ts=1735769573 level=info service=queue-worker host=host-03.example trace_id=trace-behavior-00001520 msg="event_id=behavior-1520 step=2"
ts=1735769621 level=info service=queue-worker host=host-03.example trace_id=trace-behavior-00001522 msg="event_id=behavior-1522 step=4"
ts=1735769670 level=info service=queue-worker host=host-03.example trace_id=trace-behavior-00001524 msg="event_id=behavior-1524 step=6"
ts=1735769718 level=info service=queue-worker host=host-03.example trace_id=trace-behavior-00001526 msg="event_id=behavior-1526 step=8"
ts=1735769863 level=info service=queue-worker host=host-03.example trace_id=trace-behavior-00001532 msg="event_id=behavior-1532 step=3"
ts=1735769960 level=info service=queue-worker host=host-03.example trace_id=trace-behavior-00001536 msg="event_id=behavior-1536 step=7"
ts=1735769984 level=info service=queue-worker host=host-03.example trace_id=trace-behavior-00001537 msg="event_id=behavior-1537 step=8"
ts=1735770153 level=info service=queue-worker host=host-03.example trace_id=trace-behavior-00001544 msg="event_id=behavior-1544 step=4"
ts=1735770250 level=info service=queue-worker host=host-03.example trace_id=trace-behavior-00001548 msg="event_id=behavior-1548 step=8"
ts=1735770516 level=info service=queue-worker host=host-03.example trace_id=trace-behavior-00001559 msg="event_id=behavior-1559 step=8"
ts=1735770565 level=info service=queue-worker host=host-03.example trace_id=trace-behavior-00001561 msg="event_id=behavior-1561 step=10"
ts=1735770831 level=info service=queue-worker host=host-03.example trace_id=trace-behavior-00001572 msg="event_id=behavior-1572 step=10"
ts=1735770879 level=info service=queue-worker host=host-03.example trace_id=trace-behavior-00001574 msg="event_id=behavior-1574 step=1"
ts=1735770952 level=info service=queue-worker host=host-03.example trace_id=trace-behavior-00001577 msg="event_id=behavior-1577 step=4"
ts=1735771024 level=info service=queue-worker host=host-03.example trace_id=trace-behavior-00001580 msg="event_id=behavior-1580 step=7"
ts=1735771145 level=info service=queue-worker host=host-03.example trace_id=trace-behavior-00001585 msg="event_id=behavior-1585 step=1"
ts=1735771266 level=info service=queue-worker host=host-03.example trace_id=trace-behavior-00001590 msg="event_id=behavior-1590 step=6"
ts=1735771315 level=info service=queue-worker host=host-03.example trace_id=trace-behavior-00001592 msg="event_id=behavior-1592 step=8"
ts=1735771436 level=info service=queue-worker host=host-03.example trace_id=trace-behavior-00001597 msg="event_id=behavior-1597 step=2"
ts=1735771605 level=info service=queue-worker host=host-03.example trace_id=trace-behavior-00001604 msg="event_id=behavior-1604 step=9"
ts=1735771750 level=info service=queue-worker host=host-03.example trace_id=trace-behavior-00001610 msg="event_id=behavior-1610 step=4"
ts=1735772137 level=info service=queue-worker host=host-03.example trace_id=trace-behavior-00001626 msg="event_id=behavior-1626 step=9"
ts=1735772258 level=info service=queue-worker host=host-03.example trace_id=trace-behavior-00001631 msg="event_id=behavior-1631 step=3"
ts=1735772307 level=info service=queue-worker host=host-03.example trace_id=trace-behavior-00001633 msg="event_id=behavior-1633 step=5"
ts=1735772573 level=info service=queue-worker host=host-03.example trace_id=trace-behavior-00001644 msg="event_id=behavior-1644 step=5"
ts=1735772790 level=info service=queue-worker host=host-03.example trace_id=trace-behavior-00001653 msg="event_id=behavior-1653 step=3"
ts=1735772863 level=info service=queue-worker host=host-03.example trace_id=trace-behavior-00001656 msg="event_id=behavior-1656 step=6"
ts=1735773081 level=info service=queue-worker host=host-03.example trace_id=trace-behavior-00001665 msg="event_id=behavior-1665 step=4"
ts=1735773250 level=info service=queue-worker host=host-03.example trace_id=trace-behavior-00001672 msg="event_id=behavior-1672 step=0"
ts=1735773347 level=info service=queue-worker host=host-03.example trace_id=trace-behavior-00001676 msg="event_id=behavior-1676 step=4"
ts=1735773419 level=info service=queue-worker host=host-03.example trace_id=trace-behavior-00001679 msg="event_id=behavior-1679 step=7"
ts=1735773903 level=info service=queue-worker host=host-03.example trace_id=trace-behavior-00001699 msg="event_id=behavior-1699 step=5"
ts=1735774049 level=info service=queue-worker host=host-03.example trace_id=trace-behavior-00001705 msg="event_id=behavior-1705 step=0"
ts=1735774169 level=info service=queue-worker host=host-03.example trace_id=trace-behavior-00001710 msg="event_id=behavior-1710 step=5"
ts=1735774266 level=info service=queue-worker host=host-03.example trace_id=trace-behavior-00001714 msg="event_id=behavior-1714 step=9"
ts=1735774508 level=info service=queue-worker host=host-03.example trace_id=trace-behavior-00001724 msg="event_id=behavior-1724 step=8"
ts=1735774557 level=info service=queue-worker host=host-03.example trace_id=trace-behavior-00001726 msg="event_id=behavior-1726 step=10"
ts=1735774653 level=info service=queue-worker host=host-03.example trace_id=trace-behavior-00001730 msg="event_id=behavior-1730 step=3"
ts=1735774702 level=info service=queue-worker host=host-03.example trace_id=trace-behavior-00001732 msg="event_id=behavior-1732 step=5"
ts=1735774823 level=info service=queue-worker host=host-03.example trace_id=trace-behavior-00001737 msg="event_id=behavior-1737 step=10"
ts=1735774944 level=info service=queue-worker host=host-03.example trace_id=trace-behavior-00001742 msg="event_id=behavior-1742 step=4"
ts=1735775065 level=info service=queue-worker host=host-03.example trace_id=trace-behavior-00001747 msg="event_id=behavior-1747 step=9"
ts=1735775210 level=info service=queue-worker host=host-03.example trace_id=trace-behavior-00001753 msg="event_id=behavior-1753 step=4"
ts=1735775282 level=info service=queue-worker host=host-03.example trace_id=trace-behavior-00001756 msg="event_id=behavior-1756 step=7"
ts=1735775331 level=info service=queue-worker host=host-03.example trace_id=trace-behavior-00001758 msg="event_id=behavior-1758 step=9"
ts=1735775379 level=info service=queue-worker host=host-03.example trace_id=trace-behavior-00001760 msg="event_id=behavior-1760 step=0"
ts=1735775403 level=info service=queue-worker host=host-03.example trace_id=trace-behavior-00001761 msg="event_id=behavior-1761 step=1"
ts=1735775476 level=info service=queue-worker host=host-03.example trace_id=trace-behavior-00001764 msg="event_id=behavior-1764 step=4"
ts=1735775573 level=info service=queue-worker host=host-03.example trace_id=trace-behavior-00001768 msg="event_id=behavior-1768 step=8"
ts=1735775645 level=info service=queue-worker host=host-03.example trace_id=trace-behavior-00001771 msg="event_id=behavior-1771 step=0"
ts=1735776153 level=info service=queue-worker host=host-03.example trace_id=trace-behavior-00001792 msg="event_id=behavior-1792 step=10"
ts=1735776347 level=info service=queue-worker host=host-03.example trace_id=trace-behavior-00001800 msg="event_id=behavior-1800 STACK_TRACE_SENTINEL failure in handler\n    at lab_module_handler(file=example_rs line=40)\n    at lab_module_dispatch(file=example_rs line=10)\nCaused by: simulated timeout after 100ms"
ts=1735776395 level=info service=queue-worker host=host-03.example trace_id=trace-behavior-00001802 msg="event_id=behavior-1802 LONG_JSON_SENTINEL payload=xxxxxxxxxxxxxxxxxxxxxxxxxxxxxxxxxxxxxxxxxxxxxxxxxxxxxxxxxxxxxxxxxxxxxxxxxxxxxxxxxxxxxxxxxxxxxxxxxxxxxxxxxxxxxxxxxxxxxxxxxxxxxxxxxxxxxxxxxxxxxxxxxxxxxxxxxxxxxxxxxxxxxxxxxxxxxxxxxxxxxxxxxxxxxxxxxxxxxxxxxxxxxxxxxxxxxxxxxxxxxxxxxxxxxxxxxxxxxxxxxxxxxxxxxxxxxxxxxxxxxxxxxxxxxxxxxxxxxxxxxxxxxxxxxxxxxxxxxxxxxxxxxxxxxxxxxxxxxxxxxxxxxxxxxxxxxxxxxxxxxxxxxxxxxxxxxxxxxxxxxxxxxxxxxxxxxxxxxxxxxxxxxxxxxxxxxxxxxxxxxx"
ts=1735776516 level=info service=queue-worker host=host-03.example trace_id=trace-behavior-00001807 msg="event_id=behavior-1807 step=3"
ts=1735776637 level=info service=queue-worker host=host-03.example trace_id=trace-behavior-00001812 msg="event_id=behavior-1812 step=8"
ts=1735776831 level=info service=queue-worker host=host-03.example trace_id=trace-behavior-00001820 msg="event_id=behavior-1820 step=5"
ts=1735776952 level=info service=queue-worker host=host-03.example trace_id=trace-behavior-00001825 msg="event_id=behavior-1825 step=10"
ts=1735777000 level=info service=queue-worker host=host-03.example trace_id=trace-behavior-00001827 msg="event_id=behavior-1827 step=1"
ts=1735777024 level=info service=queue-worker host=host-03.example trace_id=trace-behavior-00001828 msg="event_id=behavior-1828 step=2"
ts=1735777073 level=info service=queue-worker host=host-03.example trace_id=trace-behavior-00001830 msg="event_id=behavior-1830 step=4"
ts=1735777194 level=info service=queue-worker host=host-03.example trace_id=trace-behavior-00001835 msg="event_id=behavior-1835 step=9"
ts=1735777290 level=info service=queue-worker host=host-03.example trace_id=trace-behavior-00001839 msg="event_id=behavior-1839 step=2"
ts=1735777387 level=warn service=queue-worker host=host-03.example trace_id=trace-behavior-00001843 msg="event_id=behavior-1843 step=6"
ts=1735777847 level=info service=queue-worker host=host-03.example trace_id=trace-behavior-00001862 msg="event_id=behavior-1862 step=3"
ts=1735777919 level=info service=queue-worker host=host-03.example trace_id=trace-behavior-00001865 msg="event_id=behavior-1865 step=6"
ts=1735777968 level=info service=queue-worker host=host-03.example trace_id=trace-behavior-00001867 msg="event_id=behavior-1867 step=8"
ts=1735778282 level=info service=queue-worker host=host-03.example trace_id=trace-behavior-00001880 msg="event_id=behavior-1880 step=10"
ts=1735778427 level=info service=queue-worker host=host-03.example trace_id=trace-behavior-00001886 msg="event_id=behavior-1886 step=5"
ts=1735778548 level=info service=queue-worker host=host-03.example trace_id=trace-behavior-00001891 msg="event_id=behavior-1891 step=10"
ts=1735779371 level=info service=queue-worker host=host-03.example trace_id=trace-behavior-00001925 msg="event_id=behavior-1925 step=0"
ts=1735779492 level=info service=queue-worker host=host-03.example trace_id=trace-behavior-00001930 msg="event_id=behavior-1930 step=5"
ts=1735779758 level=info service=queue-worker host=host-03.example trace_id=trace-behavior-00001941 msg="event_id=behavior-1941 step=5"
ts=1735779806 level=info service=queue-worker host=host-03.example trace_id=trace-behavior-00001943 msg="event_id=behavior-1943 step=7"
ts=1735779976 level=info service=queue-worker host=host-03.example trace_id=trace-behavior-00001950 msg="event_id=behavior-1950 step=3"
ts=1735780266 level=info service=queue-worker host=host-03.example trace_id=trace-behavior-00001962 msg="event_id=behavior-1962 step=4"
ts=1735780363 level=info service=queue-worker host=host-03.example trace_id=trace-behavior-00001966 msg="event_id=behavior-1966 step=8"
ts=1735780387 level=info service=queue-worker host=host-03.example trace_id=trace-behavior-00001967 msg="event_id=behavior-1967 step=9"
ts=1735780629 level=info service=queue-worker host=host-03.example trace_id=trace-behavior-00001977 msg="event_id=behavior-1977 step=8"
ts=1735780653 level=info service=queue-worker host=host-03.example trace_id=trace-behavior-00001978 msg="event_id=behavior-1978 step=9"
ts=1735780774 level=info service=queue-worker host=host-03.example trace_id=trace-behavior-00001983 msg="event_id=behavior-1983 step=3"
ts=1735780944 level=info service=queue-worker host=host-03.example trace_id=trace-behavior-00001990 msg="event_id=behavior-1990 step=10"
ts=1735780992 level=info service=queue-worker host=host-03.example trace_id=trace-behavior-00001992 msg="event_id=behavior-1992 step=1"
ts=1735781113 level=info service=queue-worker host=host-03.example trace_id=trace-behavior-00001997 msg="event_id=behavior-1997 step=6"
ts=1735781306 level=info service=queue-worker host=host-03.example trace_id=trace-behavior-00002005 msg="event_id=behavior-2005 step=3"
ts=1735781500 level=info service=queue-worker host=host-03.example trace_id=trace-behavior-00002013 msg="event_id=behavior-2013 step=0"
ts=1735781597 level=info service=queue-worker host=host-03.example trace_id=trace-behavior-00002017 msg="event_id=behavior-2017 step=4"
ts=1735781645 level=info service=queue-worker host=host-03.example trace_id=trace-behavior-00002019 msg="event_id=behavior-2019 step=6"
ts=1735781790 level=info service=queue-worker host=host-03.example trace_id=trace-behavior-00002025 msg="event_id=behavior-2025 step=1"
ts=1735782105 level=info service=queue-worker host=host-03.example trace_id=trace-behavior-00002038 msg="event_id=behavior-2038 step=3"
ts=1735782250 level=info service=queue-worker host=host-03.example trace_id=trace-behavior-00002044 msg="event_id=behavior-2044 step=9"
ts=1735782492 level=info service=queue-worker host=host-03.example trace_id=trace-behavior-00002054 msg="event_id=behavior-2054 step=8"
ts=1735782758 level=info service=queue-worker host=host-03.example trace_id=trace-behavior-00002065 msg="event_id=behavior-2065 step=8"
ts=1735782806 level=info service=queue-worker host=host-03.example trace_id=trace-behavior-00002067 msg="event_id=behavior-2067 step=10"
ts=1735783048 level=info service=queue-worker host=host-03.example trace_id=trace-behavior-00002077 msg="event_id=behavior-2077 step=9"
ts=1735783218 level=info service=queue-worker host=host-03.example trace_id=trace-behavior-00002084 msg="event_id=behavior-2084 step=5"
ts=1735783242 level=info service=queue-worker host=host-03.example trace_id=trace-behavior-00002085 msg="event_id=behavior-2085 step=6"
ts=1735783290 level=info service=queue-worker host=host-03.example trace_id=trace-behavior-00002087 msg="event_id=behavior-2087 step=8"
ts=1735783726 level=info service=queue-worker host=host-03.example trace_id=trace-behavior-00002105 msg="event_id=behavior-2105 step=4"
ts=1735784040 level=info service=queue-worker host=host-03.example trace_id=trace-behavior-00002118 msg="event_id=behavior-2118 step=6"
ts=1735784185 level=info service=queue-worker host=host-03.example trace_id=trace-behavior-00002124 msg="event_id=behavior-2124 step=1"
ts=1735784210 level=info service=queue-worker host=host-03.example trace_id=trace-behavior-00002125 msg="event_id=behavior-2125 step=2"
ts=1735784476 level=info service=queue-worker host=host-03.example trace_id=trace-behavior-00002136 msg="event_id=behavior-2136 step=2"
ts=1735784718 level=info service=queue-worker host=host-03.example trace_id=trace-behavior-00002146 msg="event_id=behavior-2146 step=1"
ts=1735784766 level=info service=queue-worker host=host-03.example trace_id=trace-behavior-00002148 msg="event_id=behavior-2148 step=3"
ts=1735784863 level=info service=queue-worker host=host-03.example trace_id=trace-behavior-00002152 msg="event_id=behavior-2152 step=7"
ts=1735785008 level=info service=queue-worker host=host-03.example trace_id=trace-behavior-00002158 msg="event_id=behavior-2158 step=2"
ts=1735785105 level=info service=queue-worker host=host-03.example trace_id=trace-behavior-00002162 msg="event_id=behavior-2162 step=6"
ts=1735785177 level=info service=queue-worker host=host-03.example trace_id=trace-behavior-00002165 msg="event_id=behavior-2165 step=9"
ts=1735785298 level=info service=queue-worker host=host-03.example trace_id=trace-behavior-00002170 msg="event_id=behavior-2170 step=3"
ts=1735785516 level=info service=queue-worker host=host-03.example trace_id=trace-behavior-00002179 msg="event_id=behavior-2179 step=1"
ts=1735785782 level=info service=queue-worker host=host-03.example trace_id=trace-behavior-00002190 msg="event_id=behavior-2190 step=1"
ts=1735785951 level=info service=queue-worker host=host-03.example trace_id=trace-behavior-00002197 msg="event_id=behavior-2197 step=8"
ts=1735786097 level=info service=queue-worker host=host-03.example trace_id=trace-behavior-00002203 msg="event_id=behavior-2203 LONG_JSON_SENTINEL payload=xxxxxxxxxxxxxxxxxxxxxxxxxxxxxxxxxxxxxxxxxxxxxxxxxxxxxxxxxxxxxxxxxxxxxxxxxxxxxxxxxxxxxxxxxxxxxxxxxxxxxxxxxxxxxxxxxxxxxxxxxxxxxxxxxxxxxxxxxxxxxxxxxxxxxxxxxxxxxxxxxxxxxxxxxxxxxxxxxxxxxxxxxxxxxxxxxxxxxxxxxxxxxxxxxxxxxxxxxxxxxxxxxxxxxxxxxxxxxxxxxxxxxxxxxxxxxxxxxxxxxxxxxxxxxxxxxxxxxxxxxxxxxxxxxxxxxxxxxxxxxxxxxxxxxxxxxxxxxxxxxxxxxxxxxxxxxxxxxxxxxxxxxxxxxxxxxxxxxxxxxxxxxxxxxxxxxxxxxxxxxxxxxxxxxxxxxxxxxxxxxxx"
ts=1735786169 level=info service=queue-worker host=host-03.example trace_id=trace-behavior-00002206 msg="event_id=behavior-2206 step=6"
ts=1735786218 level=info service=queue-worker host=host-03.example trace_id=trace-behavior-00002208 msg="event_id=behavior-2208 step=8"
ts=1735786266 level=info service=queue-worker host=host-03.example trace_id=trace-behavior-00002210 msg="event_id=behavior-2210 step=10"
ts=1735786290 level=info service=queue-worker host=host-03.example trace_id=trace-behavior-00002211 msg="event_id=behavior-2211 step=0"
ts=1735786677 level=info service=queue-worker host=host-03.example trace_id=trace-behavior-00002227 msg="event_id=behavior-2227 step=5"
ts=1735786726 level=info service=queue-worker host=host-03.example trace_id=trace-behavior-00002229 msg="event_id=behavior-2229 step=7"
ts=1735787282 level=info service=queue-worker host=host-03.example trace_id=trace-behavior-00002252 msg="event_id=behavior-2252 step=8"
ts=1735787621 level=info service=queue-worker host=host-03.example trace_id=trace-behavior-00002266 msg="event_id=behavior-2266 step=0"
ts=1735787645 level=info service=queue-worker host=host-03.example trace_id=trace-behavior-00002267 msg="event_id=behavior-2267 step=1"
ts=1735787984 level=info service=queue-worker host=host-03.example trace_id=trace-behavior-00002281 msg="event_id=behavior-2281 step=4"
ts=1735788226 level=info service=queue-worker host=host-03.example trace_id=trace-behavior-00002291 msg="event_id=behavior-2291 step=3"
ts=1735788855 level=info service=queue-worker host=host-03.example trace_id=trace-behavior-00002317 msg="event_id=behavior-2317 step=7"
ts=1735789072 level=info service=queue-worker host=host-03.example trace_id=trace-behavior-00002326 msg="event_id=behavior-2326 step=5"
ts=1735789266 level=info service=queue-worker host=host-03.example trace_id=trace-behavior-00002334 msg="event_id=behavior-2334 step=2"
ts=1735789459 level=info service=queue-worker host=host-03.example trace_id=trace-behavior-00002342 msg="event_id=behavior-2342 step=10"
ts=1735789484 level=info service=queue-worker host=host-03.example trace_id=trace-behavior-00002343 msg="event_id=behavior-2343 step=0"
ts=1735789605 level=info service=queue-worker host=host-03.example trace_id=trace-behavior-00002348 msg="event_id=behavior-2348 step=5"
ts=1735789895 level=info service=queue-worker host=host-03.example trace_id=trace-behavior-00002360 msg="event_id=behavior-2360 step=6"
ts=1735790040 level=info service=queue-worker host=host-03.example trace_id=trace-behavior-00002366 msg="event_id=behavior-2366 step=1"
ts=1735790064 level=info service=queue-worker host=host-03.example trace_id=trace-behavior-00002367 msg="event_id=behavior-2367 step=2"
ts=1735790113 level=info service=queue-worker host=host-03.example trace_id=trace-behavior-00002369 msg="event_id=behavior-2369 step=4"
ts=1735790258 level=info service=queue-worker host=host-03.example trace_id=trace-behavior-00002375 msg="event_id=behavior-2375 step=10"
ts=1735790330 level=info service=queue-worker host=host-03.example trace_id=trace-behavior-00002378 msg="event_id=behavior-2378 step=2"
ts=1735790500 level=info service=queue-worker host=host-03.example trace_id=trace-behavior-00002385 msg="event_id=behavior-2385 step=9"
ts=1735790693 level=info service=queue-worker host=host-03.example trace_id=trace-behavior-00002393 msg="event_id=behavior-2393 step=6"
ts=1735790717 level=info service=queue-worker host=host-03.example trace_id=trace-behavior-00002394 msg="event_id=behavior-2394 step=7"
ts=1735790790 level=info service=queue-worker host=host-03.example trace_id=trace-behavior-00002397 msg="event_id=behavior-2397 step=10"
ts=1735791008 level=info service=queue-worker host=host-03.example trace_id=trace-behavior-00002406 msg="event_id=behavior-2406 step=8"
ts=1735791250 level=info service=queue-worker host=host-03.example trace_id=trace-behavior-00002416 msg="event_id=behavior-2416 step=7"
ts=1735791443 level=info service=queue-worker host=host-03.example trace_id=trace-behavior-00002424 msg="event_id=behavior-2424 step=4"
ts=1735791492 level=info service=queue-worker host=host-03.example trace_id=trace-behavior-00002426 msg="event_id=behavior-2426 step=6"
ts=1735791564 level=info service=queue-worker host=host-03.example trace_id=trace-behavior-00002429 msg="event_id=behavior-2429 step=9"
ts=1735791588 level=info service=queue-worker host=host-03.example trace_id=trace-behavior-00002430 msg="event_id=behavior-2430 step=10"
ts=1735791830 level=info service=queue-worker host=host-03.example trace_id=trace-behavior-00002440 msg="event_id=behavior-2440 step=9"
ts=1735791903 level=info service=queue-worker host=host-03.example trace_id=trace-behavior-00002443 msg="event_id=behavior-2443 step=1"
ts=1735791927 level=info service=queue-worker host=host-03.example trace_id=trace-behavior-00002444 msg="event_id=behavior-2444 step=2"
ts=1735792024 level=info service=queue-worker host=host-03.example trace_id=trace-behavior-00002448 msg="event_id=behavior-2448 step=6"
ts=1735792072 level=info service=queue-worker host=host-03.example trace_id=trace-behavior-00002450 msg="event_id=behavior-2450 step=8"
ts=1735792774 level=info service=queue-worker host=host-03.example trace_id=trace-behavior-00002479 msg="event_id=behavior-2479 step=4"
ts=1735792871 level=info service=queue-worker host=host-03.example trace_id=trace-behavior-00002483 msg="event_id=behavior-2483 step=8"
ts=1735793088 level=info service=queue-worker host=host-03.example trace_id=trace-behavior-00002492 msg="event_id=behavior-2492 step=6"
ts=1735793113 level=info service=queue-worker host=host-03.example trace_id=trace-behavior-00002493 msg="event_id=behavior-2493 step=7"
ts=1735793161 level=info service=queue-worker host=host-03.example trace_id=trace-behavior-00002495 msg="event_id=behavior-2495 step=9"
ts=1735793379 level=info service=queue-worker host=host-03.example trace_id=trace-behavior-00002504 msg="event_id=behavior-2504 step=7"
ts=1735793475 level=info service=queue-worker host=host-03.example trace_id=trace-behavior-00002508 msg="event_id=behavior-2508 step=0"
ts=1735793500 level=debug service=queue-worker host=host-03.example trace_id=trace-behavior-00002509 msg="event_id=behavior-2509 step=1"
ts=1735793717 level=info service=queue-worker host=host-03.example trace_id=trace-behavior-00002518 msg="event_id=behavior-2518 step=10"
ts=1735793959 level=info service=queue-worker host=host-03.example trace_id=trace-behavior-00002528 msg="event_id=behavior-2528 step=9"
ts=1735794056 level=error service=queue-worker host=host-03.example trace_id=trace-behavior-00002532 msg="event_id=behavior-2532 step=2"
ts=1735794129 level=info service=queue-worker host=host-03.example trace_id=trace-behavior-00002535 msg="event_id=behavior-2535 step=5"
ts=1735794201 level=info service=queue-worker host=host-03.example trace_id=trace-behavior-00002538 msg="event_id=behavior-2538 step=8"
ts=1735794346 level=info service=queue-worker host=host-03.example trace_id=trace-behavior-00002544 msg="event_id=behavior-2544 step=3"
ts=1735794395 level=info service=queue-worker host=host-03.example trace_id=trace-behavior-00002546 msg="event_id=behavior-2546 step=5"
ts=1735794419 level=info service=queue-worker host=host-03.example trace_id=trace-behavior-00002547 msg="event_id=behavior-2547 step=6"
ts=1735794782 level=info service=queue-worker host=host-03.example trace_id=trace-behavior-00002562 msg="event_id=behavior-2562 step=10"
ts=1735794806 level=info service=queue-worker host=host-03.example trace_id=trace-behavior-00002563 msg="event_id=behavior-2563 step=0"
ts=1735794879 level=info service=queue-worker host=host-03.example trace_id=trace-behavior-00002566 msg="event_id=behavior-2566 step=3"
ts=1735795096 level=info service=queue-worker host=host-03.example trace_id=trace-behavior-00002575 msg="event_id=behavior-2575 step=1"
ts=1735795145 level=info service=queue-worker host=host-03.example trace_id=trace-behavior-00002577 msg="event_id=behavior-2577 step=3"
ts=1735795169 level=info service=queue-worker host=host-03.example trace_id=trace-behavior-00002578 msg="event_id=behavior-2578 step=4"
ts=1735795435 level=info service=queue-worker host=host-03.example trace_id=trace-behavior-00002589 msg="event_id=behavior-2589 step=4"
ts=1735795556 level=info service=queue-worker host=host-03.example trace_id=trace-behavior-00002594 msg="event_id=behavior-2594 step=9"
ts=1735795604 level=info service=queue-worker host=host-03.example trace_id=trace-behavior-00002596 msg="event_id=behavior-2596 step=0"
ts=1735795653 level=info service=queue-worker host=host-03.example trace_id=trace-behavior-00002598 msg="event_id=behavior-2598 step=2"
ts=1735795895 level=info service=queue-worker host=host-03.example trace_id=trace-behavior-00002608 msg="event_id=behavior-2608 step=1"
ts=1735796016 level=info service=queue-worker host=host-03.example trace_id=trace-behavior-00002613 msg="event_id=behavior-2613 step=6"
ts=1735796161 level=warn service=queue-worker host=host-03.example trace_id=trace-behavior-00002619 msg="event_id=behavior-2619 step=1"
ts=1735797104 level=info service=queue-worker host=host-03.example trace_id=trace-behavior-00002658 msg="event_id=behavior-2658 step=7"
ts=1735797177 level=info service=queue-worker host=host-03.example trace_id=trace-behavior-00002661 msg="event_id=behavior-2661 step=10"
ts=1735797443 level=info service=queue-worker host=host-03.example trace_id=trace-behavior-00002672 msg="event_id=behavior-2672 step=10"
ts=1735797491 level=info service=queue-worker host=host-03.example trace_id=trace-behavior-00002674 msg="event_id=behavior-2674 step=1"
ts=1735797588 level=info service=queue-worker host=host-03.example trace_id=trace-behavior-00002678 msg="event_id=behavior-2678 step=5"
ts=1735798387 level=info service=queue-worker host=host-03.example trace_id=trace-behavior-00002711 msg="event_id=behavior-2711 step=5"
ts=1735798556 level=info service=queue-worker host=host-03.example trace_id=trace-behavior-00002718 msg="event_id=behavior-2718 step=1"
ts=1735798677 level=info service=queue-worker host=host-03.example trace_id=trace-behavior-00002723 msg="event_id=behavior-2723 step=6"
ts=1735798774 level=info service=queue-worker host=host-03.example trace_id=trace-behavior-00002727 msg="event_id=behavior-2727 step=10"
ts=1735798798 level=info service=queue-worker host=host-03.example trace_id=trace-behavior-00002728 msg="event_id=behavior-2728 step=0"
ts=1735798822 level=info service=queue-worker host=host-03.example trace_id=trace-behavior-00002729 msg="event_id=behavior-2729 step=1"
ts=1735798967 level=info service=queue-worker host=host-03.example trace_id=trace-behavior-00002735 msg="event_id=behavior-2735 step=7"
ts=1735799209 level=info service=queue-worker host=host-03.example trace_id=trace-behavior-00002745 msg="event_id=behavior-2745 step=6"
ts=1735799330 level=debug service=queue-worker host=host-03.example trace_id=trace-behavior-00002750 msg="event_id=behavior-2750 step=0"
ts=1735799645 level=info service=queue-worker host=host-03.example trace_id=trace-behavior-00002763 msg="event_id=behavior-2763 step=2"
ts=1735800153 level=info service=queue-worker host=host-03.example trace_id=trace-behavior-00002784 msg="event_id=behavior-2784 step=1"
ts=1735800201 level=info service=queue-worker host=host-03.example trace_id=trace-behavior-00002786 msg="event_id=behavior-2786 step=3"
ts=1735800225 level=info service=queue-worker host=host-03.example trace_id=trace-behavior-00002787 msg="event_id=behavior-2787 step=4"
ts=1735800491 level=info service=queue-worker host=host-03.example trace_id=trace-behavior-00002798 msg="event_id=behavior-2798 step=4"
ts=1735800516 level=info service=queue-worker host=host-03.example trace_id=trace-behavior-00002799 msg="event_id=behavior-2799 step=5"
ts=1735800540 level=info service=queue-worker host=host-03.example trace_id=trace-behavior-00002800 msg="event_id=behavior-2800 LONG_JSON_SENTINEL payload=xxxxxxxxxxxxxxxxxxxxxxxxxxxxxxxxxxxxxxxxxxxxxxxxxxxxxxxxxxxxxxxxxxxxxxxxxxxxxxxxxxxxxxxxxxxxxxxxxxxxxxxxxxxxxxxxxxxxxxxxxxxxxxxxxxxxxxxxxxxxxxxxxxxxxxxxxxxxxxxxxxxxxxxxxxxxxxxxxxxxxxxxxxxxxxxxxxxxxxxxxxxxxxxxxxxxxxxxxxxxxxxxxxxxxxxxxxxxxxxxxxxxxxxxxxxxxxxxxxxxxxxxxxxxxxxxxxxxxxxxxxxxxxxxxxxxxxxxxxxxxxxxxxxxxxxxxxxxxxxxxxxxxxxxxxxxxxxxxxxxxxxxxxxxxxxxxxxxxxxxxxxxxxxxxxxxxxxxxxxxxxxxxxxxxxxxxxxxxxxx"
ts=1735800709 level=info service=queue-worker host=host-03.example trace_id=trace-behavior-00002807 msg="event_id=behavior-2807 step=2"
ts=1735801241 level=info service=queue-worker host=host-03.example trace_id=trace-behavior-00002829 msg="event_id=behavior-2829 step=2"
ts=1735801290 level=info service=queue-worker host=host-03.example trace_id=trace-behavior-00002831 msg="event_id=behavior-2831 step=4"
ts=1735801411 level=info service=queue-worker host=host-03.example trace_id=trace-behavior-00002836 msg="event_id=behavior-2836 step=9"
ts=1735801483 level=info service=queue-worker host=host-03.example trace_id=trace-behavior-00002839 msg="event_id=behavior-2839 step=1"
ts=1735801508 level=info service=queue-worker host=host-03.example trace_id=trace-behavior-00002840 msg="event_id=behavior-2840 step=2"
ts=1735801701 level=info service=queue-worker host=host-03.example trace_id=trace-behavior-00002848 msg="event_id=behavior-2848 step=10"
ts=1735801749 level=info service=queue-worker host=host-03.example trace_id=trace-behavior-00002850 msg="event_id=behavior-2850 step=1"
ts=1735801798 level=info service=queue-worker host=host-03.example trace_id=trace-behavior-00002852 msg="event_id=behavior-2852 step=3"
ts=1735801822 level=info service=queue-worker host=host-03.example trace_id=trace-behavior-00002853 msg="event_id=behavior-2853 step=4"
ts=1735802451 level=info service=queue-worker host=host-03.example trace_id=trace-behavior-00002879 msg="event_id=behavior-2879 step=8"
ts=1735802475 level=info service=queue-worker host=host-03.example trace_id=trace-behavior-00002880 msg="event_id=behavior-2880 step=9"
ts=1735802499 level=info service=queue-worker host=host-03.example trace_id=trace-behavior-00002881 msg="event_id=behavior-2881 step=10"
ts=1735802524 level=info service=queue-worker host=host-03.example trace_id=trace-behavior-00002882 msg="event_id=behavior-2882 step=0"
ts=1735802596 level=info service=queue-worker host=host-03.example trace_id=trace-behavior-00002885 msg="event_id=behavior-2885 step=3"
ts=1735802620 level=info service=queue-worker host=host-03.example trace_id=trace-behavior-00002886 msg="event_id=behavior-2886 step=4"
ts=1735802717 level=info service=queue-worker host=host-03.example trace_id=trace-behavior-00002890 msg="event_id=behavior-2890 step=8"
ts=1735802741 level=info service=queue-worker host=host-03.example trace_id=trace-behavior-00002891 msg="event_id=behavior-2891 step=9"
ts=1735802766 level=info service=queue-worker host=host-03.example trace_id=trace-behavior-00002892 msg="event_id=behavior-2892 step=10"
ts=1735802814 level=info service=queue-worker host=host-03.example trace_id=trace-behavior-00002894 msg="event_id=behavior-2894 step=1"
ts=1735803104 level=info service=queue-worker host=host-03.example trace_id=trace-behavior-00002906 msg="event_id=behavior-2906 step=2"
ts=1735803153 level=info service=queue-worker host=host-03.example trace_id=trace-behavior-00002908 msg="event_id=behavior-2908 step=4"
ts=1735803322 level=info service=queue-worker host=host-03.example trace_id=trace-behavior-00002915 msg="event_id=behavior-2915 step=0"
ts=1735803346 level=info service=queue-worker host=host-03.example trace_id=trace-behavior-00002916 msg="event_id=behavior-2916 step=1"
ts=1735803709 level=info service=queue-worker host=host-03.example trace_id=trace-behavior-00002931 msg="event_id=behavior-2931 step=5"
ts=1735803733 level=info service=queue-worker host=host-03.example trace_id=trace-behavior-00002932 msg="event_id=behavior-2932 step=6"
ts=1735803951 level=info service=queue-worker host=host-03.example trace_id=trace-behavior-00002941 msg="event_id=behavior-2941 step=4"
ts=1735804266 level=error service=queue-worker host=host-03.example trace_id=trace-behavior-00002954 msg="event_id=behavior-2954 step=6"
ts=1735804556 level=info service=queue-worker host=host-03.example trace_id=trace-behavior-00002966 msg="event_id=behavior-2966 step=7"
ts=1735804604 level=info service=queue-worker host=host-03.example trace_id=trace-behavior-00002968 msg="event_id=behavior-2968 step=9"
ts=1735804725 level=info service=queue-worker host=host-03.example trace_id=trace-behavior-00002973 msg="event_id=behavior-2973 step=3"
ts=1735804895 level=info service=queue-worker host=host-03.example trace_id=trace-behavior-00002980 msg="event_id=behavior-2980 step=10"
ts=1735804967 level=info service=queue-worker host=host-03.example trace_id=trace-behavior-00002983 msg="event_id=behavior-2983 step=2"
ts=1735804991 level=info service=queue-worker host=host-03.example trace_id=trace-behavior-00002984 msg="event_id=behavior-2984 step=3"
ts=1735805040 level=info service=queue-worker host=host-03.example trace_id=trace-behavior-00002986 msg="event_id=behavior-2986 step=5"
ts=1735805064 level=info service=queue-worker host=host-03.example trace_id=trace-behavior-00002987 msg="event_id=behavior-2987 step=6"
ts=1735805161 level=info service=queue-worker host=host-03.example trace_id=trace-behavior-00002991 msg="event_id=behavior-2991 step=10"
ts=1735805282 level=info service=queue-worker host=host-03.example trace_id=trace-behavior-00002996 msg="event_id=behavior-2996 step=4"
ts=1735805451 level=info service=queue-worker host=host-03.example trace_id=trace-behavior-00003003 msg="event_id=behavior-3003 STACK_TRACE_SENTINEL failure in handler\n    at lab_module_handler(file=example_rs line=43)\n    at lab_module_dispatch(file=example_rs line=13)\nCaused by: simulated timeout after 403ms"
ts=1735805741 level=info service=queue-worker host=host-03.example trace_id=trace-behavior-00003015 msg="event_id=behavior-3015 step=1"
ts=1735805935 level=info service=queue-worker host=host-03.example trace_id=trace-behavior-00003023 msg="event_id=behavior-3023 step=9"
ts=1735806007 level=info service=queue-worker host=host-03.example trace_id=trace-behavior-00003026 msg="event_id=behavior-3026 step=1"
ts=1735806032 level=info service=queue-worker host=host-03.example trace_id=trace-behavior-00003027 msg="event_id=behavior-3027 step=2"
ts=1735806056 level=info service=queue-worker host=host-03.example trace_id=trace-behavior-00003028 msg="event_id=behavior-3028 step=3"
ts=1735806515 level=info service=queue-worker host=host-03.example trace_id=trace-behavior-00003047 msg="event_id=behavior-3047 step=0"
ts=1735806636 level=info service=queue-worker host=host-03.example trace_id=trace-behavior-00003052 msg="event_id=behavior-3052 step=5"
ts=1735806733 level=info service=queue-worker host=host-03.example trace_id=trace-behavior-00003056 msg="event_id=behavior-3056 step=9"
ts=1735806757 level=info service=queue-worker host=host-03.example trace_id=trace-behavior-00003057 msg="event_id=behavior-3057 step=10"
ts=1735806806 level=debug service=queue-worker host=host-03.example trace_id=trace-behavior-00003059 msg="event_id=behavior-3059 step=1"
ts=1735806927 level=info service=queue-worker host=host-03.example trace_id=trace-behavior-00003064 msg="event_id=behavior-3064 step=6"
ts=1735806975 level=info service=queue-worker host=host-03.example trace_id=trace-behavior-00003066 msg="event_id=behavior-3066 step=8"
ts=1735807024 level=info service=queue-worker host=host-03.example trace_id=trace-behavior-00003068 msg="event_id=behavior-3068 step=10"
ts=1735807144 level=info service=queue-worker host=host-03.example trace_id=trace-behavior-00003073 msg="event_id=behavior-3073 step=4"
ts=1735807193 level=info service=queue-worker host=host-03.example trace_id=trace-behavior-00003075 msg="event_id=behavior-3075 step=6"
ts=1735807532 level=info service=queue-worker host=host-03.example trace_id=trace-behavior-00003089 msg="event_id=behavior-3089 step=9"
ts=1735807653 level=info service=queue-worker host=host-03.example trace_id=trace-behavior-00003094 msg="event_id=behavior-3094 step=3"
ts=1735807677 level=info service=queue-worker host=host-03.example trace_id=trace-behavior-00003095 msg="event_id=behavior-3095 step=4"
ts=1735807870 level=info service=queue-worker host=host-03.example trace_id=trace-behavior-00003103 msg="event_id=behavior-3103 LONG_JSON_SENTINEL payload=xxxxxxxxxxxxxxxxxxxxxxxxxxxxxxxxxxxxxxxxxxxxxxxxxxxxxxxxxxxxxxxxxxxxxxxxxxxxxxxxxxxxxxxxxxxxxxxxxxxxxxxxxxxxxxxxxxxxxxxxxxxxxxxxxxxxxxxxxxxxxxxxxxxxxxxxxxxxxxxxxxxxxxxxxxxxxxxxxxxxxxxxxxxxxxxxxxxxxxxxxxxxxxxxxxxxxxxxxxxxxxxxxxxxxxxxxxxxxxxxxxxxxxxxxxxxxxxxxxxxxxxxxxxxxxxxxxxxxxxxxxxxxxxxxxxxxxxxxxxxxxxxxxxxxxxxxxxxxxxxxxxxxxxxxxxxxxxxxxxxxxxxxxxxxxxxxxxxxxxxxxxxxxxxxxxxxxxxxxxxxxxxxxxxxxxxxxxxxxxxxxxxxxxxxxxxxxxxxxxxxxxxxxxxxxxxxxxxxxxxxxxxxxxxxxxxxxxxxxxxxxxxxxxxxxxxxxxxxxxxxxxxxxxxxxxxxxxxxxxxxxx"
ts=1735807919 level=info service=queue-worker host=host-03.example trace_id=trace-behavior-00003105 msg="event_id=behavior-3105 step=3"
ts=1735808015 level=info service=queue-worker host=host-03.example trace_id=trace-behavior-00003109 msg="event_id=behavior-3109 step=7"
ts=1735808330 level=info service=queue-worker host=host-03.example trace_id=trace-behavior-00003122 msg="event_id=behavior-3122 step=9"
ts=1735808451 level=info service=queue-worker host=host-03.example trace_id=trace-behavior-00003127 msg="event_id=behavior-3127 step=3"
ts=1735808620 level=info service=queue-worker host=host-03.example trace_id=trace-behavior-00003134 msg="event_id=behavior-3134 step=10"
ts=1735808983 level=info service=queue-worker host=host-03.example trace_id=trace-behavior-00003149 msg="event_id=behavior-3149 step=3"
ts=1735809007 level=info service=queue-worker host=host-03.example trace_id=trace-behavior-00003150 msg="event_id=behavior-3150 step=4"
ts=1735809515 level=info service=queue-worker host=host-03.example trace_id=trace-behavior-00003171 msg="event_id=behavior-3171 step=3"
ts=1735809540 level=info service=queue-worker host=host-03.example trace_id=trace-behavior-00003172 msg="event_id=behavior-3172 step=4"
ts=1735809661 level=info service=queue-worker host=host-03.example trace_id=trace-behavior-00003177 msg="event_id=behavior-3177 step=9"
ts=1735809878 level=info service=queue-worker host=host-03.example trace_id=trace-behavior-00003186 msg="event_id=behavior-3186 step=7"
ts=1735809927 level=info service=queue-worker host=host-03.example trace_id=trace-behavior-00003188 msg="event_id=behavior-3188 step=9"
ts=1735810072 level=info service=queue-worker host=host-03.example trace_id=trace-behavior-00003194 msg="event_id=behavior-3194 step=4"
ts=1735810096 level=info service=queue-worker host=host-03.example trace_id=trace-behavior-00003195 msg="event_id=behavior-3195 step=5"
ts=1735810217 level=info service=queue-worker host=host-03.example trace_id=trace-behavior-00003200 msg="event_id=behavior-3200 LONG_JSON_SENTINEL payload=xxxxxxxxxxxxxxxxxxxxxxxxxxxxxxxxxxxxxxxxxxxxxxxxxxxxxxxxxxxxxxxxxxxxxxxxxxxxxxxxxxxxxxxxxxxxxxxxxxxxxxxxxxxxxxxxxxxxxxxxxxxxxxxxxxxxxxxxxxxxxxxxxxxxxxxxxxxxxxxxxxxxxxxxxxxxxxxxxxxxxxxxxxxxxxxxxxxxxxxxxxxxxxxxxxxxxxxxxxxxxxxxxxxxxxxxxxxxxxxxxxxxxxxxxxxxxxxxxxxxxxxxxxxxxxxxxxxxxxxxxxxxxxxxxxxxxxxxxxxxxxxxxxxxxxxxxxxxxxxxxxxxxxxxxxxxxxxxxxxxxxxxxxxxxxxxxxxxxxxxxxxxxxxxxxxxxxxxxxxxxxxxxxxxxxxxxxxxxxxx"
ts=1735810290 level=info service=queue-worker host=host-03.example trace_id=trace-behavior-00003203 msg="event_id=behavior-3203 LONG_JSON_SENTINEL payload=xxxxxxxxxxxxxxxxxxxxxxxxxxxxxxxxxxxxxxxxxxxxxxxxxxxxxxxxxxxxxxxxxxxxxxxxxxxxxxxxxxxxxxxxxxxxxxxxxxxxxxxxxxxxxxxxxxxxxxxxxxxxxxxxxxxxxxxxxxxxxxxxxxxxxxxxxxxxxxxxxxxxxxxxxxxxxxxxxxxxxxxxxxxxxxxxxxxxxxxxxxxxxxxxxxxxxxxxxxxxxxxxxxxxxxxxxxxxxxxxxxxxxxxxxxxxxxxxxxxxxxxxxxxxxxxxxxxxxxxxxxxxxxxxxxxxxxxxxxxxxxxxxxxxxxxxxxxxxxxxxxxxxxxxxxxxxxxxxxxxxxxxxxxxxxxxxxxxxxxxxxxxxxxxxxxxxxxxxxxxxxxxxxxxxxxxxxxxxxxxxxx"
ts=1735811064 level=info service=queue-worker host=host-03.example trace_id=trace-behavior-00003235 msg="event_id=behavior-3235 step=1"
ts=1735811233 level=info service=queue-worker host=host-03.example trace_id=trace-behavior-00003242 msg="event_id=behavior-3242 step=8"
ts=1735811717 level=info service=queue-worker host=host-03.example trace_id=trace-behavior-00003262 msg="event_id=behavior-3262 step=6"
ts=1735811886 level=info service=queue-worker host=host-03.example trace_id=trace-behavior-00003269 msg="event_id=behavior-3269 step=2"
ts=1735812007 level=info service=queue-worker host=host-03.example trace_id=trace-behavior-00003274 msg="event_id=behavior-3274 step=7"
ts=1735812080 level=info service=queue-worker host=host-03.example trace_id=trace-behavior-00003277 msg="event_id=behavior-3277 step=10"
ts=1735812177 level=debug service=queue-worker host=host-03.example trace_id=trace-behavior-00003281 msg="event_id=behavior-3281 step=3"
ts=1735812515 level=info service=queue-worker host=host-03.example trace_id=trace-behavior-00003295 msg="event_id=behavior-3295 step=6"
ts=1735812685 level=info service=queue-worker host=host-03.example trace_id=trace-behavior-00003302 msg="event_id=behavior-3302 LONG_JSON_SENTINEL payload=xxxxxxxxxxxxxxxxxxxxxxxxxxxxxxxxxxxxxxxxxxxxxxxxxxxxxxxxxxxxxxxxxxxxxxxxxxxxxxxxxxxxxxxxxxxxxxxxxxxxxxxxxxxxxxxxxxxxxxxxxxxxxxxxxxxxxxxxxxxxxxxxxxxxxxxxxxxxxxxxxxxxxxxxxxxxxxxxxxxxxxxxxxxxxxxxxxxxxxxxxxxxxxxxxxxxxxxxxxxxxxxxxxxxxxxxxxxxxxxxxxxxxxxxxxxxxxxxxxxxxxxxxxxxxxxxxxxxxxxxxxxxxxxxxxxxxxxxxxxxxxxxxxxxxxxxxxxxxxxxxxxxxxxxxxxxxxxxxxxxxxxxxxxxxxxxxxxxxxxxxxxxxxxxxxxxxxxxxxxxxxxxxxxxxxxxxxxxxxxxxxxxxxxxxxxxxxxxxxxxxxxxxxxxxxxxxxxxxxxxxxxxxxxxxxxxxxxxxxxxxxxxxxxxxxxxxxxxxxxxxxxxxxxxxxxxxxxxxxxxxx"
ts=1735812733 level=info service=queue-worker host=host-03.example trace_id=trace-behavior-00003304 msg="event_id=behavior-3304 step=4"
ts=1735813023 level=info service=queue-worker host=host-03.example trace_id=trace-behavior-00003316 msg="event_id=behavior-3316 step=5"
ts=1735813217 level=info service=queue-worker host=host-03.example trace_id=trace-behavior-00003324 msg="event_id=behavior-3324 step=2"
ts=1735813338 level=info service=queue-worker host=host-03.example trace_id=trace-behavior-00003329 msg="event_id=behavior-3329 step=7"
ts=1735813459 level=info service=queue-worker host=host-03.example trace_id=trace-behavior-00003334 msg="event_id=behavior-3334 step=1"
ts=1735813628 level=info service=queue-worker host=host-03.example trace_id=trace-behavior-00003341 msg="event_id=behavior-3341 step=8"
ts=1735814548 level=info service=queue-worker host=host-03.example trace_id=trace-behavior-00003379 msg="event_id=behavior-3379 step=2"
ts=1735814693 level=info service=queue-worker host=host-03.example trace_id=trace-behavior-00003385 msg="event_id=behavior-3385 step=8"
ts=1735814838 level=info service=queue-worker host=host-03.example trace_id=trace-behavior-00003391 msg="event_id=behavior-3391 step=3"
ts=1735815152 level=info service=queue-worker host=host-03.example trace_id=trace-behavior-00003404 msg="event_id=behavior-3404 step=5"
ts=1735815491 level=info service=queue-worker host=host-03.example trace_id=trace-behavior-00003418 msg="event_id=behavior-3418 step=8"
ts=1735815902 level=info service=queue-worker host=host-03.example trace_id=trace-behavior-00003435 msg="event_id=behavior-3435 step=3"
ts=1735815927 level=info service=queue-worker host=host-03.example trace_id=trace-behavior-00003436 msg="event_id=behavior-3436 step=4"
ts=1735816072 level=info service=queue-worker host=host-03.example trace_id=trace-behavior-00003442 msg="event_id=behavior-3442 step=10"
ts=1735816096 level=info service=queue-worker host=host-03.example trace_id=trace-behavior-00003443 msg="event_id=behavior-3443 step=0"
ts=1735816120 level=info service=queue-worker host=host-03.example trace_id=trace-behavior-00003444 msg="event_id=behavior-3444 step=1"
ts=1735816386 level=info service=queue-worker host=host-03.example trace_id=trace-behavior-00003455 msg="event_id=behavior-3455 step=1"
ts=1735816507 level=info service=queue-worker host=host-03.example trace_id=trace-behavior-00003460 msg="event_id=behavior-3460 step=6"
ts=1735816604 level=info service=queue-worker host=host-03.example trace_id=trace-behavior-00003464 msg="event_id=behavior-3464 step=10"
ts=1735816628 level=info service=queue-worker host=host-03.example trace_id=trace-behavior-00003465 msg="event_id=behavior-3465 step=0"
ts=1735816652 level=info service=queue-worker host=host-03.example trace_id=trace-behavior-00003466 msg="event_id=behavior-3466 step=1"
ts=1735816701 level=info service=queue-worker host=host-03.example trace_id=trace-behavior-00003468 msg="event_id=behavior-3468 step=3"
ts=1735816943 level=info service=queue-worker host=host-03.example trace_id=trace-behavior-00003478 msg="event_id=behavior-3478 step=2"
ts=1735816991 level=info service=queue-worker host=host-03.example trace_id=trace-behavior-00003480 msg="event_id=behavior-3480 step=4"
ts=1735817015 level=info service=queue-worker host=host-03.example trace_id=trace-behavior-00003481 msg="event_id=behavior-3481 step=5"
ts=1735817039 level=info service=queue-worker host=host-03.example trace_id=trace-behavior-00003482 msg="event_id=behavior-3482 step=6"
ts=1735817160 level=info service=queue-worker host=host-03.example trace_id=trace-behavior-00003487 msg="event_id=behavior-3487 step=0"
ts=1735817209 level=info service=queue-worker host=host-03.example trace_id=trace-behavior-00003489 msg="event_id=behavior-3489 step=2"
ts=1735817233 level=info service=queue-worker host=host-03.example trace_id=trace-behavior-00003490 msg="event_id=behavior-3490 step=3"
ts=1735817475 level=info service=queue-worker host=host-03.example trace_id=trace-behavior-00003500 msg="event_id=behavior-3500 LONG_JSON_SENTINEL payload=xxxxxxxxxxxxxxxxxxxxxxxxxxxxxxxxxxxxxxxxxxxxxxxxxxxxxxxxxxxxxxxxxxxxxxxxxxxxxxxxxxxxxxxxxxxxxxxxxxxxxxxxxxxxxxxxxxxxxxxxxxxxxxxxxxxxxxxxxxxxxxxxxxxxxxxxxxxxxxxxxxxxxxxxxxxxxxxxxxxxxxxxxxxxxxxxxxxxxxxxxxxxxxxxxxxxxxxxxxxxxxxxxxxxxxxxxxxxxxxxxxxxxxxxxxxxxxxxxxxxxxxxxxxxxxxxxxxxxxxxxxxxxxxxxxxxxxxxxxxxxxxxxxxxxxxxxxxxxxxxxxxxxxxxxxxxxxxxxxxxxxxxxxxxxxxxxxxxxxxxxxxxxxxxxxxxxxxxxxxxxxxxxxxxxxxxxxxxxxxxxxxxxxxxxxxxxxxxxxxxxxxxxxxxxxxxxxxxxxxxxxxxxxxxxxxxxxxxxxxxxxxxxxxxxxxxxxxxxxxxxxxxxxxxxxxxxxxxxxxx"
ts=1735817572 level=info service=queue-worker host=host-03.example trace_id=trace-behavior-00003504 msg="event_id=behavior-3504 step=6"
ts=1735818201 level=info service=queue-worker host=host-03.example trace_id=trace-behavior-00003530 msg="event_id=behavior-3530 step=10"
ts=1735818418 level=info service=queue-worker host=host-03.example trace_id=trace-behavior-00003539 msg="event_id=behavior-3539 step=8"
ts=1735818539 level=info service=queue-worker host=host-03.example trace_id=trace-behavior-00003544 msg="event_id=behavior-3544 step=2"
ts=1735818564 level=info service=queue-worker host=host-03.example trace_id=trace-behavior-00003545 msg="event_id=behavior-3545 step=3"
ts=1735818830 level=info service=queue-worker host=host-03.example trace_id=trace-behavior-00003556 msg="event_id=behavior-3556 step=3"
ts=1735819168 level=info service=queue-worker host=host-03.example trace_id=trace-behavior-00003570 msg="event_id=behavior-3570 step=6"
ts=1735819314 level=info service=queue-worker host=host-03.example trace_id=trace-behavior-00003576 msg="event_id=behavior-3576 step=1"
ts=1735819604 level=info service=queue-worker host=host-03.example trace_id=trace-behavior-00003588 msg="event_id=behavior-3588 step=2"
ts=1735819701 level=info service=queue-worker host=host-03.example trace_id=trace-behavior-00003592 msg="event_id=behavior-3592 step=6"
ts=1735820160 level=info service=queue-worker host=host-03.example trace_id=trace-behavior-00003611 msg="event_id=behavior-3611 step=3"
ts=1735820209 level=info service=queue-worker host=host-03.example trace_id=trace-behavior-00003613 msg="event_id=behavior-3613 step=5"
ts=1735820233 level=info service=queue-worker host=host-03.example trace_id=trace-behavior-00003614 msg="event_id=behavior-3614 step=6"
ts=1735820305 level=info service=queue-worker host=host-03.example trace_id=trace-behavior-00003617 msg="event_id=behavior-3617 step=9"
ts=1735820354 level=info service=queue-worker host=host-03.example trace_id=trace-behavior-00003619 msg="event_id=behavior-3619 step=0"
ts=1735820402 level=info service=queue-worker host=host-03.example trace_id=trace-behavior-00003621 msg="event_id=behavior-3621 step=2"
ts=1735820886 level=info service=queue-worker host=host-03.example trace_id=trace-behavior-00003641 msg="event_id=behavior-3641 step=0"
ts=1735820959 level=info service=queue-worker host=host-03.example trace_id=trace-behavior-00003644 msg="event_id=behavior-3644 step=3"
ts=1735820983 level=info service=queue-worker host=host-03.example trace_id=trace-behavior-00003645 msg="event_id=behavior-3645 step=4"
ts=1735821297 level=info service=queue-worker host=host-03.example trace_id=trace-behavior-00003658 msg="event_id=behavior-3658 step=6"
ts=1735821733 level=info service=queue-worker host=host-03.example trace_id=trace-behavior-00003676 msg="event_id=behavior-3676 step=2"
ts=1735821951 level=info service=queue-worker host=host-03.example trace_id=trace-behavior-00003685 msg="event_id=behavior-3685 step=0"
ts=1735822434 level=info service=queue-worker host=host-03.example trace_id=trace-behavior-00003705 msg="event_id=behavior-3705 step=9"
ts=1735822507 level=info service=queue-worker host=host-03.example trace_id=trace-behavior-00003708 msg="event_id=behavior-3708 step=1"
ts=1735822628 level=info service=queue-worker host=host-03.example trace_id=trace-behavior-00003713 msg="event_id=behavior-3713 step=6"
ts=1735822676 level=info service=queue-worker host=host-03.example trace_id=trace-behavior-00003715 msg="event_id=behavior-3715 step=8"
ts=1735822797 level=info service=queue-worker host=host-03.example trace_id=trace-behavior-00003720 msg="event_id=behavior-3720 step=2"
ts=1735822822 level=info service=queue-worker host=host-03.example trace_id=trace-behavior-00003721 msg="event_id=behavior-3721 step=3"
ts=1735822967 level=info service=queue-worker host=host-03.example trace_id=trace-behavior-00003727 msg="event_id=behavior-3727 step=9"
ts=1735823088 level=info service=queue-worker host=host-03.example trace_id=trace-behavior-00003732 msg="event_id=behavior-3732 step=3"
ts=1735823160 level=info service=queue-worker host=host-03.example trace_id=trace-behavior-00003735 msg="event_id=behavior-3735 step=6"
ts=1735823209 level=info service=queue-worker host=host-03.example trace_id=trace-behavior-00003737 msg="event_id=behavior-3737 step=8"
ts=1735823233 level=info service=queue-worker host=host-03.example trace_id=trace-behavior-00003738 msg="event_id=behavior-3738 step=9"
ts=1735823305 level=info service=queue-worker host=host-03.example trace_id=trace-behavior-00003741 msg="event_id=behavior-3741 step=1"
ts=1735823402 level=info service=queue-worker host=host-03.example trace_id=trace-behavior-00003745 msg="event_id=behavior-3745 step=5"
ts=1735823451 level=info service=queue-worker host=host-03.example trace_id=trace-behavior-00003747 msg="event_id=behavior-3747 step=7"
ts=1735823596 level=debug service=queue-worker host=host-03.example trace_id=trace-behavior-00003753 msg="event_id=behavior-3753 step=2"
ts=1735823741 level=info service=queue-worker host=host-03.example trace_id=trace-behavior-00003759 msg="event_id=behavior-3759 step=8"
ts=1735824007 level=info service=queue-worker host=host-03.example trace_id=trace-behavior-00003770 msg="event_id=behavior-3770 step=8"
ts=1735824152 level=info service=queue-worker host=host-03.example trace_id=trace-behavior-00003776 msg="event_id=behavior-3776 step=3"
ts=1735824442 level=info service=queue-worker host=host-03.example trace_id=trace-behavior-00003788 msg="event_id=behavior-3788 step=4"
ts=1735824467 level=info service=queue-worker host=host-03.example trace_id=trace-behavior-00003789 msg="event_id=behavior-3789 step=5"
ts=1735824491 level=info service=queue-worker host=host-03.example trace_id=trace-behavior-00003790 msg="event_id=behavior-3790 step=6"
ts=1735824515 level=info service=queue-worker host=host-03.example trace_id=trace-behavior-00003791 msg="event_id=behavior-3791 step=7"
ts=1735824563 level=info service=queue-worker host=host-03.example trace_id=trace-behavior-00003793 msg="event_id=behavior-3793 step=9"
ts=1735824636 level=info service=queue-worker host=host-03.example trace_id=trace-behavior-00003796 msg="event_id=behavior-3796 step=1"
ts=1735824684 level=error service=queue-worker host=host-03.example trace_id=trace-behavior-00003798 msg="event_id=behavior-3798 step=3"
ts=1735824757 level=info service=queue-worker host=host-03.example trace_id=trace-behavior-00003801 msg="event_id=behavior-3801 STACK_TRACE_SENTINEL failure in handler\n    at lab_module_handler(file=example_rs line=41)\n    at lab_module_dispatch(file=example_rs line=11)\nCaused by: simulated timeout after 301ms"
ts=1735824781 level=info service=queue-worker host=host-03.example trace_id=trace-behavior-00003802 msg="event_id=behavior-3802 LONG_JSON_SENTINEL payload=xxxxxxxxxxxxxxxxxxxxxxxxxxxxxxxxxxxxxxxxxxxxxxxxxxxxxxxxxxxxxxxxxxxxxxxxxxxxxxxxxxxxxxxxxxxxxxxxxxxxxxxxxxxxxxxxxxxxxxxxxxxxxxxxxxxxxxxxxxxxxxxxxxxxxxxxxxxxxxxxxxxxxxxxxxxxxxxxxxxxxxxxxxxxxxxxxxxxxxxxxxxxxxxxxxxxxxxxxxxxxxxxxxxxxxxxxxxxxxxxxxxxxxxxxxxxxxxxxxxxxxxxxxxxxxxxxxxxxxxxxxxxxxxxxxxxxxxxxxxxxxxxxxxxxxxxxxxxxxxxxxxxxxxxxxxxxxxxxxxxxxxxxxxxxxxxxxxxxxxxxxxxxxxxxxxxxxxxxxxxxxxxxxxxxxxxxxxxxxxxxx"
ts=1735824854 level=info service=queue-worker host=host-03.example trace_id=trace-behavior-00003805 msg="event_id=behavior-3805 step=10"
ts=1735825168 level=info service=queue-worker host=host-03.example trace_id=trace-behavior-00003818 msg="event_id=behavior-3818 step=1"
ts=1735825386 level=info service=queue-worker host=host-03.example trace_id=trace-behavior-00003827 msg="event_id=behavior-3827 step=10"
ts=1735825531 level=info service=queue-worker host=host-03.example trace_id=trace-behavior-00003833 msg="event_id=behavior-3833 step=5"
ts=1735825821 level=info service=queue-worker host=host-03.example trace_id=trace-behavior-00003845 msg="event_id=behavior-3845 step=6"
ts=1735825870 level=info service=queue-worker host=host-03.example trace_id=trace-behavior-00003847 msg="event_id=behavior-3847 step=8"
ts=1735826233 level=info service=queue-worker host=host-03.example trace_id=trace-behavior-00003862 msg="event_id=behavior-3862 step=1"
ts=1735826281 level=info service=queue-worker host=host-03.example trace_id=trace-behavior-00003864 msg="event_id=behavior-3864 step=3"
ts=1735826330 level=info service=queue-worker host=host-03.example trace_id=trace-behavior-00003866 msg="event_id=behavior-3866 step=5"
ts=1735826354 level=info service=queue-worker host=host-03.example trace_id=trace-behavior-00003867 msg="event_id=behavior-3867 step=6"
ts=1735826523 level=info service=queue-worker host=host-03.example trace_id=trace-behavior-00003874 msg="event_id=behavior-3874 step=2"
ts=1735826620 level=info service=queue-worker host=host-03.example trace_id=trace-behavior-00003878 msg="event_id=behavior-3878 step=6"
ts=1735826692 level=info service=queue-worker host=host-03.example trace_id=trace-behavior-00003881 msg="event_id=behavior-3881 step=9"
ts=1735826838 level=info service=queue-worker host=host-03.example trace_id=trace-behavior-00003887 msg="event_id=behavior-3887 step=4"
ts=1735827031 level=info service=queue-worker host=host-03.example trace_id=trace-behavior-00003895 msg="event_id=behavior-3895 step=1"
ts=1735827176 level=info service=queue-worker host=host-03.example trace_id=trace-behavior-00003901 msg="event_id=behavior-3901 LONG_JSON_SENTINEL payload=xxxxxxxxxxxxxxxxxxxxxxxxxxxxxxxxxxxxxxxxxxxxxxxxxxxxxxxxxxxxxxxxxxxxxxxxxxxxxxxxxxxxxxxxxxxxxxxxxxxxxxxxxxxxxxxxxxxxxxxxxxxxxxxxxxxxxxxxxxxxxxxxxxxxxxxxxxxxxxxxxxxxxxxxxxxxxxxxxxxxxxxxxxxxxxxxxxxxxxxxxxxxxxxxxxxxxxxxxxxxxxxxxxxxxxxxxxxxxxxxxxxxxxxxxxxxxxxxxxxxxxxxxxxxxxxxxxxxxxxxxxxxxxxxxxxxxxxxxxxxxxxxxxxxxxxxxxxxxxxxxxxxxxxxxxxxxxxxxxxxxxxxxxxxxxxxxxxxxxxxxxxxxxxxxxxxxxxxxxxxxxxxxxxxxxxxxxxxxxxxxxxxxxxxxxxxxxxxxxxxxxxxxxxxxxxxxxxxxxxxxxxxxxxxxxxxxxxxxxxxxxxxxxxxxxxxxxxxxxxxxxxxxxxxxxxxxxxxxxxxx"
ts=1735827442 level=info service=queue-worker host=host-03.example trace_id=trace-behavior-00003912 msg="event_id=behavior-3912 step=7"
ts=1735827684 level=info service=queue-worker host=host-03.example trace_id=trace-behavior-00003922 msg="event_id=behavior-3922 step=6"
ts=1735827709 level=debug service=queue-worker host=host-03.example trace_id=trace-behavior-00003923 msg="event_id=behavior-3923 step=7"
ts=1735827781 level=info service=queue-worker host=host-03.example trace_id=trace-behavior-00003926 msg="event_id=behavior-3926 step=10"
ts=1735827829 level=info service=queue-worker host=host-03.example trace_id=trace-behavior-00003928 msg="event_id=behavior-3928 step=1"
ts=1735827878 level=info service=queue-worker host=host-03.example trace_id=trace-behavior-00003930 msg="event_id=behavior-3930 step=3"
ts=1735827926 level=info service=queue-worker host=host-03.example trace_id=trace-behavior-00003932 msg="event_id=behavior-3932 step=5"
ts=1735827950 level=info service=queue-worker host=host-03.example trace_id=trace-behavior-00003933 msg="event_id=behavior-3933 step=6"
ts=1735828096 level=debug service=queue-worker host=host-03.example trace_id=trace-behavior-00003939 msg="event_id=behavior-3939 step=1"
ts=1735828144 level=info service=queue-worker host=host-03.example trace_id=trace-behavior-00003941 msg="event_id=behavior-3941 step=3"
ts=1735828338 level=info service=queue-worker host=host-03.example trace_id=trace-behavior-00003949 msg="event_id=behavior-3949 step=0"
ts=1735828458 level=info service=queue-worker host=host-03.example trace_id=trace-behavior-00003954 msg="event_id=behavior-3954 step=5"
ts=1735828531 level=info service=queue-worker host=host-03.example trace_id=trace-behavior-00003957 msg="event_id=behavior-3957 step=8"
ts=1735828700 level=info service=queue-worker host=host-03.example trace_id=trace-behavior-00003964 msg="event_id=behavior-3964 step=4"
ts=1735828870 level=info service=queue-worker host=host-03.example trace_id=trace-behavior-00003971 msg="event_id=behavior-3971 step=0"
ts=1735829015 level=warn service=queue-worker host=host-03.example trace_id=trace-behavior-00003977 msg="event_id=behavior-3977 step=6"
ts=1735829039 level=info service=queue-worker host=host-03.example trace_id=trace-behavior-00003978 msg="event_id=behavior-3978 step=7"
ts=1735829088 level=info service=queue-worker host=host-03.example trace_id=trace-behavior-00003980 msg="event_id=behavior-3980 step=9"
ts=1735829112 level=info service=queue-worker host=host-03.example trace_id=trace-behavior-00003981 msg="event_id=behavior-3981 step=10"
ts=1735829281 level=info service=queue-worker host=host-03.example trace_id=trace-behavior-00003988 msg="event_id=behavior-3988 step=6"
ts=1735829499 level=info service=queue-worker host=host-03.example trace_id=trace-behavior-00003997 msg="event_id=behavior-3997 step=4"
ts=1735829644 level=info service=queue-worker host=host-03.example trace_id=trace-behavior-00004003 msg="event_id=behavior-4003 LONG_JSON_SENTINEL payload=xxxxxxxxxxxxxxxxxxxxxxxxxxxxxxxxxxxxxxxxxxxxxxxxxxxxxxxxxxxxxxxxxxxxxxxxxxxxxxxxxxxxxxxxxxxxxxxxxxxxxxxxxxxxxxxxxxxxxxxxxxxxxxxxxxxxxxxxxxxxxxxxxxxxxxxxxxxxxxxxxxxxxxxxxxxxxxxxxxxxxxxxxxxxxxxxxxxxxxxxxxxxxxxxxxxxxxxxxxxxxxxxxxxxxxxxxxxxxxxxxxxxxxxxxxxxxxxxxxxxxxxxxxxxxxxxxxxxxxxxxxxxxxxxxxxxxxxxxxxxxxxxxxxxxxxxxxxxxxxxxxxxxxxxxxxxxxxxxxxxxxxxxxxxxxxxxxxxxxxxxxxxxxxxxxxxxxxxxxxxxxxxxxxxxxxxxxxxxxxxxxx"
ts=1735829692 level=info service=queue-worker host=host-03.example trace_id=trace-behavior-00004005 msg="event_id=behavior-4005 step=1"
ts=1735829765 level=info service=queue-worker host=host-03.example trace_id=trace-behavior-00004008 msg="event_id=behavior-4008 step=4"
ts=1735829813 level=info service=queue-worker host=host-03.example trace_id=trace-behavior-00004010 msg="event_id=behavior-4010 step=6"
ts=1735829934 level=info service=queue-worker host=host-03.example trace_id=trace-behavior-00004015 msg="event_id=behavior-4015 step=0"
ts=1735830031 level=info service=queue-worker host=host-03.example trace_id=trace-behavior-00004019 msg="event_id=behavior-4019 step=4"
ts=1735830176 level=info service=queue-worker host=host-03.example trace_id=trace-behavior-00004025 msg="event_id=behavior-4025 step=10"
ts=1735830225 level=info service=queue-worker host=host-03.example trace_id=trace-behavior-00004027 msg="event_id=behavior-4027 step=1"
ts=1735830321 level=info service=queue-worker host=host-03.example trace_id=trace-behavior-00004031 msg="event_id=behavior-4031 step=5"
ts=1735830467 level=info service=queue-worker host=host-03.example trace_id=trace-behavior-00004037 msg="event_id=behavior-4037 step=0"
ts=1735830563 level=info service=queue-worker host=host-03.example trace_id=trace-behavior-00004041 msg="event_id=behavior-4041 step=4"
ts=1735830612 level=info service=queue-worker host=host-03.example trace_id=trace-behavior-00004043 msg="event_id=behavior-4043 step=6"
ts=1735830684 level=info service=queue-worker host=host-03.example trace_id=trace-behavior-00004046 msg="event_id=behavior-4046 step=9"
ts=1735830829 level=info service=queue-worker host=host-03.example trace_id=trace-behavior-00004052 msg="event_id=behavior-4052 step=4"
ts=1735830975 level=info service=queue-worker host=host-03.example trace_id=trace-behavior-00004058 msg="event_id=behavior-4058 step=10"
ts=1735831023 level=info service=queue-worker host=host-03.example trace_id=trace-behavior-00004060 msg="event_id=behavior-4060 step=1"
ts=1735831047 level=info service=queue-worker host=host-03.example trace_id=trace-behavior-00004061 msg="event_id=behavior-4061 step=2"
ts=1735831241 level=info service=queue-worker host=host-03.example trace_id=trace-behavior-00004069 msg="event_id=behavior-4069 step=10"
ts=1735831749 level=info service=queue-worker host=host-03.example trace_id=trace-behavior-00004090 msg="event_id=behavior-4090 step=9"
ts=1735831870 level=info service=queue-worker host=host-03.example trace_id=trace-behavior-00004095 msg="event_id=behavior-4095 step=3"
ts=1735831894 level=info service=queue-worker host=host-03.example trace_id=trace-behavior-00004096 msg="event_id=behavior-4096 step=4"
ts=1735832015 level=info service=queue-worker host=host-03.example trace_id=trace-behavior-00004101 msg="event_id=behavior-4101 STACK_TRACE_SENTINEL failure in handler\n    at lab_module_handler(file=example_rs line=41)\n    at lab_module_dispatch(file=example_rs line=11)\nCaused by: simulated timeout after 601ms"
ts=1735832136 level=info service=queue-worker host=host-03.example trace_id=trace-behavior-00004106 msg="event_id=behavior-4106 step=3"
ts=1735832426 level=info service=queue-worker host=host-03.example trace_id=trace-behavior-00004118 msg="event_id=behavior-4118 step=4"
ts=1735832450 level=info service=queue-worker host=host-03.example trace_id=trace-behavior-00004119 msg="event_id=behavior-4119 step=5"
ts=1735832547 level=info service=queue-worker host=host-03.example trace_id=trace-behavior-00004123 msg="event_id=behavior-4123 step=9"
ts=1735832668 level=info service=queue-worker host=host-03.example trace_id=trace-behavior-00004128 msg="event_id=behavior-4128 step=3"
ts=1735832741 level=info service=queue-worker host=host-03.example trace_id=trace-behavior-00004131 msg="event_id=behavior-4131 step=6"
ts=1735832765 level=info service=queue-worker host=host-03.example trace_id=trace-behavior-00004132 msg="event_id=behavior-4132 step=7"
ts=1735832789 level=info service=queue-worker host=host-03.example trace_id=trace-behavior-00004133 msg="event_id=behavior-4133 step=8"
ts=1735832934 level=info service=queue-worker host=host-03.example trace_id=trace-behavior-00004139 msg="event_id=behavior-4139 step=3"
ts=1735832958 level=info service=queue-worker host=host-03.example trace_id=trace-behavior-00004140 msg="event_id=behavior-4140 step=4"
ts=1735833079 level=info service=queue-worker host=host-03.example trace_id=trace-behavior-00004145 msg="event_id=behavior-4145 step=9"
ts=1735833152 level=info service=queue-worker host=host-03.example trace_id=trace-behavior-00004148 msg="event_id=behavior-4148 step=1"
ts=1735833708 level=warn service=queue-worker host=host-03.example trace_id=trace-behavior-00004171 msg="event_id=behavior-4171 step=2"
ts=1735833733 level=info service=queue-worker host=host-03.example trace_id=trace-behavior-00004172 msg="event_id=behavior-4172 step=3"
ts=1735833757 level=info service=queue-worker host=host-03.example trace_id=trace-behavior-00004173 msg="event_id=behavior-4173 step=4"
ts=1735833781 level=info service=queue-worker host=host-03.example trace_id=trace-behavior-00004174 msg="event_id=behavior-4174 step=5"
ts=1735833805 level=info service=queue-worker host=host-03.example trace_id=trace-behavior-00004175 msg="event_id=behavior-4175 step=6"
ts=1735833854 level=info service=queue-worker host=host-03.example trace_id=trace-behavior-00004177 msg="event_id=behavior-4177 step=8"
ts=1735833878 level=info service=queue-worker host=host-03.example trace_id=trace-behavior-00004178 msg="event_id=behavior-4178 step=9"
ts=1735834120 level=info service=queue-worker host=host-03.example trace_id=trace-behavior-00004188 msg="event_id=behavior-4188 step=8"
ts=1735834386 level=info service=queue-worker host=host-03.example trace_id=trace-behavior-00004199 msg="event_id=behavior-4199 step=8"
ts=1735834458 level=info service=queue-worker host=host-03.example trace_id=trace-behavior-00004202 msg="event_id=behavior-4202 LONG_JSON_SENTINEL payload=xxxxxxxxxxxxxxxxxxxxxxxxxxxxxxxxxxxxxxxxxxxxxxxxxxxxxxxxxxxxxxxxxxxxxxxxxxxxxxxxxxxxxxxxxxxxxxxxxxxxxxxxxxxxxxxxxxxxxxxxxxxxxxxxxxxxxxxxxxxxxxxxxxxxxxxxxxxxxxxxxxxxxxxxxxxxxxxxxxxxxxxxxxxxxxxxxxxxxxxxxxxxxxxxxxxxxxxxxxxxxxxxxxxxxxxxxxxxxxxxxxxxxxxxxxxxxxxxxxxxxxxxxxxxxxxxxxxxxxxxxxxxxxxxxxxxxxxxxxxxxxxxxxxxxxxxxxxxxxxxxxxxxxxxxxxxxxxxxxxxxxxxxxxxxxxxxxxxxxxxxxxxxxxxxxxxxxxxxxxxxxxxxxxxxxxxxxxxxxxxxx"
ts=1735834700 level=info service=queue-worker host=host-03.example trace_id=trace-behavior-00004212 msg="event_id=behavior-4212 step=10"
ts=1735834845 level=info service=queue-worker host=host-03.example trace_id=trace-behavior-00004218 msg="event_id=behavior-4218 step=5"
ts=1735835015 level=info service=queue-worker host=host-03.example trace_id=trace-behavior-00004225 msg="event_id=behavior-4225 step=1"
ts=1735835160 level=info service=queue-worker host=host-03.example trace_id=trace-behavior-00004231 msg="event_id=behavior-4231 step=7"
ts=1735835837 level=info service=queue-worker host=host-03.example trace_id=trace-behavior-00004259 msg="event_id=behavior-4259 step=2"
ts=1735835983 level=info service=queue-worker host=host-03.example trace_id=trace-behavior-00004265 msg="event_id=behavior-4265 step=8"
ts=1735836878 level=info service=queue-worker host=host-03.example trace_id=trace-behavior-00004302 msg="event_id=behavior-4302 STACK_TRACE_SENTINEL failure in handler\n    at lab_module_handler(file=example_rs line=42)\n    at lab_module_dispatch(file=example_rs line=12)\nCaused by: simulated timeout after 802ms"
ts=1735836902 level=info service=queue-worker host=host-03.example trace_id=trace-behavior-00004303 msg="event_id=behavior-4303 LONG_JSON_SENTINEL payload=xxxxxxxxxxxxxxxxxxxxxxxxxxxxxxxxxxxxxxxxxxxxxxxxxxxxxxxxxxxxxxxxxxxxxxxxxxxxxxxxxxxxxxxxxxxxxxxxxxxxxxxxxxxxxxxxxxxxxxxxxxxxxxxxxxxxxxxxxxxxxxxxxxxxxxxxxxxxxxxxxxxxxxxxxxxxxxxxxxxxxxxxxxxxxxxxxxxxxxxxxxxxxxxxxxxxxxxxxxxxxxxxxxxxxxxxxxxxxxxxxxxxxxxxxxxxxxxxxxxxxxxxxxxxxxxxxxxxxxxxxxxxxxxxxxxxxxxxxxxxxxxxxxxxxxxxxxxxxxxxxxxxxxxxxxxxxxxxxxxxxxxxxxxxxxxxxxxxxxxxxxxxxxxxxxxxxxxxxxxxxxxxxxxxxxxxxxxxxxxxxxxxxxxxxxxxxxxxxxxxxxxxxxxxxxxxxxxxxxxxxxxxxxxxxxxxxxxxxxxxxxxxxxxxxxxxxxxxxxxxxxxxxxxxxxxxxxxxxxxxxxx"
ts=1735836974 level=info service=queue-worker host=host-03.example trace_id=trace-behavior-00004306 msg="event_id=behavior-4306 step=5"
ts=1735837144 level=info service=queue-worker host=host-03.example trace_id=trace-behavior-00004313 msg="event_id=behavior-4313 step=1"
ts=1735837216 level=info service=queue-worker host=host-03.example trace_id=trace-behavior-00004316 msg="event_id=behavior-4316 step=4"
ts=1735837482 level=info service=queue-worker host=host-03.example trace_id=trace-behavior-00004327 msg="event_id=behavior-4327 step=4"
ts=1735837749 level=debug service=queue-worker host=host-03.example trace_id=trace-behavior-00004338 msg="event_id=behavior-4338 step=4"
ts=1735837773 level=info service=queue-worker host=host-03.example trace_id=trace-behavior-00004339 msg="event_id=behavior-4339 step=5"
ts=1735837845 level=info service=queue-worker host=host-03.example trace_id=trace-behavior-00004342 msg="event_id=behavior-4342 step=8"
ts=1735837870 level=info service=queue-worker host=host-03.example trace_id=trace-behavior-00004343 msg="event_id=behavior-4343 step=9"
ts=1735838184 level=info service=queue-worker host=host-03.example trace_id=trace-behavior-00004356 msg="event_id=behavior-4356 step=0"
ts=1735838232 level=info service=queue-worker host=host-03.example trace_id=trace-behavior-00004358 msg="event_id=behavior-4358 step=2"
ts=1735838499 level=info service=queue-worker host=host-03.example trace_id=trace-behavior-00004369 msg="event_id=behavior-4369 step=2"
ts=1735838571 level=info service=queue-worker host=host-03.example trace_id=trace-behavior-00004372 msg="event_id=behavior-4372 step=5"
ts=1735839055 level=info service=queue-worker host=host-03.example trace_id=trace-behavior-00004392 msg="event_id=behavior-4392 step=3"
ts=1735839176 level=info service=queue-worker host=host-03.example trace_id=trace-behavior-00004397 msg="event_id=behavior-4397 step=8"
ts=1735839224 level=info service=queue-worker host=host-03.example trace_id=trace-behavior-00004399 msg="event_id=behavior-4399 step=10"
ts=1735839297 level=info service=queue-worker host=host-03.example trace_id=trace-behavior-00004402 msg="event_id=behavior-4402 LONG_JSON_SENTINEL payload=xxxxxxxxxxxxxxxxxxxxxxxxxxxxxxxxxxxxxxxxxxxxxxxxxxxxxxxxxxxxxxxxxxxxxxxxxxxxxxxxxxxxxxxxxxxxxxxxxxxxxxxxxxxxxxxxxxxxxxxxxxxxxxxxxxxxxxxxxxxxxxxxxxxxxxxxxxxxxxxxxxxxxxxxxxxxxxxxxxxxxxxxxxxxxxxxxxxxxxxxxxxxxxxxxxxxxxxxxxxxxxxxxxxxxxxxxxxxxxxxxxxxxxxxxxxxxxxxxxxxxxxxxxxxxxxxxxxxxxxxxxxxxxxxxxxxxxxxxxxxxxxxxxxxxxxxxxxxxxxxxxxxxxxxxxxxxxxxxxxxxxxxxxxxxxxxxxxxxxxxxxxxxxxxxxxxxxxxxxxxxxxxxxxxxxxxxxxxxxxxxx"
ts=1735839394 level=info service=queue-worker host=host-03.example trace_id=trace-behavior-00004406 msg="event_id=behavior-4406 step=6"
ts=1735839490 level=info service=queue-worker host=host-03.example trace_id=trace-behavior-00004410 msg="event_id=behavior-4410 step=10"
ts=1735839684 level=debug service=queue-worker host=host-03.example trace_id=trace-behavior-00004418 msg="event_id=behavior-4418 step=7"
ts=1735839708 level=info service=queue-worker host=host-03.example trace_id=trace-behavior-00004419 msg="event_id=behavior-4419 step=8"
ts=1735839926 level=info service=queue-worker host=host-03.example trace_id=trace-behavior-00004428 msg="event_id=behavior-4428 step=6"
ts=1735840047 level=info service=queue-worker host=host-03.example trace_id=trace-behavior-00004433 msg="event_id=behavior-4433 step=0"
ts=1735840071 level=info service=queue-worker host=host-03.example trace_id=trace-behavior-00004434 msg="event_id=behavior-4434 step=1"
ts=1735840265 level=info service=queue-worker host=host-03.example trace_id=trace-behavior-00004442 msg="event_id=behavior-4442 step=9"
ts=1735840289 level=info service=queue-worker host=host-03.example trace_id=trace-behavior-00004443 msg="event_id=behavior-4443 step=10"
ts=1735840386 level=info service=queue-worker host=host-03.example trace_id=trace-behavior-00004447 msg="event_id=behavior-4447 step=3"
ts=1735840410 level=info service=queue-worker host=host-03.example trace_id=trace-behavior-00004448 msg="event_id=behavior-4448 step=4"
ts=1735840579 level=info service=queue-worker host=host-03.example trace_id=trace-behavior-00004455 msg="event_id=behavior-4455 step=0"
ts=1735840676 level=info service=queue-worker host=host-03.example trace_id=trace-behavior-00004459 msg="event_id=behavior-4459 step=4"
ts=1735840821 level=info service=queue-worker host=host-03.example trace_id=trace-behavior-00004465 msg="event_id=behavior-4465 step=10"
ts=1735840894 level=info service=queue-worker host=host-03.example trace_id=trace-behavior-00004468 msg="event_id=behavior-4468 step=2"
ts=1735841015 level=info service=queue-worker host=host-03.example trace_id=trace-behavior-00004473 msg="event_id=behavior-4473 step=7"
ts=1735841208 level=info service=queue-worker host=host-03.example trace_id=trace-behavior-00004481 msg="event_id=behavior-4481 step=4"
ts=1735841571 level=info service=queue-worker host=host-03.example trace_id=trace-behavior-00004496 msg="event_id=behavior-4496 step=8"
ts=1735841692 level=info service=queue-worker host=host-03.example trace_id=trace-behavior-00004501 msg="event_id=behavior-4501 LONG_JSON_SENTINEL payload=xxxxxxxxxxxxxxxxxxxxxxxxxxxxxxxxxxxxxxxxxxxxxxxxxxxxxxxxxxxxxxxxxxxxxxxxxxxxxxxxxxxxxxxxxxxxxxxxxxxxxxxxxxxxxxxxxxxxxxxxxxxxxxxxxxxxxxxxxxxxxxxxxxxxxxxxxxxxxxxxxxxxxxxxxxxxxxxxxxxxxxxxxxxxxxxxxxxxxxxxxxxxxxxxxxxxxxxxxxxxxxxxxxxxxxxxxxxxxxxxxxxxxxxxxxxxxxxxxxxxxxxxxxxxxxxxxxxxxxxxxxxxxxxxxxxxxxxxxxxxxxxxxxxxxxxxxxxxxxxxxxxxxxxxxxxxxxxxxxxxxxxxxxxxxxxxxxxxxxxxxxxxxxxxxxxxxxxxxxxxxxxxxxxxxxxxxxxxxxxxxxxxxxxxxxxxxxxxxxxxxxxxxxxxxxxxxxxxxxxxxxxxxxxxxxxxxxxxxxxxxxxxxxxxxxxxxxxxxxxxxxxxxxxxxxxxxxxxxxxxx"
ts=1735841813 level=info service=queue-worker host=host-03.example trace_id=trace-behavior-00004506 msg="event_id=behavior-4506 step=7"
ts=1735841837 level=info service=queue-worker host=host-03.example trace_id=trace-behavior-00004507 msg="event_id=behavior-4507 step=8"
ts=1735841886 level=info service=queue-worker host=host-03.example trace_id=trace-behavior-00004509 msg="event_id=behavior-4509 step=10"
ts=1735841910 level=info service=queue-worker host=host-03.example trace_id=trace-behavior-00004510 msg="event_id=behavior-4510 step=0"
ts=1735842200 level=info service=queue-worker host=host-03.example trace_id=trace-behavior-00004522 msg="event_id=behavior-4522 step=1"
ts=1735842273 level=info service=queue-worker host=host-03.example trace_id=trace-behavior-00004525 msg="event_id=behavior-4525 step=4"
ts=1735842515 level=info service=queue-worker host=host-03.example trace_id=trace-behavior-00004535 msg="event_id=behavior-4535 step=3"
ts=1735842563 level=info service=queue-worker host=host-03.example trace_id=trace-behavior-00004537 msg="event_id=behavior-4537 step=5"
ts=1735843216 level=info service=queue-worker host=host-03.example trace_id=trace-behavior-00004564 msg="event_id=behavior-4564 step=10"
ts=1735843313 level=info service=queue-worker host=host-03.example trace_id=trace-behavior-00004568 msg="event_id=behavior-4568 step=3"
ts=1735843386 level=info service=queue-worker host=host-03.example trace_id=trace-behavior-00004571 msg="event_id=behavior-4571 step=6"
ts=1735843410 level=info service=queue-worker host=host-03.example trace_id=trace-behavior-00004572 msg="event_id=behavior-4572 step=7"
ts=1735843482 level=info service=queue-worker host=host-03.example trace_id=trace-behavior-00004575 msg="event_id=behavior-4575 step=10"
ts=1735843507 level=info service=queue-worker host=host-03.example trace_id=trace-behavior-00004576 msg="event_id=behavior-4576 step=0"
ts=1735843918 level=info service=queue-worker host=host-03.example trace_id=trace-behavior-00004593 msg="event_id=behavior-4593 step=6"
ts=1735844111 level=info service=queue-worker host=host-03.example trace_id=trace-behavior-00004601 msg="event_id=behavior-4601 LONG_JSON_SENTINEL payload=xxxxxxxxxxxxxxxxxxxxxxxxxxxxxxxxxxxxxxxxxxxxxxxxxxxxxxxxxxxxxxxxxxxxxxxxxxxxxxxxxxxxxxxxxxxxxxxxxxxxxxxxxxxxxxxxxxxxxxxxxxxxxxxxxxxxxxxxxxxxxxxxxxxxxxxxxxxxxxxxxxxxxxxxxxxxxxxxxxxxxxxxxxxxxxxxxxxxxxxxxxxxxxxxxxxxxxxxxxxxxxxxxxxxxxxxxxxxxxxxxxxxxxxxxxxxxxxxxxxxxxxxxxxxxxxxxxxxxxxxxxxxxxxxxxxxxxxxxxxxxxxxxxxxxxxxxxxxxxxxxxxxxxxxxxxxxxxxxxxxxxxxxxxxxxxxxxxxxxxxxxxxxxxxxxxxxxxxxxxxxxxxxxxxxxxxxxxxxxxxx"
ts=1735844232 level=info service=queue-worker host=host-03.example trace_id=trace-behavior-00004606 msg="event_id=behavior-4606 step=8"
ts=1735844523 level=debug service=queue-worker host=host-03.example trace_id=trace-behavior-00004618 msg="event_id=behavior-4618 step=9"
ts=1735844595 level=info service=queue-worker host=host-03.example trace_id=trace-behavior-00004621 msg="event_id=behavior-4621 step=1"
ts=1735844740 level=info service=queue-worker host=host-03.example trace_id=trace-behavior-00004627 msg="event_id=behavior-4627 step=7"
ts=1735844910 level=info service=queue-worker host=host-03.example trace_id=trace-behavior-00004634 msg="event_id=behavior-4634 step=3"
ts=1735845031 level=info service=queue-worker host=host-03.example trace_id=trace-behavior-00004639 msg="event_id=behavior-4639 step=8"
ts=1735845176 level=info service=queue-worker host=host-03.example trace_id=trace-behavior-00004645 msg="event_id=behavior-4645 step=3"
ts=1735845418 level=info service=queue-worker host=host-03.example trace_id=trace-behavior-00004655 msg="event_id=behavior-4655 step=2"
ts=1735845563 level=info service=queue-worker host=host-03.example trace_id=trace-behavior-00004661 msg="event_id=behavior-4661 step=8"
ts=1735845587 level=info service=queue-worker host=host-03.example trace_id=trace-behavior-00004662 msg="event_id=behavior-4662 STACK_TRACE_SENTINEL failure in handler marker=STACK_TRACE_SENTINEL\n    at lab_module_handler(file=example_rs line=42)\n    at lab_module_dispatch(file=example_rs line=12)\nCaused by: simulated timeout after 262ms"
ts=1735845781 level=info service=queue-worker host=host-03.example trace_id=trace-behavior-00004670 msg="event_id=behavior-4670 step=6"
ts=1735845926 level=info service=queue-worker host=host-03.example trace_id=trace-behavior-00004676 msg="event_id=behavior-4676 step=1"
ts=1735846071 level=info service=queue-worker host=host-03.example trace_id=trace-behavior-00004682 msg="event_id=behavior-4682 step=7"
ts=1735846095 level=info service=queue-worker host=host-03.example trace_id=trace-behavior-00004683 msg="event_id=behavior-4683 step=8"
ts=1735846168 level=info service=queue-worker host=host-03.example trace_id=trace-behavior-00004686 msg="event_id=behavior-4686 step=0"
ts=1735846265 level=info service=queue-worker host=host-03.example trace_id=trace-behavior-00004690 msg="event_id=behavior-4690 step=4"
ts=1735846458 level=info service=queue-worker host=host-03.example trace_id=trace-behavior-00004698 msg="event_id=behavior-4698 step=1"
ts=1735846579 level=info service=queue-worker host=host-03.example trace_id=trace-behavior-00004703 msg="event_id=behavior-4703 LONG_JSON_SENTINEL payload=xxxxxxxxxxxxxxxxxxxxxxxxxxxxxxxxxxxxxxxxxxxxxxxxxxxxxxxxxxxxxxxxxxxxxxxxxxxxxxxxxxxxxxxxxxxxxxxxxxxxxxxxxxxxxxxxxxxxxxxxxxxxxxxxxxxxxxxxxxxxxxxxxxxxxxxxxxxxxxxxxxxxxxxxxxxxxxxxxxxxxxxxxxxxxxxxxxxxxxxxxxxxxxxxxxxxxxxxxxxxxxxxxxxxxxxxxxxxxxxxxxxxxxxxxxxxxxxxxxxxxxxxxxxxxxxxxxxxxxxxxxxxxxxxxxxxxxxxxxxxxxxxxxxxxxxxxxxxxxxxxxxxxxxxxxxxxxxxxxxxxxxxxxxxxxxxxxxxxxxxxxxxxxxxxxxxxxxxxxxxxxxxxxxxxxxxxxxxxxxxxxxxxxxxxxxxxxxxxxxxxxxxxxxxxxxxxxxxxxxxxxxxxxxxxxxxxxxxxxxxxxxxxxxxxxxxxxxxxxxxxxxxxxxxxxxxxxxxxxxxxxx"
ts=1735846603 level=info service=queue-worker host=host-03.example trace_id=trace-behavior-00004704 msg="event_id=behavior-4704 step=7"
ts=1735846724 level=info service=queue-worker host=host-03.example trace_id=trace-behavior-00004709 msg="event_id=behavior-4709 step=1"
ts=1735846797 level=info service=queue-worker host=host-03.example trace_id=trace-behavior-00004712 msg="event_id=behavior-4712 step=4"
ts=1735846918 level=info service=queue-worker host=host-03.example trace_id=trace-behavior-00004717 msg="event_id=behavior-4717 step=9"
ts=1735847015 level=info service=queue-worker host=host-03.example trace_id=trace-behavior-00004721 msg="event_id=behavior-4721 step=2"
ts=1735847063 level=info service=queue-worker host=host-03.example trace_id=trace-behavior-00004723 msg="event_id=behavior-4723 step=4"
ts=1735847474 level=info service=queue-worker host=host-03.example trace_id=trace-behavior-00004740 msg="event_id=behavior-4740 step=10"
ts=1735847644 level=info service=queue-worker host=host-03.example trace_id=trace-behavior-00004747 msg="event_id=behavior-4747 step=6"
ts=1735847789 level=warn service=queue-worker host=host-03.example trace_id=trace-behavior-00004753 msg="event_id=behavior-4753 step=1"
ts=1735847910 level=info service=queue-worker host=host-03.example trace_id=trace-behavior-00004758 msg="event_id=behavior-4758 step=6"
ts=1735848079 level=info service=queue-worker host=host-03.example trace_id=trace-behavior-00004765 msg="event_id=behavior-4765 step=2"
ts=1735848103 level=info service=queue-worker host=host-03.example trace_id=trace-behavior-00004766 msg="event_id=behavior-4766 step=3"
ts=1735848273 level=info service=queue-worker host=host-03.example trace_id=trace-behavior-00004773 msg="event_id=behavior-4773 step=10"
ts=1735848321 level=info service=queue-worker host=host-03.example trace_id=trace-behavior-00004775 msg="event_id=behavior-4775 step=1"
ts=1735848345 level=info service=queue-worker host=host-03.example trace_id=trace-behavior-00004776 msg="event_id=behavior-4776 step=2"
ts=1735848611 level=info service=queue-worker host=host-03.example trace_id=trace-behavior-00004787 msg="event_id=behavior-4787 step=2"
ts=1735848635 level=info service=queue-worker host=host-03.example trace_id=trace-behavior-00004788 msg="event_id=behavior-4788 step=3"
ts=1735848805 level=info service=queue-worker host=host-03.example trace_id=trace-behavior-00004795 msg="event_id=behavior-4795 step=10"
ts=1735849168 level=info service=queue-worker host=host-03.example trace_id=trace-behavior-00004810 msg="event_id=behavior-4810 step=3"
ts=1735849434 level=info service=queue-worker host=host-03.example trace_id=trace-behavior-00004821 msg="event_id=behavior-4821 step=3"
ts=1735849555 level=info service=queue-worker host=host-03.example trace_id=trace-behavior-00004826 msg="event_id=behavior-4826 step=8"
ts=1735849748 level=info service=queue-worker host=host-03.example trace_id=trace-behavior-00004834 msg="event_id=behavior-4834 step=5"
ts=1735849966 level=info service=queue-worker host=host-03.example trace_id=trace-behavior-00004843 msg="event_id=behavior-4843 step=3"
ts=1735849990 level=info service=queue-worker host=host-03.example trace_id=trace-behavior-00004844 msg="event_id=behavior-4844 step=4"
ts=1735850063 level=info service=queue-worker host=host-03.example trace_id=trace-behavior-00004847 msg="event_id=behavior-4847 step=7"
ts=1735850135 level=warn service=queue-worker host=host-03.example trace_id=trace-behavior-00004850 msg="event_id=behavior-4850 step=10"
ts=1735850305 level=info service=queue-worker host=host-03.example trace_id=trace-behavior-00004857 msg="event_id=behavior-4857 step=6"
ts=1735850402 level=info service=queue-worker host=host-03.example trace_id=trace-behavior-00004861 msg="event_id=behavior-4861 step=10"
ts=1735850522 level=debug service=queue-worker host=host-03.example trace_id=trace-behavior-00004866 msg="event_id=behavior-4866 step=4"
ts=1735850547 level=info service=queue-worker host=host-03.example trace_id=trace-behavior-00004867 msg="event_id=behavior-4867 step=5"
ts=1735850910 level=info service=queue-worker host=host-03.example trace_id=trace-behavior-00004882 msg="event_id=behavior-4882 step=9"
ts=1735851055 level=info service=queue-worker host=host-03.example trace_id=trace-behavior-00004888 msg="event_id=behavior-4888 step=4"
ts=1735851127 level=info service=queue-worker host=host-03.example trace_id=trace-behavior-00004891 msg="event_id=behavior-4891 step=7"
ts=1735851321 level=info service=queue-worker host=host-03.example trace_id=trace-behavior-00004899 msg="event_id=behavior-4899 step=4"
ts=1735851466 level=info service=queue-worker host=host-03.example trace_id=trace-behavior-00004905 msg="event_id=behavior-4905 step=10"
ts=1735851539 level=info service=queue-worker host=host-03.example trace_id=trace-behavior-00004908 msg="event_id=behavior-4908 step=2"
ts=1735851611 level=info service=queue-worker host=host-03.example trace_id=trace-behavior-00004911 msg="event_id=behavior-4911 step=5"
ts=1735851635 level=info service=queue-worker host=host-03.example trace_id=trace-behavior-00004912 msg="event_id=behavior-4912 step=6"
ts=1735851684 level=info service=queue-worker host=host-03.example trace_id=trace-behavior-00004914 msg="event_id=behavior-4914 step=8"
ts=1735851853 level=info service=queue-worker host=host-03.example trace_id=trace-behavior-00004921 msg="event_id=behavior-4921 step=4"
ts=1735851950 level=info service=queue-worker host=host-03.example trace_id=trace-behavior-00004925 msg="event_id=behavior-4925 step=8"
ts=1735851974 level=info service=queue-worker host=host-03.example trace_id=trace-behavior-00004926 msg="event_id=behavior-4926 step=9"
ts=1735852216 level=info service=queue-worker host=host-03.example trace_id=trace-behavior-00004936 msg="event_id=behavior-4936 step=8"
ts=1735852361 level=info service=queue-worker host=host-03.example trace_id=trace-behavior-00004942 msg="event_id=behavior-4942 step=3"
ts=1735852555 level=info service=queue-worker host=host-03.example trace_id=trace-behavior-00004950 msg="event_id=behavior-4950 step=0"
ts=1735852797 level=info service=queue-worker host=host-03.example trace_id=trace-behavior-00004960 msg="event_id=behavior-4960 step=10"
ts=1735852990 level=info service=queue-worker host=host-03.example trace_id=trace-behavior-00004968 msg="event_id=behavior-4968 step=7"
ts=1735853063 level=info service=queue-worker host=host-03.example trace_id=trace-behavior-00004971 msg="event_id=behavior-4971 step=10"
ts=1735853208 level=info service=queue-worker host=host-03.example trace_id=trace-behavior-00004977 msg="event_id=behavior-4977 step=5"
ts=1735853280 level=info service=queue-worker host=host-03.example trace_id=trace-behavior-00004980 msg="event_id=behavior-4980 step=8"
ts=1735853329 level=info service=queue-worker host=host-03.example trace_id=trace-behavior-00004982 msg="event_id=behavior-4982 step=10"
ts=1735853377 level=info service=queue-worker host=host-03.example trace_id=trace-behavior-00004984 msg="event_id=behavior-4984 step=1"
ts=1735853498 level=info service=queue-worker host=host-03.example trace_id=trace-behavior-00004989 msg="event_id=behavior-4989 step=6"
ts=1735853764 level=info service=queue-worker host=host-03.example trace_id=trace-behavior-00005000 msg="event_id=behavior-5000 LONG_JSON_SENTINEL payload=xxxxxxxxxxxxxxxxxxxxxxxxxxxxxxxxxxxxxxxxxxxxxxxxxxxxxxxxxxxxxxxxxxxxxxxxxxxxxxxxxxxxxxxxxxxxxxxxxxxxxxxxxxxxxxxxxxxxxxxxxxxxxxxxxxxxxxxxxxxxxxxxxxxxxxxxxxxxxxxxxxxxxxxxxxxxxxxxxxxxxxxxxxxxxxxxxxxxxxxxxxxxxxxxxxxxxxxxxxxxxxxxxxxxxxxxxxxxxxxxxxxxxxxxxxxxxxxxxxxxxxxxxxxxxxxxxxxxxxxxxxxxxxxxxxxxxxxxxxxxxxxxxxxxxxxxxxxxxxxxxxxxxxxxxxxxxxxxxxxxxxxxxxxxxxxxxxxxxxxxxxxxxxxxxxxxxxxxxxxxxxxxxxxxxxxxxxxxxxxx"
ts=1735853764 level=info service=queue-worker host=host-03.example trace_id=trace-behavior-00005005 msg="event_id=behavior-5005 step=0"
ts=1735854732 level=info service=queue-worker host=host-03.example trace_id=trace-behavior-00005040 msg="event_id=behavior-5040 step=2"
ts=1735854998 level=info service=queue-worker host=host-03.example trace_id=trace-behavior-00005051 msg="event_id=behavior-5051 step=2"
ts=1735855095 level=info service=queue-worker host=host-03.example trace_id=trace-behavior-00005055 msg="event_id=behavior-5055 step=6"
ts=1735855143 level=info service=queue-worker host=host-03.example trace_id=trace-behavior-00005057 msg="event_id=behavior-5057 step=8"
ts=1735855216 level=info service=queue-worker host=host-03.example trace_id=trace-behavior-00005060 msg="event_id=behavior-5060 step=0"
ts=1735855530 level=info service=queue-worker host=host-03.example trace_id=trace-behavior-00005073 msg="event_id=behavior-5073 step=2"
ts=1735855966 level=info service=queue-worker host=host-03.example trace_id=trace-behavior-00005091 msg="event_id=behavior-5091 step=9"
ts=1735856256 level=info service=queue-worker host=host-03.example trace_id=trace-behavior-00005103 msg="event_id=behavior-5103 STACK_TRACE_SENTINEL failure in handler\n    at lab_module_handler(file=example_rs line=43)\n    at lab_module_dispatch(file=example_rs line=13)\nCaused by: simulated timeout after 703ms"
ts=1735856329 level=info service=queue-worker host=host-03.example trace_id=trace-behavior-00005106 msg="event_id=behavior-5106 step=2"
ts=1735856909 level=info service=queue-worker host=host-03.example trace_id=trace-behavior-00005130 msg="event_id=behavior-5130 step=4"
ts=1735856934 level=info service=queue-worker host=host-03.example trace_id=trace-behavior-00005131 msg="event_id=behavior-5131 step=5"
ts=1735857176 level=warn service=queue-worker host=host-03.example trace_id=trace-behavior-00005141 msg="event_id=behavior-5141 step=4"
ts=1735857272 level=info service=queue-worker host=host-03.example trace_id=trace-behavior-00005145 msg="event_id=behavior-5145 step=8"
ts=1735857853 level=info service=queue-worker host=host-03.example trace_id=trace-behavior-00005169 msg="event_id=behavior-5169 step=10"
ts=1735857974 level=info service=queue-worker host=host-03.example trace_id=trace-behavior-00005174 msg="event_id=behavior-5174 step=4"
ts=1735858095 level=info service=queue-worker host=host-03.example trace_id=trace-behavior-00005179 msg="event_id=behavior-5179 step=9"
ts=1735858869 level=debug service=queue-worker host=host-03.example trace_id=trace-behavior-00005211 msg="event_id=behavior-5211 step=8"
ts=1735859208 level=info service=queue-worker host=host-03.example trace_id=trace-behavior-00005225 msg="event_id=behavior-5225 step=0"
ts=1735859425 level=info service=queue-worker host=host-03.example trace_id=trace-behavior-00005234 msg="event_id=behavior-5234 step=9"
ts=1735859764 level=info service=queue-worker host=host-03.example trace_id=trace-behavior-00005248 msg="event_id=behavior-5248 step=1"
ts=1735860079 level=info service=queue-worker host=host-03.example trace_id=trace-behavior-00005261 msg="event_id=behavior-5261 step=3"
ts=1735860103 level=info service=queue-worker host=host-03.example trace_id=trace-behavior-00005262 msg="event_id=behavior-5262 step=4"
ts=1735860127 level=info service=queue-worker host=host-03.example trace_id=trace-behavior-00005263 msg="event_id=behavior-5263 step=5"
ts=1735860248 level=info service=queue-worker host=host-03.example trace_id=trace-behavior-00005268 msg="event_id=behavior-5268 step=10"
ts=1735860296 level=info service=queue-worker host=host-03.example trace_id=trace-behavior-00005270 msg="event_id=behavior-5270 step=1"
ts=1735860635 level=info service=queue-worker host=host-03.example trace_id=trace-behavior-00005284 msg="event_id=behavior-5284 step=4"
ts=1735860829 level=info service=queue-worker host=host-03.example trace_id=trace-behavior-00005292 msg="event_id=behavior-5292 step=1"
ts=1735861409 level=info service=queue-worker host=host-03.example trace_id=trace-behavior-00005316 msg="event_id=behavior-5316 step=3"
ts=1735861845 level=info service=queue-worker host=host-03.example trace_id=trace-behavior-00005334 msg="event_id=behavior-5334 step=10"
ts=1735861893 level=info service=queue-worker host=host-03.example trace_id=trace-behavior-00005336 msg="event_id=behavior-5336 step=1"
ts=1735862183 level=info service=queue-worker host=host-03.example trace_id=trace-behavior-00005348 msg="event_id=behavior-5348 step=2"
ts=1735862232 level=info service=queue-worker host=host-03.example trace_id=trace-behavior-00005350 msg="event_id=behavior-5350 step=4"
ts=1735862425 level=info service=queue-worker host=host-03.example trace_id=trace-behavior-00005358 msg="event_id=behavior-5358 step=1"
ts=1735862546 level=info service=queue-worker host=host-03.example trace_id=trace-behavior-00005363 msg="event_id=behavior-5363 step=6"
ts=1735863103 level=info service=queue-worker host=host-03.example trace_id=trace-behavior-00005386 msg="event_id=behavior-5386 step=7"
ts=1735863151 level=info service=queue-worker host=host-03.example trace_id=trace-behavior-00005388 msg="event_id=behavior-5388 step=9"
ts=1735863248 level=info service=queue-worker host=host-03.example trace_id=trace-behavior-00005392 msg="event_id=behavior-5392 step=2"
ts=1735863369 level=info service=queue-worker host=host-03.example trace_id=trace-behavior-00005397 msg="event_id=behavior-5397 step=7"
ts=1735863466 level=debug service=queue-worker host=host-03.example trace_id=trace-behavior-00005401 msg="event_id=behavior-5401 LONG_JSON_SENTINEL payload=xxxxxxxxxxxxxxxxxxxxxxxxxxxxxxxxxxxxxxxxxxxxxxxxxxxxxxxxxxxxxxxxxxxxxxxxxxxxxxxxxxxxxxxxxxxxxxxxxxxxxxxxxxxxxxxxxxxxxxxxxxxxxxxxxxxxxxxxxxxxxxxxxxxxxxxxxxxxxxxxxxxxxxxxxxxxxxxxxxxxxxxxxxxxxxxxxxxxxxxxxxxxxxxxxxxxxxxxxxxxxxxxxxxxxxxxxxxxxxxxxxxxxxxxxxxxxxxxxxxxxxxxxxxxxxxxxxxxxxxxxxxxxxxxxxxxxxxxxxxxxxxxxxxxxxxxxxxxxxxxxxxxxxxxxxxxxxxxxxxxxxxxxxxxxxxxxxxxxxxxxxxxxxxxxxxxxxxxxxxxxxxxxxxxxxxxxxxxxxxxx"
ts=1735863708 level=info service=queue-worker host=host-03.example trace_id=trace-behavior-00005411 msg="event_id=behavior-5411 step=10"
ts=1735863732 level=info service=queue-worker host=host-03.example trace_id=trace-behavior-00005412 msg="event_id=behavior-5412 step=0"
ts=1735863877 level=info service=queue-worker host=host-03.example trace_id=trace-behavior-00005418 msg="event_id=behavior-5418 step=6"
ts=1735863901 level=info service=queue-worker host=host-03.example trace_id=trace-behavior-00005419 msg="event_id=behavior-5419 step=7"
ts=1735863925 level=info service=queue-worker host=host-03.example trace_id=trace-behavior-00005420 msg="event_id=behavior-5420 step=8"
ts=1735863950 level=info service=queue-worker host=host-03.example trace_id=trace-behavior-00005421 msg="event_id=behavior-5421 step=9"
ts=1735864216 level=warn service=queue-worker host=host-03.example trace_id=trace-behavior-00005432 msg="event_id=behavior-5432 step=9"
ts=1735864458 level=info service=queue-worker host=host-03.example trace_id=trace-behavior-00005442 msg="event_id=behavior-5442 step=8"
ts=1735864700 level=info service=queue-worker host=host-03.example trace_id=trace-behavior-00005452 msg="event_id=behavior-5452 step=7"
ts=1735864724 level=info service=queue-worker host=host-03.example trace_id=trace-behavior-00005453 msg="event_id=behavior-5453 step=8"
ts=1735865111 level=info service=queue-worker host=host-03.example trace_id=trace-behavior-00005469 msg="event_id=behavior-5469 step=2"
ts=1735865135 level=info service=queue-worker host=host-03.example trace_id=trace-behavior-00005470 msg="event_id=behavior-5470 step=3"
ts=1735865232 level=info service=queue-worker host=host-03.example trace_id=trace-behavior-00005474 msg="event_id=behavior-5474 step=7"
ts=1735865256 level=info service=queue-worker host=host-03.example trace_id=trace-behavior-00005475 msg="event_id=behavior-5475 step=8"
ts=1735865329 level=info service=queue-worker host=host-03.example trace_id=trace-behavior-00005478 msg="event_id=behavior-5478 step=0"
ts=1735865353 level=info service=queue-worker host=host-03.example trace_id=trace-behavior-00005479 msg="event_id=behavior-5479 step=1"
ts=1735865401 level=info service=queue-worker host=host-03.example trace_id=trace-behavior-00005481 msg="event_id=behavior-5481 step=3"
ts=1735865425 level=info service=queue-worker host=host-03.example trace_id=trace-behavior-00005482 msg="event_id=behavior-5482 step=4"
ts=1735865716 level=info service=queue-worker host=host-03.example trace_id=trace-behavior-00005494 msg="event_id=behavior-5494 step=5"
ts=1735865740 level=info service=queue-worker host=host-03.example trace_id=trace-behavior-00005495 msg="event_id=behavior-5495 step=6"
ts=1735866127 level=info service=queue-worker host=host-03.example trace_id=trace-behavior-00005511 msg="event_id=behavior-5511 step=0"
ts=1735866272 level=info service=queue-worker host=host-03.example trace_id=trace-behavior-00005517 msg="event_id=behavior-5517 step=6"
ts=1735866466 level=info service=queue-worker host=host-03.example trace_id=trace-behavior-00005525 msg="event_id=behavior-5525 step=3"
ts=1735866562 level=warn service=queue-worker host=host-03.example trace_id=trace-behavior-00005529 msg="event_id=behavior-5529 step=7"
ts=1735866877 level=info service=queue-worker host=host-03.example trace_id=trace-behavior-00005542 msg="event_id=behavior-5542 step=9"
ts=1735866998 level=info service=queue-worker host=host-03.example trace_id=trace-behavior-00005547 msg="event_id=behavior-5547 step=3"
ts=1735867022 level=info service=queue-worker host=host-03.example trace_id=trace-behavior-00005548 msg="event_id=behavior-5548 step=4"
ts=1735867095 level=info service=queue-worker host=host-03.example trace_id=trace-behavior-00005551 msg="event_id=behavior-5551 step=7"
ts=1735867627 level=info service=queue-worker host=host-03.example trace_id=trace-behavior-00005573 msg="event_id=behavior-5573 step=7"
ts=1735867966 level=info service=queue-worker host=host-03.example trace_id=trace-behavior-00005587 msg="event_id=behavior-5587 step=10"
ts=1735868111 level=info service=queue-worker host=host-03.example trace_id=trace-behavior-00005593 msg="event_id=behavior-5593 step=5"
ts=1735868256 level=info service=queue-worker host=host-03.example trace_id=trace-behavior-00005599 msg="event_id=behavior-5599 step=0"
ts=1735868329 level=info service=queue-worker host=host-03.example trace_id=trace-behavior-00005602 msg="event_id=behavior-5602 LONG_JSON_SENTINEL payload=xxxxxxxxxxxxxxxxxxxxxxxxxxxxxxxxxxxxxxxxxxxxxxxxxxxxxxxxxxxxxxxxxxxxxxxxxxxxxxxxxxxxxxxxxxxxxxxxxxxxxxxxxxxxxxxxxxxxxxxxxxxxxxxxxxxxxxxxxxxxxxxxxxxxxxxxxxxxxxxxxxxxxxxxxxxxxxxxxxxxxxxxxxxxxxxxxxxxxxxxxxxxxxxxxxxxxxxxxxxxxxxxxxxxxxxxxxxxxxxxxxxxxxxxxxxxxxxxxxxxxxxxxxxxxxxxxxxxxxxxxxxxxxxxxxxxxxxxxxxxxxxxxxxxxxxxxxxxxxxxxxxxxxxxxxxxxxxxxxxxxxxxxxxxxxxxxxxxxxxxxxxxxxxxxxxxxxxxxxxxxxxxxxxxxxxxxxxxxxxxxx"
ts=1735869103 level=info service=queue-worker host=host-03.example trace_id=trace-behavior-00005634 msg="event_id=behavior-5634 step=2"
ts=1735869127 level=info service=queue-worker host=host-03.example trace_id=trace-behavior-00005635 msg="event_id=behavior-5635 step=3"
ts=1735869683 level=info service=queue-worker host=host-03.example trace_id=trace-behavior-00005658 msg="event_id=behavior-5658 step=4"
ts=1735869877 level=info service=queue-worker host=host-03.example trace_id=trace-behavior-00005666 msg="event_id=behavior-5666 step=1"
ts=1735869901 level=info service=queue-worker host=host-03.example trace_id=trace-behavior-00005667 msg="event_id=behavior-5667 step=2"
ts=1735870046 level=info service=queue-worker host=host-03.example trace_id=trace-behavior-00005673 msg="event_id=behavior-5673 step=8"
ts=1735870191 level=info service=queue-worker host=host-03.example trace_id=trace-behavior-00005679 msg="event_id=behavior-5679 step=3"
ts=1735870216 level=info service=queue-worker host=host-03.example trace_id=trace-behavior-00005680 msg="event_id=behavior-5680 step=4"
ts=1735870651 level=info service=queue-worker host=host-03.example trace_id=trace-behavior-00005698 msg="event_id=behavior-5698 step=0"
ts=1735870772 level=info service=queue-worker host=host-03.example trace_id=trace-behavior-00005703 msg="event_id=behavior-5703 STACK_TRACE_SENTINEL failure in handler\n    at lab_module_handler(file=example_rs line=43)\n    at lab_module_dispatch(file=example_rs line=13)\nCaused by: simulated timeout after 403ms"
ts=1735870820 level=info service=queue-worker host=host-03.example trace_id=trace-behavior-00005705 msg="event_id=behavior-5705 step=7"
ts=1735870917 level=info service=queue-worker host=host-03.example trace_id=trace-behavior-00005709 msg="event_id=behavior-5709 step=0"
ts=1735871474 level=info service=queue-worker host=host-03.example trace_id=trace-behavior-00005732 msg="event_id=behavior-5732 step=1"
ts=1735871595 level=info service=queue-worker host=host-03.example trace_id=trace-behavior-00005737 msg="event_id=behavior-5737 step=6"
ts=1735871667 level=info service=queue-worker host=host-03.example trace_id=trace-behavior-00005740 msg="event_id=behavior-5740 step=9"
ts=1735871812 level=info service=queue-worker host=host-03.example trace_id=trace-behavior-00005746 msg="event_id=behavior-5746 step=4"
ts=1735872078 level=info service=queue-worker host=host-03.example trace_id=trace-behavior-00005757 msg="event_id=behavior-5757 step=4"
ts=1735872199 level=info service=queue-worker host=host-03.example trace_id=trace-behavior-00005762 msg="event_id=behavior-5762 step=9"
ts=1735872296 level=info service=queue-worker host=host-03.example trace_id=trace-behavior-00005766 msg="event_id=behavior-5766 step=2"
ts=1735872393 level=info service=queue-worker host=host-03.example trace_id=trace-behavior-00005770 msg="event_id=behavior-5770 step=6"
ts=1735872877 level=info service=queue-worker host=host-03.example trace_id=trace-behavior-00005790 msg="event_id=behavior-5790 step=4"
ts=1735873022 level=info service=queue-worker host=host-03.example trace_id=trace-behavior-00005796 msg="event_id=behavior-5796 step=10"
ts=1735873070 level=info service=queue-worker host=host-03.example trace_id=trace-behavior-00005798 msg="event_id=behavior-5798 step=1"
ts=1735873457 level=info service=queue-worker host=host-03.example trace_id=trace-behavior-00005814 msg="event_id=behavior-5814 step=6"
ts=1735873506 level=info service=queue-worker host=host-03.example trace_id=trace-behavior-00005816 msg="event_id=behavior-5816 step=8"
ts=1735873651 level=info service=queue-worker host=host-03.example trace_id=trace-behavior-00005822 msg="event_id=behavior-5822 step=3"
ts=1735873820 level=info service=queue-worker host=host-03.example trace_id=trace-behavior-00005829 msg="event_id=behavior-5829 step=10"
ts=1735874038 level=info service=queue-worker host=host-03.example trace_id=trace-behavior-00005838 msg="event_id=behavior-5838 step=8"
ts=1735874111 level=info service=queue-worker host=host-03.example trace_id=trace-behavior-00005841 msg="event_id=behavior-5841 step=0"
ts=1735874207 level=info service=queue-worker host=host-03.example trace_id=trace-behavior-00005845 msg="event_id=behavior-5845 step=4"
ts=1735874280 level=info service=queue-worker host=host-03.example trace_id=trace-behavior-00005848 msg="event_id=behavior-5848 step=7"
ts=1735874328 level=info service=queue-worker host=host-03.example trace_id=trace-behavior-00005850 msg="event_id=behavior-5850 step=9"
ts=1735874594 level=info service=queue-worker host=host-03.example trace_id=trace-behavior-00005861 msg="event_id=behavior-5861 step=9"
ts=1735874619 level=info service=queue-worker host=host-03.example trace_id=trace-behavior-00005862 msg="event_id=behavior-5862 step=10"
ts=1735874643 level=info service=queue-worker host=host-03.example trace_id=trace-behavior-00005863 msg="event_id=behavior-5863 step=0"
ts=1735874909 level=info service=queue-worker host=host-03.example trace_id=trace-behavior-00005874 msg="event_id=behavior-5874 step=0"
ts=1735874982 level=info service=queue-worker host=host-03.example trace_id=trace-behavior-00005877 msg="event_id=behavior-5877 step=3"
ts=1735875078 level=info service=queue-worker host=host-03.example trace_id=trace-behavior-00005881 msg="event_id=behavior-5881 step=7"
ts=1735875127 level=info service=queue-worker host=host-03.example trace_id=trace-behavior-00005883 msg="event_id=behavior-5883 step=9"
ts=1735875151 level=info service=queue-worker host=host-03.example trace_id=trace-behavior-00005884 msg="event_id=behavior-5884 step=10"
ts=1735875344 level=info service=queue-worker host=host-03.example trace_id=trace-behavior-00005892 msg="event_id=behavior-5892 step=7"
ts=1735875441 level=info service=queue-worker host=host-03.example trace_id=trace-behavior-00005896 msg="event_id=behavior-5896 step=0"
ts=1735875490 level=info service=queue-worker host=host-03.example trace_id=trace-behavior-00005898 msg="event_id=behavior-5898 step=2"
ts=1735875683 level=info service=queue-worker host=host-03.example trace_id=trace-behavior-00005906 msg="event_id=behavior-5906 step=10"
ts=1735875732 level=error service=queue-worker host=host-03.example trace_id=trace-behavior-00005908 msg="event_id=behavior-5908 step=1"
ts=1735875780 level=info service=queue-worker host=host-03.example trace_id=trace-behavior-00005910 msg="event_id=behavior-5910 step=3"
ts=1735875877 level=info service=queue-worker host=host-03.example trace_id=trace-behavior-00005914 msg="event_id=behavior-5914 step=7"
ts=1735875925 level=info service=queue-worker host=host-03.example trace_id=trace-behavior-00005916 msg="event_id=behavior-5916 step=9"
ts=1735876119 level=info service=queue-worker host=host-03.example trace_id=trace-behavior-00005924 msg="event_id=behavior-5924 step=6"
ts=1735876215 level=info service=queue-worker host=host-03.example trace_id=trace-behavior-00005928 msg="event_id=behavior-5928 step=10"
ts=1735876385 level=info service=queue-worker host=host-03.example trace_id=trace-behavior-00005935 msg="event_id=behavior-5935 step=6"
ts=1735876627 level=info service=queue-worker host=host-03.example trace_id=trace-behavior-00005945 msg="event_id=behavior-5945 step=5"
ts=1735876675 level=info service=queue-worker host=host-03.example trace_id=trace-behavior-00005947 msg="event_id=behavior-5947 step=7"
ts=1735876820 level=info service=queue-worker host=host-03.example trace_id=trace-behavior-00005953 msg="event_id=behavior-5953 step=2"
ts=1735876965 level=info service=queue-worker host=host-03.example trace_id=trace-behavior-00005959 msg="event_id=behavior-5959 step=8"
ts=1735877328 level=info service=queue-worker host=host-03.example trace_id=trace-behavior-00005974 msg="event_id=behavior-5974 step=1"
ts=1735878199 level=info service=queue-worker host=host-03.example trace_id=trace-behavior-00006010 msg="event_id=behavior-6010 step=4"
ts=1735878562 level=info service=queue-worker host=host-03.example trace_id=trace-behavior-00006025 msg="event_id=behavior-6025 step=8"
ts=1735878611 level=info service=queue-worker host=host-03.example trace_id=trace-behavior-00006027 msg="event_id=behavior-6027 step=10"
ts=1735878731 level=info service=queue-worker host=host-03.example trace_id=trace-behavior-00006032 msg="event_id=behavior-6032 step=4"
ts=1735878756 level=info service=queue-worker host=host-03.example trace_id=trace-behavior-00006033 msg="event_id=behavior-6033 step=5"
ts=1735878780 level=info service=queue-worker host=host-03.example trace_id=trace-behavior-00006034 msg="event_id=behavior-6034 step=6"
ts=1735878877 level=info service=queue-worker host=host-03.example trace_id=trace-behavior-00006038 msg="event_id=behavior-6038 step=10"
ts=1735878925 level=info service=queue-worker host=host-03.example trace_id=trace-behavior-00006040 msg="event_id=behavior-6040 step=1"
ts=1735878998 level=info service=queue-worker host=host-03.example trace_id=trace-behavior-00006043 msg="event_id=behavior-6043 step=4"
ts=1735879143 level=info service=queue-worker host=host-03.example trace_id=trace-behavior-00006049 msg="event_id=behavior-6049 step=10"
ts=1735879433 level=info service=queue-worker host=host-03.example trace_id=trace-behavior-00006061 msg="event_id=behavior-6061 step=0"
ts=1735879457 level=info service=queue-worker host=host-03.example trace_id=trace-behavior-00006062 msg="event_id=behavior-6062 step=1"
ts=1735879481 level=info service=queue-worker host=host-03.example trace_id=trace-behavior-00006063 msg="event_id=behavior-6063 step=2"
ts=1735879675 level=info service=queue-worker host=host-03.example trace_id=trace-behavior-00006071 msg="event_id=behavior-6071 step=10"
ts=1735879723 level=info service=queue-worker host=host-03.example trace_id=trace-behavior-00006073 msg="event_id=behavior-6073 step=1"
ts=1735879820 level=info service=queue-worker host=host-03.example trace_id=trace-behavior-00006077 msg="event_id=behavior-6077 step=5"
ts=1735879893 level=info service=queue-worker host=host-03.example trace_id=trace-behavior-00006080 msg="event_id=behavior-6080 step=8"
ts=1735880014 level=info service=queue-worker host=host-03.example trace_id=trace-behavior-00006085 msg="event_id=behavior-6085 step=2"
ts=1735880062 level=info service=queue-worker host=host-03.example trace_id=trace-behavior-00006087 msg="event_id=behavior-6087 step=4"
ts=1735880183 level=info service=queue-worker host=host-03.example trace_id=trace-behavior-00006092 msg="event_id=behavior-6092 step=9"
ts=1735880207 level=info service=queue-worker host=host-03.example trace_id=trace-behavior-00006093 msg="event_id=behavior-6093 step=10"
ts=1735880352 level=info service=queue-worker host=host-03.example trace_id=trace-behavior-00006099 msg="event_id=behavior-6099 step=5"
ts=1735880425 level=info service=queue-worker host=host-03.example trace_id=trace-behavior-00006102 msg="event_id=behavior-6102 STACK_TRACE_SENTINEL failure in handler\n    at lab_module_handler(file=example_rs line=42)\n    at lab_module_dispatch(file=example_rs line=12)\nCaused by: simulated timeout after 802ms"
ts=1735880449 level=info service=queue-worker host=host-03.example trace_id=trace-behavior-00006103 msg="event_id=behavior-6103 LONG_JSON_SENTINEL payload=xxxxxxxxxxxxxxxxxxxxxxxxxxxxxxxxxxxxxxxxxxxxxxxxxxxxxxxxxxxxxxxxxxxxxxxxxxxxxxxxxxxxxxxxxxxxxxxxxxxxxxxxxxxxxxxxxxxxxxxxxxxxxxxxxxxxxxxxxxxxxxxxxxxxxxxxxxxxxxxxxxxxxxxxxxxxxxxxxxxxxxxxxxxxxxxxxxxxxxxxxxxxxxxxxxxxxxxxxxxxxxxxxxxxxxxxxxxxxxxxxxxxxxxxxxxxxxxxxxxxxxxxxxxxxxxxxxxxxxxxxxxxxxxxxxxxxxxxxxxxxxxxxxxxxxxxxxxxxxxxxxxxxxxxxxxxxxxxxxxxxxxxxxxxxxxxxxxxxxxxxxxxxxxxxxxxxxxxxxxxxxxxxxxxxxxxxxxxxxxxxxxxxxxxxxxxxxxxxxxxxxxxxxxxxxxxxxxxxxxxxxxxxxxxxxxxxxxxxxxxxxxxxxxxxxxxxxxxxxxxxxxxxxxxxxxxxxxxxxxxxxx"
ts=1735880473 level=info service=queue-worker host=host-03.example trace_id=trace-behavior-00006104 msg="event_id=behavior-6104 step=10"
ts=1735880570 level=info service=queue-worker host=host-03.example trace_id=trace-behavior-00006108 msg="event_id=behavior-6108 step=3"
ts=1735880836 level=error service=queue-worker host=host-03.example trace_id=trace-behavior-00006119 msg="event_id=behavior-6119 step=3"
ts=1735880860 level=info service=queue-worker host=host-03.example trace_id=trace-behavior-00006120 msg="event_id=behavior-6120 step=4"
ts=1735880885 level=info service=queue-worker host=host-03.example trace_id=trace-behavior-00006121 msg="event_id=behavior-6121 step=5"
ts=1735881078 level=info service=queue-worker host=host-03.example trace_id=trace-behavior-00006129 msg="event_id=behavior-6129 step=2"
ts=1735881127 level=info service=queue-worker host=host-03.example trace_id=trace-behavior-00006131 msg="event_id=behavior-6131 step=4"
ts=1735881151 level=info service=queue-worker host=host-03.example trace_id=trace-behavior-00006132 msg="event_id=behavior-6132 step=5"
ts=1735881248 level=info service=queue-worker host=host-03.example trace_id=trace-behavior-00006136 msg="event_id=behavior-6136 step=9"
ts=1735881465 level=info service=queue-worker host=host-03.example trace_id=trace-behavior-00006145 msg="event_id=behavior-6145 step=7"
ts=1735881538 level=info service=queue-worker host=host-03.example trace_id=trace-behavior-00006148 msg="event_id=behavior-6148 step=10"
ts=1735881877 level=info service=queue-worker host=host-03.example trace_id=trace-behavior-00006162 msg="event_id=behavior-6162 step=2"
ts=1735881973 level=info service=queue-worker host=host-03.example trace_id=trace-behavior-00006166 msg="event_id=behavior-6166 step=6"
ts=1735882118 level=info service=queue-worker host=host-03.example trace_id=trace-behavior-00006172 msg="event_id=behavior-6172 step=1"
ts=1735882288 level=info service=queue-worker host=host-03.example trace_id=trace-behavior-00006179 msg="event_id=behavior-6179 step=8"
ts=1735882312 level=info service=queue-worker host=host-03.example trace_id=trace-behavior-00006180 msg="event_id=behavior-6180 step=9"
ts=1735882578 level=info service=queue-worker host=host-03.example trace_id=trace-behavior-00006191 msg="event_id=behavior-6191 step=9"
ts=1735882602 level=info service=queue-worker host=host-03.example trace_id=trace-behavior-00006192 msg="event_id=behavior-6192 step=10"
ts=1735882748 level=info service=queue-worker host=host-03.example trace_id=trace-behavior-00006198 msg="event_id=behavior-6198 step=5"
ts=1735882844 level=info service=queue-worker host=host-03.example trace_id=trace-behavior-00006202 msg="event_id=behavior-6202 LONG_JSON_SENTINEL payload=xxxxxxxxxxxxxxxxxxxxxxxxxxxxxxxxxxxxxxxxxxxxxxxxxxxxxxxxxxxxxxxxxxxxxxxxxxxxxxxxxxxxxxxxxxxxxxxxxxxxxxxxxxxxxxxxxxxxxxxxxxxxxxxxxxxxxxxxxxxxxxxxxxxxxxxxxxxxxxxxxxxxxxxxxxxxxxxxxxxxxxxxxxxxxxxxxxxxxxxxxxxxxxxxxxxxxxxxxxxxxxxxxxxxxxxxxxxxxxxxxxxxxxxxxxxxxxxxxxxxxxxxxxxxxxxxxxxxxxxxxxxxxxxxxxxxxxxxxxxxxxxxxxxxxxxxxxxxxxxxxxxxxxxxxxxxxxxxxxxxxxxxxxxxxxxxxxxxxxxxxxxxxxxxxxxxxxxxxxxxxxxxxxxxxxxxxxxxxxxxxx"
ts=1735882868 level=info service=queue-worker host=host-03.example trace_id=trace-behavior-00006203 msg="event_id=behavior-6203 LONG_JSON_SENTINEL payload=xxxxxxxxxxxxxxxxxxxxxxxxxxxxxxxxxxxxxxxxxxxxxxxxxxxxxxxxxxxxxxxxxxxxxxxxxxxxxxxxxxxxxxxxxxxxxxxxxxxxxxxxxxxxxxxxxxxxxxxxxxxxxxxxxxxxxxxxxxxxxxxxxxxxxxxxxxxxxxxxxxxxxxxxxxxxxxxxxxxxxxxxxxxxxxxxxxxxxxxxxxxxxxxxxxxxxxxxxxxxxxxxxxxxxxxxxxxxxxxxxxxxxxxxxxxxxxxxxxxxxxxxxxxxxxxxxxxxxxxxxxxxxxxxxxxxxxxxxxxxxxxxxxxxxxxxxxxxxxxxxxxxxxxxxxxxxxxxxxxxxxxxxxxxxxxxxxxxxxxxxxxxxxxxxxxxxxxxxxxxxxxxxxxxxxxxxxxxxxxxxxx"
ts=1735882941 level=info service=queue-worker host=host-03.example trace_id=trace-behavior-00006206 msg="event_id=behavior-6206 step=2"
ts=1735882965 level=info service=queue-worker host=host-03.example trace_id=trace-behavior-00006207 msg="event_id=behavior-6207 step=3"
ts=1735883207 level=info service=queue-worker host=host-03.example trace_id=trace-behavior-00006217 msg="event_id=behavior-6217 step=2"
ts=1735883231 level=info service=queue-worker host=host-03.example trace_id=trace-behavior-00006218 msg="event_id=behavior-6218 step=3"
ts=1735883256 level=info service=queue-worker host=host-03.example trace_id=trace-behavior-00006219 msg="event_id=behavior-6219 step=4"
ts=1735883594 level=info service=queue-worker host=host-03.example trace_id=trace-behavior-00006233 msg="event_id=behavior-6233 step=7"
ts=1735883618 level=info service=queue-worker host=host-03.example trace_id=trace-behavior-00006234 msg="event_id=behavior-6234 step=8"
ts=1735883691 level=info service=queue-worker host=host-03.example trace_id=trace-behavior-00006237 msg="event_id=behavior-6237 step=0"
ts=1735883764 level=info service=queue-worker host=host-03.example trace_id=trace-behavior-00006240 msg="event_id=behavior-6240 step=3"
ts=1735883933 level=info service=queue-worker host=host-03.example trace_id=trace-behavior-00006247 msg="event_id=behavior-6247 step=10"
ts=1735884006 level=info service=queue-worker host=host-03.example trace_id=trace-behavior-00006250 msg="event_id=behavior-6250 step=2"
ts=1735884030 level=info service=queue-worker host=host-03.example trace_id=trace-behavior-00006251 msg="event_id=behavior-6251 step=3"
ts=1735884223 level=info service=queue-worker host=host-03.example trace_id=trace-behavior-00006259 msg="event_id=behavior-6259 step=0"
ts=1735884417 level=info service=queue-worker host=host-03.example trace_id=trace-behavior-00006267 msg="event_id=behavior-6267 step=8"
ts=1735884610 level=info service=queue-worker host=host-03.example trace_id=trace-behavior-00006275 msg="event_id=behavior-6275 step=5"
ts=1735884635 level=info service=queue-worker host=host-03.example trace_id=trace-behavior-00006276 msg="event_id=behavior-6276 step=6"
ts=1735884683 level=info service=queue-worker host=host-03.example trace_id=trace-behavior-00006278 msg="event_id=behavior-6278 step=8"
ts=1735884973 level=info service=queue-worker host=host-03.example trace_id=trace-behavior-00006290 msg="event_id=behavior-6290 step=9"
ts=1735884997 level=info service=queue-worker host=host-03.example trace_id=trace-behavior-00006291 msg="event_id=behavior-6291 step=10"
ts=1735885022 level=info service=queue-worker host=host-03.example trace_id=trace-behavior-00006292 msg="event_id=behavior-6292 step=0"
ts=1735885070 level=info service=queue-worker host=host-03.example trace_id=trace-behavior-00006294 msg="event_id=behavior-6294 step=2"
ts=1735885239 level=info service=queue-worker host=host-03.example trace_id=trace-behavior-00006301 msg="event_id=behavior-6301 LONG_JSON_SENTINEL payload=xxxxxxxxxxxxxxxxxxxxxxxxxxxxxxxxxxxxxxxxxxxxxxxxxxxxxxxxxxxxxxxxxxxxxxxxxxxxxxxxxxxxxxxxxxxxxxxxxxxxxxxxxxxxxxxxxxxxxxxxxxxxxxxxxxxxxxxxxxxxxxxxxxxxxxxxxxxxxxxxxxxxxxxxxxxxxxxxxxxxxxxxxxxxxxxxxxxxxxxxxxxxxxxxxxxxxxxxxxxxxxxxxxxxxxxxxxxxxxxxxxxxxxxxxxxxxxxxxxxxxxxxxxxxxxxxxxxxxxxxxxxxxxxxxxxxxxxxxxxxxxxxxxxxxxxxxxxxxxxxxxxxxxxxxxxxxxxxxxxxxxxxxxxxxxxxxxxxxxxxxxxxxxxxxxxxxxxxxxxxxxxxxxxxxxxxxxxxxxxxxxxxxxxxxxxxxxxxxxxxxxxxxxxxxxxxxxxxxxxxxxxxxxxxxxxxxxxxxxxxxxxxxxxxxxxxxxxxxxxxxxxxxxxxxxxxxxxxxxxxx"
ts=1735885264 level=info service=queue-worker host=host-03.example trace_id=trace-behavior-00006302 msg="event_id=behavior-6302 LONG_JSON_SENTINEL payload=xxxxxxxxxxxxxxxxxxxxxxxxxxxxxxxxxxxxxxxxxxxxxxxxxxxxxxxxxxxxxxxxxxxxxxxxxxxxxxxxxxxxxxxxxxxxxxxxxxxxxxxxxxxxxxxxxxxxxxxxxxxxxxxxxxxxxxxxxxxxxxxxxxxxxxxxxxxxxxxxxxxxxxxxxxxxxxxxxxxxxxxxxxxxxxxxxxxxxxxxxxxxxxxxxxxxxxxxxxxxxxxxxxxxxxxxxxxxxxxxxxxxxxxxxxxxxxxxxxxxxxxxxxxxxxxxxxxxxxxxxxxxxxxxxxxxxxxxxxxxxxxxxxxxxxxxxxxxxxxxxxxxxxxxxxxxxxxxxxxxxxxxxxxxxxxxxxxxxxxxxxxxxxxxxxxxxxxxxxxxxxxxxxxxxxxxxxxxxxxxxxxxxxxxxxxxxxxxxxxxxxxxxxxxxxxxxxxxxxxxxxxxxxxxxxxxxxxxxxxxxxxxxxxxxxxxxxxxxxxxxxxxxxxxxxxxxxxxxxxxxx"
ts=1735885312 level=info service=queue-worker host=host-03.example trace_id=trace-behavior-00006304 msg="event_id=behavior-6304 step=1"
ts=1735885457 level=info service=queue-worker host=host-03.example trace_id=trace-behavior-00006310 msg="event_id=behavior-6310 step=7"
ts=1735885506 level=info service=queue-worker host=host-03.example trace_id=trace-behavior-00006312 msg="event_id=behavior-6312 step=9"
ts=1735885602 level=info service=queue-worker host=host-03.example trace_id=trace-behavior-00006316 msg="event_id=behavior-6316 step=2"
ts=1735885626 level=info service=queue-worker host=host-03.example trace_id=trace-behavior-00006317 msg="event_id=behavior-6317 step=3"
ts=1735885772 level=info service=queue-worker host=host-03.example trace_id=trace-behavior-00006323 msg="event_id=behavior-6323 step=9"
ts=1735885820 level=info service=queue-worker host=host-03.example trace_id=trace-behavior-00006325 msg="event_id=behavior-6325 step=0"
ts=1735886062 level=info service=queue-worker host=host-03.example trace_id=trace-behavior-00006335 msg="event_id=behavior-6335 step=10"
ts=1735886304 level=info service=queue-worker host=host-03.example trace_id=trace-behavior-00006345 msg="event_id=behavior-6345 step=9"
ts=1735886497 level=info service=queue-worker host=host-03.example trace_id=trace-behavior-00006353 msg="event_id=behavior-6353 step=6"
ts=1735886981 level=debug service=queue-worker host=host-03.example trace_id=trace-behavior-00006373 msg="event_id=behavior-6373 step=4"
ts=1735887005 level=info service=queue-worker host=host-03.example trace_id=trace-behavior-00006374 msg="event_id=behavior-6374 step=5"
ts=1735887030 level=info service=queue-worker host=host-03.example trace_id=trace-behavior-00006375 msg="event_id=behavior-6375 step=6"
ts=1735887078 level=debug service=queue-worker host=host-03.example trace_id=trace-behavior-00006377 msg="event_id=behavior-6377 step=8"
ts=1735887126 level=info service=queue-worker host=host-03.example trace_id=trace-behavior-00006379 msg="event_id=behavior-6379 step=10"
ts=1735887223 level=info service=queue-worker host=host-03.example trace_id=trace-behavior-00006383 msg="event_id=behavior-6383 step=3"
ts=1735887441 level=info service=queue-worker host=host-03.example trace_id=trace-behavior-00006392 msg="event_id=behavior-6392 step=1"
ts=1735887489 level=info service=queue-worker host=host-03.example trace_id=trace-behavior-00006394 msg="event_id=behavior-6394 step=3"
ts=1735887755 level=info service=queue-worker host=host-03.example trace_id=trace-behavior-00006405 msg="event_id=behavior-6405 step=3"
ts=1735887901 level=info service=queue-worker host=host-03.example trace_id=trace-behavior-00006411 msg="event_id=behavior-6411 step=9"
ts=1735887949 level=info service=queue-worker host=host-03.example trace_id=trace-behavior-00006413 msg="event_id=behavior-6413 step=0"
ts=1735888070 level=info service=queue-worker host=host-03.example trace_id=trace-behavior-00006418 msg="event_id=behavior-6418 step=5"
ts=1735888505 level=info service=queue-worker host=host-03.example trace_id=trace-behavior-00006436 msg="event_id=behavior-6436 step=1"
ts=1735888578 level=info service=queue-worker host=host-03.example trace_id=trace-behavior-00006439 msg="event_id=behavior-6439 step=4"
ts=1735888651 level=info service=queue-worker host=host-03.example trace_id=trace-behavior-00006442 msg="event_id=behavior-6442 step=7"
ts=1735888796 level=info service=queue-worker host=host-03.example trace_id=trace-behavior-00006448 msg="event_id=behavior-6448 step=2"
ts=1735888989 level=info service=queue-worker host=host-03.example trace_id=trace-behavior-00006456 msg="event_id=behavior-6456 step=10"
ts=1735889183 level=info service=queue-worker host=host-03.example trace_id=trace-behavior-00006464 msg="event_id=behavior-6464 step=7"
ts=1735889231 level=debug service=queue-worker host=host-03.example trace_id=trace-behavior-00006466 msg="event_id=behavior-6466 step=9"
ts=1735889763 level=info service=queue-worker host=host-03.example trace_id=trace-behavior-00006488 msg="event_id=behavior-6488 step=9"
ts=1735889788 level=info service=queue-worker host=host-03.example trace_id=trace-behavior-00006489 msg="event_id=behavior-6489 step=10"
ts=1735889836 level=info service=queue-worker host=host-03.example trace_id=trace-behavior-00006491 msg="event_id=behavior-6491 step=1"
ts=1735889909 level=info service=queue-worker host=host-03.example trace_id=trace-behavior-00006494 msg="event_id=behavior-6494 step=4"
ts=1735890005 level=info service=queue-worker host=host-03.example trace_id=trace-behavior-00006498 msg="event_id=behavior-6498 step=8"
ts=1735890272 level=info service=queue-worker host=host-03.example trace_id=trace-behavior-00006509 msg="event_id=behavior-6509 step=8"
ts=1735890368 level=info service=queue-worker host=host-03.example trace_id=trace-behavior-00006513 msg="event_id=behavior-6513 step=1"
ts=1735890417 level=info service=queue-worker host=host-03.example trace_id=trace-behavior-00006515 msg="event_id=behavior-6515 step=3"
ts=1735890538 level=info service=queue-worker host=host-03.example trace_id=trace-behavior-00006520 msg="event_id=behavior-6520 step=8"
ts=1735890755 level=info service=queue-worker host=host-03.example trace_id=trace-behavior-00006529 msg="event_id=behavior-6529 step=6"
ts=1735890780 level=info service=queue-worker host=host-03.example trace_id=trace-behavior-00006530 msg="event_id=behavior-6530 step=7"
ts=1735890997 level=info service=queue-worker host=host-03.example trace_id=trace-behavior-00006539 msg="event_id=behavior-6539 step=5"
ts=1735891263 level=info service=queue-worker host=host-03.example trace_id=trace-behavior-00006550 msg="event_id=behavior-6550 step=5"
ts=1735891457 level=info service=queue-worker host=host-03.example trace_id=trace-behavior-00006558 msg="event_id=behavior-6558 step=2"
ts=1735891554 level=info service=queue-worker host=host-03.example trace_id=trace-behavior-00006562 msg="event_id=behavior-6562 step=6"
ts=1735891626 level=info service=queue-worker host=host-03.example trace_id=trace-behavior-00006565 msg="event_id=behavior-6565 step=9"
ts=1735891675 level=info service=queue-worker host=host-03.example trace_id=trace-behavior-00006567 msg="event_id=behavior-6567 step=0"
ts=1735891747 level=info service=queue-worker host=host-03.example trace_id=trace-behavior-00006570 msg="event_id=behavior-6570 step=3"
ts=1735891844 level=info service=queue-worker host=host-03.example trace_id=trace-behavior-00006574 msg="event_id=behavior-6574 step=7"
ts=1735892110 level=info service=queue-worker host=host-03.example trace_id=trace-behavior-00006585 msg="event_id=behavior-6585 step=7"
ts=1735892183 level=info service=queue-worker host=host-03.example trace_id=trace-behavior-00006588 msg="event_id=behavior-6588 step=10"
ts=1735892255 level=info service=queue-worker host=host-03.example trace_id=trace-behavior-00006591 msg="event_id=behavior-6591 step=2"
ts=1735892497 level=info service=queue-worker host=host-03.example trace_id=trace-behavior-00006601 msg="event_id=behavior-6601 LONG_JSON_SENTINEL payload=xxxxxxxxxxxxxxxxxxxxxxxxxxxxxxxxxxxxxxxxxxxxxxxxxxxxxxxxxxxxxxxxxxxxxxxxxxxxxxxxxxxxxxxxxxxxxxxxxxxxxxxxxxxxxxxxxxxxxxxxxxxxxxxxxxxxxxxxxxxxxxxxxxxxxxxxxxxxxxxxxxxxxxxxxxxxxxxxxxxxxxxxxxxxxxxxxxxxxxxxxxxxxxxxxxxxxxxxxxxxxxxxxxxxxxxxxxxxxxxxxxxxxxxxxxxxxxxxxxxxxxxxxxxxxxxxxxxxxxxxxxxxxxxxxxxxxxxxxxxxxxxxxxxxxxxxxxxxxxxxxxxxxxxxxxxxxxxxxxxxxxxxxxxxxxxxxxxxxxxxxxxxxxxxxxxxxxxxxxxxxxxxxxxxxxxxxxxxxxxxx"
ts=1735892763 level=info service=queue-worker host=host-03.example trace_id=trace-behavior-00006612 msg="event_id=behavior-6612 step=1"
ts=1735893054 level=info service=queue-worker host=host-03.example trace_id=trace-behavior-00006624 msg="event_id=behavior-6624 step=2"
ts=1735893078 level=info service=queue-worker host=host-03.example trace_id=trace-behavior-00006625 msg="event_id=behavior-6625 step=3"
ts=1735893441 level=debug service=queue-worker host=host-03.example trace_id=trace-behavior-00006640 msg="event_id=behavior-6640 step=7"
ts=1735893465 level=info service=queue-worker host=host-03.example trace_id=trace-behavior-00006641 msg="event_id=behavior-6641 step=8"
ts=1735893610 level=info service=queue-worker host=host-03.example trace_id=trace-behavior-00006647 msg="event_id=behavior-6647 step=3"
ts=1735893731 level=info service=queue-worker host=host-03.example trace_id=trace-behavior-00006652 msg="event_id=behavior-6652 step=8"
ts=1735893852 level=info service=queue-worker host=host-03.example trace_id=trace-behavior-00006657 msg="event_id=behavior-6657 step=2"
ts=1735893876 level=info service=queue-worker host=host-03.example trace_id=trace-behavior-00006658 msg="event_id=behavior-6658 step=3"
ts=1735893900 level=info service=queue-worker host=host-03.example trace_id=trace-behavior-00006659 msg="event_id=behavior-6659 step=4"
ts=1735893997 level=info service=queue-worker host=host-03.example trace_id=trace-behavior-00006663 msg="event_id=behavior-6663 step=8"
ts=1735894481 level=info service=queue-worker host=host-03.example trace_id=trace-behavior-00006683 msg="event_id=behavior-6683 step=6"
ts=1735894554 level=info service=queue-worker host=host-03.example trace_id=trace-behavior-00006686 msg="event_id=behavior-6686 step=9"
ts=1735894771 level=info service=queue-worker host=host-03.example trace_id=trace-behavior-00006695 msg="event_id=behavior-6695 step=7"
ts=1735894965 level=info service=queue-worker host=host-03.example trace_id=trace-behavior-00006703 msg="event_id=behavior-6703 LONG_JSON_SENTINEL payload=xxxxxxxxxxxxxxxxxxxxxxxxxxxxxxxxxxxxxxxxxxxxxxxxxxxxxxxxxxxxxxxxxxxxxxxxxxxxxxxxxxxxxxxxxxxxxxxxxxxxxxxxxxxxxxxxxxxxxxxxxxxxxxxxxxxxxxxxxxxxxxxxxxxxxxxxxxxxxxxxxxxxxxxxxxxxxxxxxxxxxxxxxxxxxxxxxxxxxxxxxxxxxxxxxxxxxxxxxxxxxxxxxxxxxxxxxxxxxxxxxxxxxxxxxxxxxxxxxxxxxxxxxxxxxxxxxxxxxxxxxxxxxxxxxxxxxxxxxxxxxxxxxxxxxxxxxxxxxxxxxxxxxxxxxxxxxxxxxxxxxxxxxxxxxxxxxxxxxxxxxxxxxxxxxxxxxxxxxxxxxxxxxxxxxxxxxxxxxxxxxxxxxxxxxxxxxxxxxxxxxxxxxxxxxxxxxxxxxxxxxxxxxxxxxxxxxxxxxxxxxxxxxxxxxxxxxxxxxxxxxxxxxxxxxxxxxxxxxxxxxxx"
ts=1735895110 level=info service=queue-worker host=host-03.example trace_id=trace-behavior-00006709 msg="event_id=behavior-6709 step=10"
ts=1735895255 level=info service=queue-worker host=host-03.example trace_id=trace-behavior-00006715 msg="event_id=behavior-6715 step=5"
ts=1735895449 level=info service=queue-worker host=host-03.example trace_id=trace-behavior-00006723 msg="event_id=behavior-6723 step=2"
ts=1735895497 level=info service=queue-worker host=host-03.example trace_id=trace-behavior-00006725 msg="event_id=behavior-6725 step=4"
ts=1735895546 level=info service=queue-worker host=host-03.example trace_id=trace-behavior-00006727 msg="event_id=behavior-6727 step=6"
ts=1735895667 level=info service=queue-worker host=host-03.example trace_id=trace-behavior-00006732 msg="event_id=behavior-6732 step=0"
ts=1735895715 level=info service=queue-worker host=host-03.example trace_id=trace-behavior-00006734 msg="event_id=behavior-6734 step=2"
ts=1735896102 level=info service=queue-worker host=host-03.example trace_id=trace-behavior-00006750 msg="event_id=behavior-6750 step=7"
ts=1735896247 level=info service=queue-worker host=host-03.example trace_id=trace-behavior-00006756 msg="event_id=behavior-6756 step=2"
ts=1735896320 level=info service=queue-worker host=host-03.example trace_id=trace-behavior-00006759 msg="event_id=behavior-6759 step=5"
ts=1735896344 level=info service=queue-worker host=host-03.example trace_id=trace-behavior-00006760 msg="event_id=behavior-6760 step=6"
ts=1735896417 level=info service=queue-worker host=host-03.example trace_id=trace-behavior-00006763 msg="event_id=behavior-6763 step=9"
ts=1735896658 level=info service=queue-worker host=host-03.example trace_id=trace-behavior-00006773 msg="event_id=behavior-6773 step=8"
ts=1735896707 level=info service=queue-worker host=host-03.example trace_id=trace-behavior-00006775 msg="event_id=behavior-6775 step=10"
ts=1735896755 level=info service=queue-worker host=host-03.example trace_id=trace-behavior-00006777 msg="event_id=behavior-6777 step=1"
ts=1735896900 level=info service=queue-worker host=host-03.example trace_id=trace-behavior-00006783 msg="event_id=behavior-6783 step=7"
ts=1735896973 level=debug service=queue-worker host=host-03.example trace_id=trace-behavior-00006786 msg="event_id=behavior-6786 step=10"
ts=1735897094 level=debug service=queue-worker host=host-03.example trace_id=trace-behavior-00006791 msg="event_id=behavior-6791 step=4"
ts=1735897142 level=info service=queue-worker host=host-03.example trace_id=trace-behavior-00006793 msg="event_id=behavior-6793 step=6"
ts=1735897239 level=info service=queue-worker host=host-03.example trace_id=trace-behavior-00006797 msg="event_id=behavior-6797 step=10"
ts=1735897747 level=info service=queue-worker host=host-03.example trace_id=trace-behavior-00006818 msg="event_id=behavior-6818 step=9"
ts=1735897771 level=info service=queue-worker host=host-03.example trace_id=trace-behavior-00006819 msg="event_id=behavior-6819 step=10"
ts=1735897796 level=info service=queue-worker host=host-03.example trace_id=trace-behavior-00006820 msg="event_id=behavior-6820 step=0"
ts=1735897868 level=info service=queue-worker host=host-03.example trace_id=trace-behavior-00006823 msg="event_id=behavior-6823 step=3"
ts=1735898110 level=info service=queue-worker host=host-03.example trace_id=trace-behavior-00006833 msg="event_id=behavior-6833 step=2"
ts=1735898134 level=info service=queue-worker host=host-03.example trace_id=trace-behavior-00006834 msg="event_id=behavior-6834 step=3"
ts=1735898328 level=info service=queue-worker host=host-03.example trace_id=trace-behavior-00006842 msg="event_id=behavior-6842 step=0"
ts=1735898691 level=info service=queue-worker host=host-03.example trace_id=trace-behavior-00006857 msg="event_id=behavior-6857 step=4"
ts=1735899102 level=info service=queue-worker host=host-03.example trace_id=trace-behavior-00006874 msg="event_id=behavior-6874 step=10"
ts=1735899344 level=info service=queue-worker host=host-03.example trace_id=trace-behavior-00006884 msg="event_id=behavior-6884 step=9"
ts=1735899707 level=info service=queue-worker host=host-03.example trace_id=trace-behavior-00006899 msg="event_id=behavior-6899 step=2"
ts=1735899804 level=info service=queue-worker host=host-03.example trace_id=trace-behavior-00006903 msg="event_id=behavior-6903 STACK_TRACE_SENTINEL failure in handler\n    at lab_module_handler(file=example_rs line=43)\n    at lab_module_dispatch(file=example_rs line=13)\nCaused by: simulated timeout after 703ms"
ts=1735899852 level=info service=queue-worker host=host-03.example trace_id=trace-behavior-00006905 msg="event_id=behavior-6905 step=8"
ts=1735899949 level=info service=queue-worker host=host-03.example trace_id=trace-behavior-00006909 msg="event_id=behavior-6909 step=1"
ts=1735899997 level=info service=queue-worker host=host-03.example trace_id=trace-behavior-00006911 msg="event_id=behavior-6911 step=3"
ts=1735900578 level=info service=queue-worker host=host-03.example trace_id=trace-behavior-00006935 msg="event_id=behavior-6935 step=5"
ts=1735900675 level=info service=queue-worker host=host-03.example trace_id=trace-behavior-00006939 msg="event_id=behavior-6939 step=9"
ts=1735900771 level=info service=queue-worker host=host-03.example trace_id=trace-behavior-00006943 msg="event_id=behavior-6943 step=2"
ts=1735900965 level=info service=queue-worker host=host-03.example trace_id=trace-behavior-00006951 msg="event_id=behavior-6951 step=10"
ts=1735901231 level=info service=queue-worker host=host-03.example trace_id=trace-behavior-00006962 msg="event_id=behavior-6962 step=10"
ts=1735901255 level=error service=queue-worker host=host-03.example trace_id=trace-behavior-00006963 msg="event_id=behavior-6963 step=0"
ts=1735901352 level=info service=queue-worker host=host-03.example trace_id=trace-behavior-00006967 msg="event_id=behavior-6967 step=4"
ts=1735901376 level=info service=queue-worker host=host-03.example trace_id=trace-behavior-00006968 msg="event_id=behavior-6968 step=5"
ts=1735901424 level=info service=queue-worker host=host-03.example trace_id=trace-behavior-00006970 msg="event_id=behavior-6970 step=7"
ts=1735901473 level=info service=queue-worker host=host-03.example trace_id=trace-behavior-00006972 msg="event_id=behavior-6972 step=9"
ts=1735901497 level=info service=queue-worker host=host-03.example trace_id=trace-behavior-00006973 msg="event_id=behavior-6973 step=10"
ts=1735901570 level=info service=queue-worker host=host-03.example trace_id=trace-behavior-00006976 msg="event_id=behavior-6976 step=2"
ts=1735901812 level=info service=queue-worker host=host-03.example trace_id=trace-behavior-00006986 msg="event_id=behavior-6986 step=1"
ts=1735902005 level=info service=queue-worker host=host-03.example trace_id=trace-behavior-00006994 msg="event_id=behavior-6994 step=9"
ts=1735902199 level=info service=queue-worker host=host-03.example trace_id=trace-behavior-00007002 msg="event_id=behavior-7002 STACK_TRACE_SENTINEL failure in handler\n    at lab_module_handler(file=example_rs line=42)\n    at lab_module_dispatch(file=example_rs line=12)\nCaused by: simulated timeout after 802ms"
ts=1735902513 level=info service=queue-worker host=host-03.example trace_id=trace-behavior-00007015 msg="event_id=behavior-7015 step=8"
ts=1735902731 level=info service=queue-worker host=host-03.example trace_id=trace-behavior-00007024 msg="event_id=behavior-7024 step=6"
ts=1735903142 level=info service=queue-worker host=host-03.example trace_id=trace-behavior-00007041 msg="event_id=behavior-7041 step=1"
ts=1735903312 level=info service=queue-worker host=host-03.example trace_id=trace-behavior-00007048 msg="event_id=behavior-7048 step=8"
ts=1735903481 level=info service=queue-worker host=host-03.example trace_id=trace-behavior-00007055 msg="event_id=behavior-7055 step=4"
ts=1735903626 level=info service=queue-worker host=host-03.example trace_id=trace-behavior-00007061 msg="event_id=behavior-7061 step=10"
ts=1735903723 level=info service=queue-worker host=host-03.example trace_id=trace-behavior-00007065 msg="event_id=behavior-7065 step=3"
ts=1735903965 level=info service=queue-worker host=host-03.example trace_id=trace-behavior-00007075 msg="event_id=behavior-7075 step=2"
ts=1735904158 level=info service=queue-worker host=host-03.example trace_id=trace-behavior-00007083 msg="event_id=behavior-7083 step=10"
ts=1735904231 level=info service=queue-worker host=host-03.example trace_id=trace-behavior-00007086 msg="event_id=behavior-7086 step=2"
ts=1735904400 level=info service=queue-worker host=host-03.example trace_id=trace-behavior-00007093 msg="event_id=behavior-7093 step=9"
ts=1735904570 level=info service=queue-worker host=host-03.example trace_id=trace-behavior-00007100 msg="event_id=behavior-7100 LONG_JSON_SENTINEL payload=xxxxxxxxxxxxxxxxxxxxxxxxxxxxxxxxxxxxxxxxxxxxxxxxxxxxxxxxxxxxxxxxxxxxxxxxxxxxxxxxxxxxxxxxxxxxxxxxxxxxxxxxxxxxxxxxxxxxxxxxxxxxxxxxxxxxxxxxxxxxxxxxxxxxxxxxxxxxxxxxxxxxxxxxxxxxxxxxxxxxxxxxxxxxxxxxxxxxxxxxxxxxxxxxxxxxxxxxxxxxxxxxxxxxxxxxxxxxxxxxxxxxxxxxxxxxxxxxxxxxxxxxxxxxxxxxxxxxxxxxxxxxxxxxxxxxxxxxxxxxxxxxxxxxxxxxxxxxxxxxxxxxxxxxxxxxxxxxxxxxxxxxxxxxxxxxxxxxxxxxxxxxxxxxxxxxxxxxxxxxxxxxxxxxxxxxxxxxxxxxxxxxxxxxxxxxxxxxxxxxxxxxxxxxxxxxxxxxxxxxxxxxxxxxxxxxxxxxxxxxxxxxxxxxxxxxxxxxxxxxxxxxxxxxxxxxxxxxxxxx"
ts=1735904666 level=info service=queue-worker host=host-03.example trace_id=trace-behavior-00007104 msg="event_id=behavior-7104 step=9"
ts=1735904812 level=info service=queue-worker host=host-03.example trace_id=trace-behavior-00007110 msg="event_id=behavior-7110 step=4"
ts=1735904932 level=info service=queue-worker host=host-03.example trace_id=trace-behavior-00007115 msg="event_id=behavior-7115 step=9"
ts=1735905053 level=info service=queue-worker host=host-03.example trace_id=trace-behavior-00007120 msg="event_id=behavior-7120 step=3"
ts=1735905102 level=info service=queue-worker host=host-03.example trace_id=trace-behavior-00007122 msg="event_id=behavior-7122 step=5"
ts=1735905368 level=info service=queue-worker host=host-03.example trace_id=trace-behavior-00007133 msg="event_id=behavior-7133 step=5"
ts=1735905513 level=info service=queue-worker host=host-03.example trace_id=trace-behavior-00007139 msg="event_id=behavior-7139 step=0"
ts=1735905537 level=info service=queue-worker host=host-03.example trace_id=trace-behavior-00007140 msg="event_id=behavior-7140 step=1"
ts=1735905586 level=info service=queue-worker host=host-03.example trace_id=trace-behavior-00007142 msg="event_id=behavior-7142 step=3"
ts=1735905658 level=info service=queue-worker host=host-03.example trace_id=trace-behavior-00007145 msg="event_id=behavior-7145 step=6"
ts=1735905682 level=info service=queue-worker host=host-03.example trace_id=trace-behavior-00007146 msg="event_id=behavior-7146 step=7"
ts=1735906118 level=info service=queue-worker host=host-03.example trace_id=trace-behavior-00007164 msg="event_id=behavior-7164 step=3"
ts=1735906481 level=info service=queue-worker host=host-03.example trace_id=trace-behavior-00007179 msg="event_id=behavior-7179 step=7"
ts=1735906529 level=info service=queue-worker host=host-03.example trace_id=trace-behavior-00007181 msg="event_id=behavior-7181 step=9"
ts=1735906795 level=info service=queue-worker host=host-03.example trace_id=trace-behavior-00007192 msg="event_id=behavior-7192 step=9"
ts=1735907037 level=info service=queue-worker host=host-03.example trace_id=trace-behavior-00007202 msg="event_id=behavior-7202 LONG_JSON_SENTINEL payload=xxxxxxxxxxxxxxxxxxxxxxxxxxxxxxxxxxxxxxxxxxxxxxxxxxxxxxxxxxxxxxxxxxxxxxxxxxxxxxxxxxxxxxxxxxxxxxxxxxxxxxxxxxxxxxxxxxxxxxxxxxxxxxxxxxxxxxxxxxxxxxxxxxxxxxxxxxxxxxxxxxxxxxxxxxxxxxxxxxxxxxxxxxxxxxxxxxxxxxxxxxxxxxxxxxxxxxxxxxxxxxxxxxxxxxxxxxxxxxxxxxxxxxxxxxxxxxxxxxxxxxxxxxxxxxxxxxxxxxxxxxxxxxxxxxxxxxxxxxxxxxxxxxxxxxxxxxxxxxxxxxxxxxxxxxxxxxxxxxxxxxxxxxxxxxxxxxxxxxxxxxxxxxxxxxxxxxxxxxxxxxxxxxxxxxxxxxxxxxxxxx"
ts=1735907061 level=info service=queue-worker host=host-03.example trace_id=trace-behavior-00007203 msg="event_id=behavior-7203 STACK_TRACE_SENTINEL failure in handler\n    at lab_module_handler(file=example_rs line=43)\n    at lab_module_dispatch(file=example_rs line=13)\nCaused by: simulated timeout after 103ms"
ts=1735907086 level=info service=queue-worker host=host-03.example trace_id=trace-behavior-00007204 msg="event_id=behavior-7204 step=10"
ts=1735907110 level=info service=queue-worker host=host-03.example trace_id=trace-behavior-00007205 msg="event_id=behavior-7205 step=0"
ts=1735907303 level=info service=queue-worker host=host-03.example trace_id=trace-behavior-00007213 msg="event_id=behavior-7213 step=8"
ts=1735907376 level=info service=queue-worker host=host-03.example trace_id=trace-behavior-00007216 msg="event_id=behavior-7216 step=0"
ts=1735907594 level=info service=queue-worker host=host-03.example trace_id=trace-behavior-00007225 msg="event_id=behavior-7225 step=9"
ts=1735907715 level=info service=queue-worker host=host-03.example trace_id=trace-behavior-00007230 msg="event_id=behavior-7230 step=3"
ts=1735907860 level=info service=queue-worker host=host-03.example trace_id=trace-behavior-00007236 msg="event_id=behavior-7236 step=9"
ts=1735907884 level=info service=queue-worker host=host-03.example trace_id=trace-behavior-00007237 msg="event_id=behavior-7237 step=10"
ts=1735908271 level=info service=queue-worker host=host-03.example trace_id=trace-behavior-00007253 msg="event_id=behavior-7253 step=4"
ts=1735908682 level=info service=queue-worker host=host-03.example trace_id=trace-behavior-00007270 msg="event_id=behavior-7270 step=10"
ts=1735908707 level=info service=queue-worker host=host-03.example trace_id=trace-behavior-00007271 msg="event_id=behavior-7271 step=0"
ts=1735908973 level=info service=queue-worker host=host-03.example trace_id=trace-behavior-00007282 msg="event_id=behavior-7282 step=0"
ts=1735909094 level=info service=queue-worker host=host-03.example trace_id=trace-behavior-00007287 msg="event_id=behavior-7287 step=5"
ts=1735909287 level=info service=queue-worker host=host-03.example trace_id=trace-behavior-00007295 msg="event_id=behavior-7295 step=2"
ts=1735909408 level=info service=queue-worker host=host-03.example trace_id=trace-behavior-00007300 msg="event_id=behavior-7300 LONG_JSON_SENTINEL payload=xxxxxxxxxxxxxxxxxxxxxxxxxxxxxxxxxxxxxxxxxxxxxxxxxxxxxxxxxxxxxxxxxxxxxxxxxxxxxxxxxxxxxxxxxxxxxxxxxxxxxxxxxxxxxxxxxxxxxxxxxxxxxxxxxxxxxxxxxxxxxxxxxxxxxxxxxxxxxxxxxxxxxxxxxxxxxxxxxxxxxxxxxxxxxxxxxxxxxxxxxxxxxxxxxxxxxxxxxxxxxxxxxxxxxxxxxxxxxxxxxxxxxxxxxxxxxxxxxxxxxxxxxxxxxxxxxxxxxxxxxxxxxxxxxxxxxxxxxxxxxxxxxxxxxxxxxxxxxxxxxxxxxxxxxxxxxxxxxxxxxxxxxxxxxxxxxxxxxxxxxxxxxxxxxxxxxxxxxxxxxxxxxxxxxxxxxxxxxxxxxxxxxxxxxxxxxxxxxxxxxxxxxxxxxxxxxxxxxxxxxxxxxxxxxxxxxxxxxxxxxxxxxxxxxxxxxxxxxxxxxxxxxxxxxxxxxxxxxxxx"
ts=1735909626 level=info service=queue-worker host=host-03.example trace_id=trace-behavior-00007309 msg="event_id=behavior-7309 step=5"
ts=1735909819 level=info service=queue-worker host=host-03.example trace_id=trace-behavior-00007317 msg="event_id=behavior-7317 step=2"
ts=1735909916 level=info service=queue-worker host=host-03.example trace_id=trace-behavior-00007321 msg="event_id=behavior-7321 step=6"
ts=1735910182 level=info service=queue-worker host=host-03.example trace_id=trace-behavior-00007332 msg="event_id=behavior-7332 step=6"
ts=1735910207 level=info service=queue-worker host=host-03.example trace_id=trace-behavior-00007333 msg="event_id=behavior-7333 step=7"
ts=1735910376 level=info service=queue-worker host=host-03.example trace_id=trace-behavior-00007340 msg="event_id=behavior-7340 step=3"
ts=1735910400 level=info service=queue-worker host=host-03.example trace_id=trace-behavior-00007341 msg="event_id=behavior-7341 step=4"
ts=1735910569 level=info service=queue-worker host=host-03.example trace_id=trace-behavior-00007348 msg="event_id=behavior-7348 step=0"
ts=1735910690 level=info service=queue-worker host=host-03.example trace_id=trace-behavior-00007353 msg="event_id=behavior-7353 step=5"
ts=1735910836 level=info service=queue-worker host=host-03.example trace_id=trace-behavior-00007359 msg="event_id=behavior-7359 step=0"
ts=1735910932 level=info service=queue-worker host=host-03.example trace_id=trace-behavior-00007363 msg="event_id=behavior-7363 step=4"
ts=1735911005 level=info service=queue-worker host=host-03.example trace_id=trace-behavior-00007366 msg="event_id=behavior-7366 step=7"
ts=1735911150 level=warn service=queue-worker host=host-03.example trace_id=trace-behavior-00007372 msg="event_id=behavior-7372 step=2"
ts=1735911247 level=debug service=queue-worker host=host-03.example trace_id=trace-behavior-00007376 msg="event_id=behavior-7376 step=6"
ts=1735911319 level=info service=queue-worker host=host-03.example trace_id=trace-behavior-00007379 msg="event_id=behavior-7379 step=9"
ts=1735911731 level=info service=queue-worker host=host-03.example trace_id=trace-behavior-00007396 msg="event_id=behavior-7396 step=4"
ts=1735911948 level=info service=queue-worker host=host-03.example trace_id=trace-behavior-00007405 msg="event_id=behavior-7405 step=2"
ts=1735912287 level=info service=queue-worker host=host-03.example trace_id=trace-behavior-00007419 msg="event_id=behavior-7419 step=5"
ts=1735912336 level=info service=queue-worker host=host-03.example trace_id=trace-behavior-00007421 msg="event_id=behavior-7421 step=7"
ts=1735912360 level=info service=queue-worker host=host-03.example trace_id=trace-behavior-00007422 msg="event_id=behavior-7422 step=8"
ts=1735912505 level=info service=queue-worker host=host-03.example trace_id=trace-behavior-00007428 msg="event_id=behavior-7428 step=3"
ts=1735912602 level=info service=queue-worker host=host-03.example trace_id=trace-behavior-00007432 msg="event_id=behavior-7432 step=7"
ts=1735912626 level=info service=queue-worker host=host-03.example trace_id=trace-behavior-00007433 msg="event_id=behavior-7433 step=8"
ts=1735913061 level=info service=queue-worker host=host-03.example trace_id=trace-behavior-00007451 msg="event_id=behavior-7451 step=4"
ts=1735913134 level=info service=queue-worker host=host-03.example trace_id=trace-behavior-00007454 msg="event_id=behavior-7454 step=7"
ts=1735913206 level=info service=queue-worker host=host-03.example trace_id=trace-behavior-00007457 msg="event_id=behavior-7457 step=10"
ts=1735913279 level=info service=queue-worker host=host-03.example trace_id=trace-behavior-00007460 msg="event_id=behavior-7460 step=2"
ts=1735913303 level=info service=queue-worker host=host-03.example trace_id=trace-behavior-00007461 msg="event_id=behavior-7461 step=3"
ts=1735913448 level=info service=queue-worker host=host-03.example trace_id=trace-behavior-00007467 msg="event_id=behavior-7467 step=9"
ts=1735913618 level=info service=queue-worker host=host-03.example trace_id=trace-behavior-00007474 msg="event_id=behavior-7474 step=5"
ts=1735913715 level=info service=queue-worker host=host-03.example trace_id=trace-behavior-00007478 msg="event_id=behavior-7478 step=9"
ts=1735914005 level=info service=queue-worker host=host-03.example trace_id=trace-behavior-00007490 msg="event_id=behavior-7490 step=10"
ts=1735914077 level=info service=queue-worker host=host-03.example trace_id=trace-behavior-00007493 msg="event_id=behavior-7493 step=2"
ts=1735914223 level=info service=queue-worker host=host-03.example trace_id=trace-behavior-00007499 msg="event_id=behavior-7499 step=8"
ts=1735914368 level=info service=queue-worker host=host-03.example trace_id=trace-behavior-00007505 msg="event_id=behavior-7505 step=3"
ts=1735914513 level=info service=queue-worker host=host-03.example trace_id=trace-behavior-00007511 msg="event_id=behavior-7511 step=9"
ts=1735914610 level=info service=queue-worker host=host-03.example trace_id=trace-behavior-00007515 msg="event_id=behavior-7515 step=2"
ts=1735914634 level=info service=queue-worker host=host-03.example trace_id=trace-behavior-00007516 msg="event_id=behavior-7516 step=3"
ts=1735914876 level=info service=queue-worker host=host-03.example trace_id=trace-behavior-00007526 msg="event_id=behavior-7526 step=2"
ts=1735914924 level=info service=queue-worker host=host-03.example trace_id=trace-behavior-00007528 msg="event_id=behavior-7528 step=4"
ts=1735914997 level=info service=queue-worker host=host-03.example trace_id=trace-behavior-00007531 msg="event_id=behavior-7531 step=7"
ts=1735915166 level=info service=queue-worker host=host-03.example trace_id=trace-behavior-00007538 msg="event_id=behavior-7538 step=3"
ts=1735915214 level=info service=queue-worker host=host-03.example trace_id=trace-behavior-00007540 msg="event_id=behavior-7540 step=5"
ts=1735915335 level=info service=queue-worker host=host-03.example trace_id=trace-behavior-00007545 msg="event_id=behavior-7545 step=10"
ts=1735915505 level=info service=queue-worker host=host-03.example trace_id=trace-behavior-00007552 msg="event_id=behavior-7552 step=6"
ts=1735915723 level=info service=queue-worker host=host-03.example trace_id=trace-behavior-00007561 msg="event_id=behavior-7561 step=4"
ts=1735915747 level=info service=queue-worker host=host-03.example trace_id=trace-behavior-00007562 msg="event_id=behavior-7562 step=5"
ts=1735915771 level=info service=queue-worker host=host-03.example trace_id=trace-behavior-00007563 msg="event_id=behavior-7563 step=6"
ts=1735915819 level=info service=queue-worker host=host-03.example trace_id=trace-behavior-00007565 msg="event_id=behavior-7565 step=8"
ts=1735915868 level=info service=queue-worker host=host-03.example trace_id=trace-behavior-00007567 msg="event_id=behavior-7567 step=10"
ts=1735916061 level=debug service=queue-worker host=host-03.example trace_id=trace-behavior-00007575 msg="event_id=behavior-7575 step=7"
ts=1735916110 level=info service=queue-worker host=host-03.example trace_id=trace-behavior-00007577 msg="event_id=behavior-7577 step=9"
ts=1735916424 level=info service=queue-worker host=host-03.example trace_id=trace-behavior-00007590 msg="event_id=behavior-7590 step=0"
ts=1735916473 level=info service=queue-worker host=host-03.example trace_id=trace-behavior-00007592 msg="event_id=behavior-7592 step=2"
ts=1735916545 level=info service=queue-worker host=host-03.example trace_id=trace-behavior-00007595 msg="event_id=behavior-7595 step=5"
ts=1735916690 level=info service=queue-worker host=host-03.example trace_id=trace-behavior-00007601 msg="event_id=behavior-7601 LONG_JSON_SENTINEL payload=xxxxxxxxxxxxxxxxxxxxxxxxxxxxxxxxxxxxxxxxxxxxxxxxxxxxxxxxxxxxxxxxxxxxxxxxxxxxxxxxxxxxxxxxxxxxxxxxxxxxxxxxxxxxxxxxxxxxxxxxxxxxxxxxxxxxxxxxxxxxxxxxxxxxxxxxxxxxxxxxxxxxxxxxxxxxxxxxxxxxxxxxxxxxxxxxxxxxxxxxxxxxxxxxxxxxxxxxxxxxxxxxxxxxxxxxxxxxxxxxxxxxxxxxxxxxxxxxxxxxxxxxxxxxxxxxxxxxxxxxxxxxxxxxxxxxxxxxxxxxxxxxxxxxxxxxxxxxxxxxxxxxxxxxxxxxxxxxxxxxxxxxxxxxxxxxxxxxxxxxxxxxxxxxxxxxxxxxxxxxxxxxxxxxxxxxxxxxxxxxx"
ts=1735916763 level=info service=queue-worker host=host-03.example trace_id=trace-behavior-00007604 msg="event_id=behavior-7604 step=3"
ts=1735916811 level=info service=queue-worker host=host-03.example trace_id=trace-behavior-00007606 msg="event_id=behavior-7606 step=5"
ts=1735916860 level=info service=queue-worker host=host-03.example trace_id=trace-behavior-00007608 msg="event_id=behavior-7608 step=7"
ts=1735916908 level=info service=queue-worker host=host-03.example trace_id=trace-behavior-00007610 msg="event_id=behavior-7610 step=9"
ts=1735917053 level=info service=queue-worker host=host-03.example trace_id=trace-behavior-00007616 msg="event_id=behavior-7616 step=4"
ts=1735917319 level=info service=queue-worker host=host-03.example trace_id=trace-behavior-00007627 msg="event_id=behavior-7627 step=4"
ts=1735917343 level=info service=queue-worker host=host-03.example trace_id=trace-behavior-00007628 msg="event_id=behavior-7628 step=5"
ts=1735917464 level=info service=queue-worker host=host-03.example trace_id=trace-behavior-00007633 msg="event_id=behavior-7633 step=10"
ts=1735917489 level=info service=queue-worker host=host-03.example trace_id=trace-behavior-00007634 msg="event_id=behavior-7634 step=0"
ts=1735917561 level=info service=queue-worker host=host-03.example trace_id=trace-behavior-00007637 msg="event_id=behavior-7637 step=3"
ts=1735917827 level=info service=queue-worker host=host-03.example trace_id=trace-behavior-00007648 msg="event_id=behavior-7648 step=3"
ts=1735917972 level=info service=queue-worker host=host-03.example trace_id=trace-behavior-00007654 msg="event_id=behavior-7654 step=9"
ts=1735918021 level=info service=queue-worker host=host-03.example trace_id=trace-behavior-00007656 msg="event_id=behavior-7656 step=0"
ts=1735918069 level=info service=queue-worker host=host-03.example trace_id=trace-behavior-00007658 msg="event_id=behavior-7658 step=2"
ts=1735918093 level=info service=queue-worker host=host-03.example trace_id=trace-behavior-00007659 msg="event_id=behavior-7659 step=3"
ts=1735918166 level=info service=queue-worker host=host-03.example trace_id=trace-behavior-00007662 msg="event_id=behavior-7662 step=6"
ts=1735918360 level=info service=queue-worker host=host-03.example trace_id=trace-behavior-00007670 msg="event_id=behavior-7670 step=3"
ts=1735918481 level=info service=queue-worker host=host-03.example trace_id=trace-behavior-00007675 msg="event_id=behavior-7675 step=8"
ts=1735918601 level=info service=queue-worker host=host-03.example trace_id=trace-behavior-00007680 msg="event_id=behavior-7680 step=2"
ts=1735918650 level=info service=queue-worker host=host-03.example trace_id=trace-behavior-00007682 msg="event_id=behavior-7682 step=4"
ts=1735918868 level=info service=queue-worker host=host-03.example trace_id=trace-behavior-00007691 msg="event_id=behavior-7691 step=2"
ts=1735918964 level=info service=queue-worker host=host-03.example trace_id=trace-behavior-00007695 msg="event_id=behavior-7695 step=6"
ts=1735919303 level=info service=queue-worker host=host-03.example trace_id=trace-behavior-00007709 msg="event_id=behavior-7709 step=9"
ts=1735919448 level=info service=queue-worker host=host-03.example trace_id=trace-behavior-00007715 msg="event_id=behavior-7715 step=4"
ts=1735919714 level=info service=queue-worker host=host-03.example trace_id=trace-behavior-00007726 msg="event_id=behavior-7726 step=4"
ts=1735919956 level=info service=queue-worker host=host-03.example trace_id=trace-behavior-00007736 msg="event_id=behavior-7736 step=3"
ts=1735920053 level=info service=queue-worker host=host-03.example trace_id=trace-behavior-00007740 msg="event_id=behavior-7740 step=7"
ts=1735920101 level=info service=queue-worker host=host-03.example trace_id=trace-behavior-00007742 msg="event_id=behavior-7742 step=9"
ts=1735920319 level=info service=queue-worker host=host-03.example trace_id=trace-behavior-00007751 msg="event_id=behavior-7751 step=7"
ts=1735920537 level=warn service=queue-worker host=host-03.example trace_id=trace-behavior-00007760 msg="event_id=behavior-7760 step=5"
ts=1735920585 level=info service=queue-worker host=host-03.example trace_id=trace-behavior-00007762 msg="event_id=behavior-7762 step=7"
ts=1735920755 level=info service=queue-worker host=host-03.example trace_id=trace-behavior-00007769 msg="event_id=behavior-7769 step=3"
ts=1735920827 level=info service=queue-worker host=host-03.example trace_id=trace-behavior-00007772 msg="event_id=behavior-7772 step=6"
ts=1735920997 level=info service=queue-worker host=host-03.example trace_id=trace-behavior-00007779 msg="event_id=behavior-7779 step=2"
ts=1735921142 level=info service=queue-worker host=host-03.example trace_id=trace-behavior-00007785 msg="event_id=behavior-7785 step=8"
ts=1735921190 level=info service=queue-worker host=host-03.example trace_id=trace-behavior-00007787 msg="event_id=behavior-7787 step=10"
ts=1735921335 level=info service=queue-worker host=host-03.example trace_id=trace-behavior-00007793 msg="event_id=behavior-7793 step=5"
ts=1735921456 level=info service=queue-worker host=host-03.example trace_id=trace-behavior-00007798 msg="event_id=behavior-7798 step=10"
ts=1735921674 level=error service=queue-worker host=host-03.example trace_id=trace-behavior-00007807 msg="event_id=behavior-7807 step=8"
ts=1735921916 level=info service=queue-worker host=host-03.example trace_id=trace-behavior-00007817 msg="event_id=behavior-7817 step=7"
ts=1735921989 level=info service=queue-worker host=host-03.example trace_id=trace-behavior-00007820 msg="event_id=behavior-7820 step=10"
ts=1735922255 level=info service=queue-worker host=host-03.example trace_id=trace-behavior-00007831 msg="event_id=behavior-7831 step=10"
ts=1735922424 level=info service=queue-worker host=host-03.example trace_id=trace-behavior-00007838 msg="event_id=behavior-7838 step=6"
ts=1735922545 level=info service=queue-worker host=host-03.example trace_id=trace-behavior-00007843 msg="event_id=behavior-7843 step=0"
ts=1735922618 level=info service=queue-worker host=host-03.example trace_id=trace-behavior-00007846 msg="event_id=behavior-7846 step=3"
ts=1735922714 level=info service=queue-worker host=host-03.example trace_id=trace-behavior-00007850 msg="event_id=behavior-7850 step=7"
ts=1735922835 level=info service=queue-worker host=host-03.example trace_id=trace-behavior-00007855 msg="event_id=behavior-7855 step=1"
ts=1735923053 level=info service=queue-worker host=host-03.example trace_id=trace-behavior-00007864 msg="event_id=behavior-7864 step=10"
ts=1735923440 level=info service=queue-worker host=host-03.example trace_id=trace-behavior-00007880 msg="event_id=behavior-7880 step=4"
ts=1735923537 level=info service=queue-worker host=host-03.example trace_id=trace-behavior-00007884 msg="event_id=behavior-7884 step=8"
ts=1735923561 level=info service=queue-worker host=host-03.example trace_id=trace-behavior-00007885 msg="event_id=behavior-7885 step=9"
ts=1735923706 level=info service=queue-worker host=host-03.example trace_id=trace-behavior-00007891 msg="event_id=behavior-7891 step=4"
ts=1735923730 level=info service=queue-worker host=host-03.example trace_id=trace-behavior-00007892 msg="event_id=behavior-7892 step=5"
ts=1735924142 level=info service=queue-worker host=host-03.example trace_id=trace-behavior-00007909 msg="event_id=behavior-7909 step=0"
ts=1735924190 level=info service=queue-worker host=host-03.example trace_id=trace-behavior-00007911 msg="event_id=behavior-7911 step=2"
ts=1735924287 level=info service=queue-worker host=host-03.example trace_id=trace-behavior-00007915 msg="event_id=behavior-7915 step=6"
ts=1735924359 level=info service=queue-worker host=host-03.example trace_id=trace-behavior-00007918 msg="event_id=behavior-7918 step=9"
ts=1735924577 level=info service=queue-worker host=host-03.example trace_id=trace-behavior-00007927 msg="event_id=behavior-7927 step=7"
ts=1735924843 level=info service=queue-worker host=host-03.example trace_id=trace-behavior-00007938 msg="event_id=behavior-7938 step=7"
ts=1735924940 level=info service=queue-worker host=host-03.example trace_id=trace-behavior-00007942 msg="event_id=behavior-7942 step=0"
ts=1735925013 level=info service=queue-worker host=host-03.example trace_id=trace-behavior-00007945 msg="event_id=behavior-7945 step=3"
ts=1735925109 level=info service=queue-worker host=host-03.example trace_id=trace-behavior-00007949 msg="event_id=behavior-7949 step=7"
ts=1735925690 level=info service=queue-worker host=host-03.example trace_id=trace-behavior-00007973 msg="event_id=behavior-7973 step=9"
ts=1735925811 level=info service=queue-worker host=host-03.example trace_id=trace-behavior-00007978 msg="event_id=behavior-7978 step=3"
ts=1735925835 level=info service=queue-worker host=host-03.example trace_id=trace-behavior-00007979 msg="event_id=behavior-7979 step=4"
ts=1735925859 level=info service=queue-worker host=host-03.example trace_id=trace-behavior-00007980 msg="event_id=behavior-7980 step=5"
ts=1735925980 level=info service=queue-worker host=host-03.example trace_id=trace-behavior-00007985 msg="event_id=behavior-7985 step=10"
ts=1735926005 level=info service=queue-worker host=host-03.example trace_id=trace-behavior-00007986 msg="event_id=behavior-7986 step=0"
ts=1735926271 level=info service=queue-worker host=host-03.example trace_id=trace-behavior-00007997 msg="event_id=behavior-7997 step=0"
ts=1736035599 level=info service=queue-worker host=host-03.example trace_id=trace-behavior-00012516 msg="event_id=behavior-12516 step=9"
ts=1736035647 level=info service=queue-worker host=host-03.example trace_id=trace-behavior-00012518 msg="event_id=behavior-12518 step=0"
ts=1736035744 level=info service=queue-worker host=host-03.example trace_id=trace-behavior-00012522 msg="event_id=behavior-12522 step=4"
ts=1736036083 level=info service=queue-worker host=host-03.example trace_id=trace-behavior-00012536 msg="event_id=behavior-12536 step=7"
ts=1736036324 level=info service=queue-worker host=host-03.example trace_id=trace-behavior-00012546 msg="event_id=behavior-12546 step=6"
ts=1736036687 level=info service=queue-worker host=host-03.example trace_id=trace-behavior-00012561 msg="event_id=behavior-12561 step=10"
ts=1736036808 level=info service=queue-worker host=host-03.example trace_id=trace-behavior-00012566 msg="event_id=behavior-12566 step=4"
ts=1736037002 level=info service=queue-worker host=host-03.example trace_id=trace-behavior-00012574 msg="event_id=behavior-12574 step=1"
ts=1736037099 level=debug service=queue-worker host=host-03.example trace_id=trace-behavior-00012578 msg="event_id=behavior-12578 step=5"
ts=1736037316 level=info service=queue-worker host=host-03.example trace_id=trace-behavior-00012587 msg="event_id=behavior-12587 step=3"
ts=1736037341 level=info service=queue-worker host=host-03.example trace_id=trace-behavior-00012588 msg="event_id=behavior-12588 step=4"
ts=1736037413 level=info service=queue-worker host=host-03.example trace_id=trace-behavior-00012591 msg="event_id=behavior-12591 step=7"
ts=1736037437 level=info service=queue-worker host=host-03.example trace_id=trace-behavior-00012592 msg="event_id=behavior-12592 step=8"
ts=1736037558 level=info service=queue-worker host=host-03.example trace_id=trace-behavior-00012597 msg="event_id=behavior-12597 step=2"
ts=1736037728 level=info service=queue-worker host=host-03.example trace_id=trace-behavior-00012604 msg="event_id=behavior-12604 step=9"
ts=1736037800 level=info service=queue-worker host=host-03.example trace_id=trace-behavior-00012607 msg="event_id=behavior-12607 step=1"
ts=1736037824 level=info service=queue-worker host=host-03.example trace_id=trace-behavior-00012608 msg="event_id=behavior-12608 step=2"
ts=1736037873 level=warn service=queue-worker host=host-03.example trace_id=trace-behavior-00012610 msg="event_id=behavior-12610 step=4"
ts=1736037897 level=info service=queue-worker host=host-03.example trace_id=trace-behavior-00012611 msg="event_id=behavior-12611 step=5"
ts=1736038066 level=info service=queue-worker host=host-03.example trace_id=trace-behavior-00012618 msg="event_id=behavior-12618 step=1"
ts=1736038115 level=info service=queue-worker host=host-03.example trace_id=trace-behavior-00012620 msg="event_id=behavior-12620 step=3"
ts=1736038212 level=info service=queue-worker host=host-03.example trace_id=trace-behavior-00012624 msg="event_id=behavior-12624 step=7"
ts=1736038332 level=info service=queue-worker host=host-03.example trace_id=trace-behavior-00012629 msg="event_id=behavior-12629 step=1"
ts=1736038429 level=info service=queue-worker host=host-03.example trace_id=trace-behavior-00012633 msg="event_id=behavior-12633 step=5"
ts=1736038841 level=info service=queue-worker host=host-03.example trace_id=trace-behavior-00012650 msg="event_id=behavior-12650 step=0"
ts=1736039252 level=info service=queue-worker host=host-03.example trace_id=trace-behavior-00012667 msg="event_id=behavior-12667 step=6"
ts=1736039276 level=info service=queue-worker host=host-03.example trace_id=trace-behavior-00012668 msg="event_id=behavior-12668 step=7"
ts=1736039736 level=info service=queue-worker host=host-03.example trace_id=trace-behavior-00012687 msg="event_id=behavior-12687 step=4"
ts=1736039978 level=info service=queue-worker host=host-03.example trace_id=trace-behavior-00012697 msg="event_id=behavior-12697 step=3"
ts=1736040026 level=info service=queue-worker host=host-03.example trace_id=trace-behavior-00012699 msg="event_id=behavior-12699 step=5"
ts=1736040244 level=info service=queue-worker host=host-03.example trace_id=trace-behavior-00012708 msg="event_id=behavior-12708 step=3"
ts=1736040510 level=info service=queue-worker host=host-03.example trace_id=trace-behavior-00012719 msg="event_id=behavior-12719 step=3"
ts=1736040679 level=info service=queue-worker host=host-03.example trace_id=trace-behavior-00012726 msg="event_id=behavior-12726 step=10"
ts=1736040897 level=info service=queue-worker host=host-03.example trace_id=trace-behavior-00012735 msg="event_id=behavior-12735 step=8"
ts=1736041090 level=info service=queue-worker host=host-03.example trace_id=trace-behavior-00012743 msg="event_id=behavior-12743 step=5"
ts=1736041139 level=info service=queue-worker host=host-03.example trace_id=trace-behavior-00012745 msg="event_id=behavior-12745 step=7"
ts=1736041187 level=info service=queue-worker host=host-03.example trace_id=trace-behavior-00012747 msg="event_id=behavior-12747 step=9"
ts=1736041357 level=info service=queue-worker host=host-03.example trace_id=trace-behavior-00012754 msg="event_id=behavior-12754 step=5"
ts=1736041502 level=info service=queue-worker host=host-03.example trace_id=trace-behavior-00012760 msg="event_id=behavior-12760 step=0"
ts=1736041526 level=info service=queue-worker host=host-03.example trace_id=trace-behavior-00012761 msg="event_id=behavior-12761 step=1"
ts=1736042179 level=info service=queue-worker host=host-03.example trace_id=trace-behavior-00012788 msg="event_id=behavior-12788 step=6"
ts=1736042203 level=info service=queue-worker host=host-03.example trace_id=trace-behavior-00012789 msg="event_id=behavior-12789 step=7"
ts=1736042228 level=info service=queue-worker host=host-03.example trace_id=trace-behavior-00012790 msg="event_id=behavior-12790 step=8"
ts=1736042300 level=info service=queue-worker host=host-03.example trace_id=trace-behavior-00012793 msg="event_id=behavior-12793 step=0"
ts=1736042373 level=debug service=queue-worker host=host-03.example trace_id=trace-behavior-00012796 msg="event_id=behavior-12796 step=3"
ts=1736042494 level=info service=queue-worker host=host-03.example trace_id=trace-behavior-00012801 msg="event_id=behavior-12801 STACK_TRACE_SENTINEL failure in handler\n    at lab_module_handler(file=example_rs line=41)\n    at lab_module_dispatch(file=example_rs line=11)\nCaused by: simulated timeout after 301ms"
ts=1736042566 level=warn service=queue-worker host=host-03.example trace_id=trace-behavior-00012804 msg="event_id=behavior-12804 step=0"
ts=1736042881 level=info service=queue-worker host=host-03.example trace_id=trace-behavior-00012817 msg="event_id=behavior-12817 step=2"
ts=1736043002 level=info service=queue-worker host=host-03.example trace_id=trace-behavior-00012822 msg="event_id=behavior-12822 step=7"
ts=1736043074 level=info service=queue-worker host=host-03.example trace_id=trace-behavior-00012825 msg="event_id=behavior-12825 step=10"
ts=1736043147 level=info service=queue-worker host=host-03.example trace_id=trace-behavior-00012828 msg="event_id=behavior-12828 step=2"
ts=1736043558 level=debug service=queue-worker host=host-03.example trace_id=trace-behavior-00012845 msg="event_id=behavior-12845 step=8"
ts=1736043824 level=info service=queue-worker host=host-03.example trace_id=trace-behavior-00012856 msg="event_id=behavior-12856 step=8"
ts=1736043897 level=info service=queue-worker host=host-03.example trace_id=trace-behavior-00012859 msg="event_id=behavior-12859 step=0"
ts=1736044042 level=info service=queue-worker host=host-03.example trace_id=trace-behavior-00012865 msg="event_id=behavior-12865 step=6"
ts=1736044115 level=info service=queue-worker host=host-03.example trace_id=trace-behavior-00012868 msg="event_id=behavior-12868 step=9"
ts=1736044332 level=info service=queue-worker host=host-03.example trace_id=trace-behavior-00012877 msg="event_id=behavior-12877 step=7"
ts=1736044357 level=info service=queue-worker host=host-03.example trace_id=trace-behavior-00012878 msg="event_id=behavior-12878 step=8"
ts=1736044526 level=info service=queue-worker host=host-03.example trace_id=trace-behavior-00012885 msg="event_id=behavior-12885 step=4"
ts=1736044671 level=info service=queue-worker host=host-03.example trace_id=trace-behavior-00012891 msg="event_id=behavior-12891 step=10"
ts=1736044695 level=info service=queue-worker host=host-03.example trace_id=trace-behavior-00012892 msg="event_id=behavior-12892 step=0"
ts=1736044865 level=info service=queue-worker host=host-03.example trace_id=trace-behavior-00012899 msg="event_id=behavior-12899 step=7"
ts=1736044986 level=info service=queue-worker host=host-03.example trace_id=trace-behavior-00012904 msg="event_id=behavior-12904 step=1"
ts=1736045179 level=info service=queue-worker host=host-03.example trace_id=trace-behavior-00012912 msg="event_id=behavior-12912 step=9"
ts=1736045300 level=info service=queue-worker host=host-03.example trace_id=trace-behavior-00012917 msg="event_id=behavior-12917 step=3"
ts=1736045324 level=info service=queue-worker host=host-03.example trace_id=trace-behavior-00012918 msg="event_id=behavior-12918 step=4"
ts=1736045494 level=info service=queue-worker host=host-03.example trace_id=trace-behavior-00012925 msg="event_id=behavior-12925 step=0"
ts=1736045566 level=info service=queue-worker host=host-03.example trace_id=trace-behavior-00012928 msg="event_id=behavior-12928 step=3"
ts=1736045929 level=info service=queue-worker host=host-03.example trace_id=trace-behavior-00012943 msg="event_id=behavior-12943 step=7"
ts=1736046002 level=info service=queue-worker host=host-03.example trace_id=trace-behavior-00012946 msg="event_id=behavior-12946 step=10"
ts=1736046123 level=info service=queue-worker host=host-03.example trace_id=trace-behavior-00012951 msg="event_id=behavior-12951 step=4"
ts=1736046365 level=info service=queue-worker host=host-03.example trace_id=trace-behavior-00012961 msg="event_id=behavior-12961 step=3"
ts=1736046461 level=info service=queue-worker host=host-03.example trace_id=trace-behavior-00012965 msg="event_id=behavior-12965 step=7"
ts=1736046534 level=info service=queue-worker host=host-03.example trace_id=trace-behavior-00012968 msg="event_id=behavior-12968 step=10"
ts=1736046582 level=info service=queue-worker host=host-03.example trace_id=trace-behavior-00012970 msg="event_id=behavior-12970 step=1"
ts=1736046606 level=debug service=queue-worker host=host-03.example trace_id=trace-behavior-00012971 msg="event_id=behavior-12971 step=2"
ts=1736046848 level=info service=queue-worker host=host-03.example trace_id=trace-behavior-00012981 msg="event_id=behavior-12981 step=1"
ts=1736046921 level=info service=queue-worker host=host-03.example trace_id=trace-behavior-00012984 msg="event_id=behavior-12984 step=4"
ts=1736046945 level=info service=queue-worker host=host-03.example trace_id=trace-behavior-00012985 msg="event_id=behavior-12985 step=5"
ts=1736047115 level=info service=queue-worker host=host-03.example trace_id=trace-behavior-00012992 msg="event_id=behavior-12992 step=1"
ts=1736047163 level=info service=queue-worker host=host-03.example trace_id=trace-behavior-00012994 msg="event_id=behavior-12994 step=3"
ts=1736047308 level=info service=queue-worker host=host-03.example trace_id=trace-behavior-00013000 msg="event_id=behavior-13000 LONG_JSON_SENTINEL payload=xxxxxxxxxxxxxxxxxxxxxxxxxxxxxxxxxxxxxxxxxxxxxxxxxxxxxxxxxxxxxxxxxxxxxxxxxxxxxxxxxxxxxxxxxxxxxxxxxxxxxxxxxxxxxxxxxxxxxxxxxxxxxxxxxxxxxxxxxxxxxxxxxxxxxxxxxxxxxxxxxxxxxxxxxxxxxxxxxxxxxxxxxxxxxxxxxxxxxxxxxxxxxxxxxxxxxxxxxxxxxxxxxxxxxxxxxxxxxxxxxxxxxxxxxxxxxxxxxxxxxxxxxxxxxxxxxxxxxxxxxxxxxxxxxxxxxxxxxxxxxxxxxxxxxxxxxxxxxxxxxxxxxxxxxxxxxxxxxxxxxxxxxxxxxxxxxxxxxxxxxxxxxxxxxxxxxxxxxxxxxxxxxxxxxxxxxxxxxxxx"
ts=1736047332 level=info service=queue-worker host=host-03.example trace_id=trace-behavior-00013001 msg="event_id=behavior-13001 LONG_JSON_SENTINEL payload=xxxxxxxxxxxxxxxxxxxxxxxxxxxxxxxxxxxxxxxxxxxxxxxxxxxxxxxxxxxxxxxxxxxxxxxxxxxxxxxxxxxxxxxxxxxxxxxxxxxxxxxxxxxxxxxxxxxxxxxxxxxxxxxxxxxxxxxxxxxxxxxxxxxxxxxxxxxxxxxxxxxxxxxxxxxxxxxxxxxxxxxxxxxxxxxxxxxxxxxxxxxxxxxxxxxxxxxxxxxxxxxxxxxxxxxxxxxxxxxxxxxxxxxxxxxxxxxxxxxxxxxxxxxxxxxxxxxxxxxxxxxxxxxxxxxxxxxxxxxxxxxxxxxxxxxxxxxxxxxxxxxxxxxxxxxxxxxxxxxxxxxxxxxxxxxxxxxxxxxxxxxxxxxxxxxxxxxxxxxxxxxxxxxxxxxxxxxxxxxxx"
ts=1736047381 level=info service=queue-worker host=host-03.example trace_id=trace-behavior-00013003 msg="event_id=behavior-13003 LONG_JSON_SENTINEL payload=xxxxxxxxxxxxxxxxxxxxxxxxxxxxxxxxxxxxxxxxxxxxxxxxxxxxxxxxxxxxxxxxxxxxxxxxxxxxxxxxxxxxxxxxxxxxxxxxxxxxxxxxxxxxxxxxxxxxxxxxxxxxxxxxxxxxxxxxxxxxxxxxxxxxxxxxxxxxxxxxxxxxxxxxxxxxxxxxxxxxxxxxxxxxxxxxxxxxxxxxxxxxxxxxxxxxxxxxxxxxxxxxxxxxxxxxxxxxxxxxxxxxxxxxxxxxxxxxxxxxxxxxxxxxxxxxxxxxxxxxxxxxxxxxxxxxxxxxxxxxxxxxxxxxxxxxxxxxxxxxxxxxxxxxxxxxxxxxxxxxxxxxxxxxxxxxxxxxxxxxxxxxxxxxxxxxxxxxxxxxxxxxxxxxxxxxxxxxxxxxxxx"
ts=1736047405 level=info service=queue-worker host=host-03.example trace_id=trace-behavior-00013004 msg="event_id=behavior-13004 step=2"
ts=1736047526 level=info service=queue-worker host=host-03.example trace_id=trace-behavior-00013009 msg="event_id=behavior-13009 step=7"
ts=1736047816 level=info service=queue-worker host=host-03.example trace_id=trace-behavior-00013021 msg="event_id=behavior-13021 step=8"
ts=1736047865 level=info service=queue-worker host=host-03.example trace_id=trace-behavior-00013023 msg="event_id=behavior-13023 step=10"
ts=1736048034 level=info service=queue-worker host=host-03.example trace_id=trace-behavior-00013030 msg="event_id=behavior-13030 step=6"
ts=1736048058 level=info service=queue-worker host=host-03.example trace_id=trace-behavior-00013031 msg="event_id=behavior-13031 step=7"
ts=1736048155 level=info service=queue-worker host=host-03.example trace_id=trace-behavior-00013035 msg="event_id=behavior-13035 step=0"
ts=1736048276 level=info service=queue-worker host=host-03.example trace_id=trace-behavior-00013040 msg="event_id=behavior-13040 step=5"
ts=1736048421 level=info service=queue-worker host=host-03.example trace_id=trace-behavior-00013046 msg="event_id=behavior-13046 step=0"
ts=1736048445 level=info service=queue-worker host=host-03.example trace_id=trace-behavior-00013047 msg="event_id=behavior-13047 step=1"
ts=1736048832 level=info service=queue-worker host=host-03.example trace_id=trace-behavior-00013063 msg="event_id=behavior-13063 step=6"
ts=1736049002 level=info service=queue-worker host=host-03.example trace_id=trace-behavior-00013070 msg="event_id=behavior-13070 step=2"
ts=1736049074 level=info service=queue-worker host=host-03.example trace_id=trace-behavior-00013073 msg="event_id=behavior-13073 step=5"
ts=1736049244 level=info service=queue-worker host=host-03.example trace_id=trace-behavior-00013080 msg="event_id=behavior-13080 step=1"
ts=1736049340 level=info service=queue-worker host=host-03.example trace_id=trace-behavior-00013084 msg="event_id=behavior-13084 step=5"
ts=1736049437 level=info service=queue-worker host=host-03.example trace_id=trace-behavior-00013088 msg="event_id=behavior-13088 step=9"
ts=1736049485 level=info service=queue-worker host=host-03.example trace_id=trace-behavior-00013090 msg="event_id=behavior-13090 step=0"
ts=1736049606 level=warn service=queue-worker host=host-03.example trace_id=trace-behavior-00013095 msg="event_id=behavior-13095 step=5"
ts=1736049631 level=info service=queue-worker host=host-03.example trace_id=trace-behavior-00013096 msg="event_id=behavior-13096 step=6"
ts=1736049800 level=info service=queue-worker host=host-03.example trace_id=trace-behavior-00013103 msg="event_id=behavior-13103 LONG_JSON_SENTINEL payload=xxxxxxxxxxxxxxxxxxxxxxxxxxxxxxxxxxxxxxxxxxxxxxxxxxxxxxxxxxxxxxxxxxxxxxxxxxxxxxxxxxxxxxxxxxxxxxxxxxxxxxxxxxxxxxxxxxxxxxxxxxxxxxxxxxxxxxxxxxxxxxxxxxxxxxxxxxxxxxxxxxxxxxxxxxxxxxxxxxxxxxxxxxxxxxxxxxxxxxxxxxxxxxxxxxxxxxxxxxxxxxxxxxxxxxxxxxxxxxxxxxxxxxxxxxxxxxxxxxxxxxxxxxxxxxxxxxxxxxxxxxxxxxxxxxxxxxxxxxxxxxxxxxxxxxxxxxxxxxxxxxxxxxxxxxxxxxxxxxxxxxxxxxxxxxxxxxxxxxxxxxxxxxxxxxxxxxxxxxxxxxxxxxxxxxxxxxxxxxxxxxxxxxxxxxxxxxxxxxxxxxxxxxxxxxxxxxxxxxxxxxxxxxxxxxxxxxxxxxxxxxxxxxxxxxxxxxxxxxxxxxxxxxxxxxxxxxxxxxxxxxx"
ts=1736050090 level=info service=queue-worker host=host-03.example trace_id=trace-behavior-00013115 msg="event_id=behavior-13115 step=3"
ts=1736050139 level=info service=queue-worker host=host-03.example trace_id=trace-behavior-00013117 msg="event_id=behavior-13117 step=5"
ts=1736050260 level=info service=queue-worker host=host-03.example trace_id=trace-behavior-00013122 msg="event_id=behavior-13122 step=10"
ts=1736050284 level=info service=queue-worker host=host-03.example trace_id=trace-behavior-00013123 msg="event_id=behavior-13123 step=0"
ts=1736050405 level=info service=queue-worker host=host-03.example trace_id=trace-behavior-00013128 msg="event_id=behavior-13128 step=5"
ts=1736050453 level=info service=queue-worker host=host-03.example trace_id=trace-behavior-00013130 msg="event_id=behavior-13130 step=7"
ts=1736050477 level=info service=queue-worker host=host-03.example trace_id=trace-behavior-00013131 msg="event_id=behavior-13131 step=8"
ts=1736050623 level=info service=queue-worker host=host-03.example trace_id=trace-behavior-00013137 msg="event_id=behavior-13137 step=3"
ts=1736050671 level=info service=queue-worker host=host-03.example trace_id=trace-behavior-00013139 msg="event_id=behavior-13139 step=5"
ts=1736050840 level=info service=queue-worker host=host-03.example trace_id=trace-behavior-00013146 msg="event_id=behavior-13146 step=1"
ts=1736050937 level=info service=queue-worker host=host-03.example trace_id=trace-behavior-00013150 msg="event_id=behavior-13150 step=5"
ts=1736051203 level=info service=queue-worker host=host-03.example trace_id=trace-behavior-00013161 msg="event_id=behavior-13161 step=5"
ts=1736051300 level=info service=queue-worker host=host-03.example trace_id=trace-behavior-00013165 msg="event_id=behavior-13165 step=9"
ts=1736051518 level=info service=queue-worker host=host-03.example trace_id=trace-behavior-00013174 msg="event_id=behavior-13174 step=7"
ts=1736051832 level=info service=queue-worker host=host-03.example trace_id=trace-behavior-00013187 msg="event_id=behavior-13187 step=9"
ts=1736052002 level=info service=queue-worker host=host-03.example trace_id=trace-behavior-00013194 msg="event_id=behavior-13194 step=5"
ts=1736052050 level=info service=queue-worker host=host-03.example trace_id=trace-behavior-00013196 msg="event_id=behavior-13196 step=7"
ts=1736052098 level=info service=queue-worker host=host-03.example trace_id=trace-behavior-00013198 msg="event_id=behavior-13198 step=9"
ts=1736052219 level=info service=queue-worker host=host-03.example trace_id=trace-behavior-00013203 msg="event_id=behavior-13203 STACK_TRACE_SENTINEL failure in handler\n    at lab_module_handler(file=example_rs line=43)\n    at lab_module_dispatch(file=example_rs line=13)\nCaused by: simulated timeout after 703ms"
ts=1736052268 level=info service=queue-worker host=host-03.example trace_id=trace-behavior-00013205 msg="event_id=behavior-13205 step=5"
ts=1736052558 level=info service=queue-worker host=host-03.example trace_id=trace-behavior-00013217 msg="event_id=behavior-13217 step=6"
ts=1736052582 level=info service=queue-worker host=host-03.example trace_id=trace-behavior-00013218 msg="event_id=behavior-13218 step=7"
ts=1736052631 level=info service=queue-worker host=host-03.example trace_id=trace-behavior-00013220 msg="event_id=behavior-13220 step=9"
ts=1736052727 level=info service=queue-worker host=host-03.example trace_id=trace-behavior-00013224 msg="event_id=behavior-13224 step=2"
ts=1736052848 level=info service=queue-worker host=host-03.example trace_id=trace-behavior-00013229 msg="event_id=behavior-13229 step=7"
ts=1736052921 level=info service=queue-worker host=host-03.example trace_id=trace-behavior-00013232 msg="event_id=behavior-13232 step=10"
ts=1736053042 level=info service=queue-worker host=host-03.example trace_id=trace-behavior-00013237 msg="event_id=behavior-13237 step=4"
ts=1736053453 level=info service=queue-worker host=host-03.example trace_id=trace-behavior-00013254 msg="event_id=behavior-13254 step=10"
ts=1736053501 level=info service=queue-worker host=host-03.example trace_id=trace-behavior-00013256 msg="event_id=behavior-13256 step=1"
ts=1736053622 level=info service=queue-worker host=host-03.example trace_id=trace-behavior-00013261 msg="event_id=behavior-13261 step=6"
ts=1736053768 level=info service=queue-worker host=host-03.example trace_id=trace-behavior-00013267 msg="event_id=behavior-13267 step=1"
ts=1736053961 level=info service=queue-worker host=host-03.example trace_id=trace-behavior-00013275 msg="event_id=behavior-13275 step=9"
ts=1736054082 level=info service=queue-worker host=host-03.example trace_id=trace-behavior-00013280 msg="event_id=behavior-13280 step=3"
ts=1736054155 level=info service=queue-worker host=host-03.example trace_id=trace-behavior-00013283 msg="event_id=behavior-13283 step=6"
ts=1736054227 level=info service=queue-worker host=host-03.example trace_id=trace-behavior-00013286 msg="event_id=behavior-13286 step=9"
ts=1736054251 level=info service=queue-worker host=host-03.example trace_id=trace-behavior-00013287 msg="event_id=behavior-13287 step=10"
ts=1736054324 level=info service=queue-worker host=host-03.example trace_id=trace-behavior-00013290 msg="event_id=behavior-13290 step=2"
ts=1736054590 level=info service=queue-worker host=host-03.example trace_id=trace-behavior-00013301 msg="event_id=behavior-13301 LONG_JSON_SENTINEL payload=xxxxxxxxxxxxxxxxxxxxxxxxxxxxxxxxxxxxxxxxxxxxxxxxxxxxxxxxxxxxxxxxxxxxxxxxxxxxxxxxxxxxxxxxxxxxxxxxxxxxxxxxxxxxxxxxxxxxxxxxxxxxxxxxxxxxxxxxxxxxxxxxxxxxxxxxxxxxxxxxxxxxxxxxxxxxxxxxxxxxxxxxxxxxxxxxxxxxxxxxxxxxxxxxxxxxxxxxxxxxxxxxxxxxxxxxxxxxxxxxxxxxxxxxxxxxxxxxxxxxxxxxxxxxxxxxxxxxxxxxxxxxxxxxxxxxxxxxxxxxxxxxxxxxxxxxxxxxxxxxxxxxxxxxxxxxxxxxxxxxxxxxxxxxxxxxxxxxxxxxxxxxxxxxxxxxxxxxxxxxxxxxxxxxxxxxxxxxxxxxxxxxxxxxxxxxxxxxxxxxxxxxxxxxxxxxxxxxxxxxxxxxxxxxxxxxxxxxxxxxxxxxxxxxxxxxxxxxxxxxxxxxxxxxxxxxxxxxxxxxx"
ts=1736054929 level=info service=queue-worker host=host-03.example trace_id=trace-behavior-00013315 msg="event_id=behavior-13315 step=5"
ts=1736055219 level=info service=queue-worker host=host-03.example trace_id=trace-behavior-00013327 msg="event_id=behavior-13327 step=6"
ts=1736055340 level=info service=queue-worker host=host-03.example trace_id=trace-behavior-00013332 msg="event_id=behavior-13332 step=0"
ts=1736055485 level=info service=queue-worker host=host-03.example trace_id=trace-behavior-00013338 msg="event_id=behavior-13338 step=6"
ts=1736055727 level=info service=queue-worker host=host-03.example trace_id=trace-behavior-00013348 msg="event_id=behavior-13348 step=5"
ts=1736055848 level=info service=queue-worker host=host-03.example trace_id=trace-behavior-00013353 msg="event_id=behavior-13353 step=10"
ts=1736056526 level=info service=queue-worker host=host-03.example trace_id=trace-behavior-00013381 msg="event_id=behavior-13381 step=5"
ts=1736056598 level=info service=queue-worker host=host-03.example trace_id=trace-behavior-00013384 msg="event_id=behavior-13384 step=8"
ts=1736056671 level=info service=queue-worker host=host-03.example trace_id=trace-behavior-00013387 msg="event_id=behavior-13387 step=0"
ts=1736056695 level=info service=queue-worker host=host-03.example trace_id=trace-behavior-00013388 msg="event_id=behavior-13388 step=1"
ts=1736056743 level=info service=queue-worker host=host-03.example trace_id=trace-behavior-00013390 msg="event_id=behavior-13390 step=3"
ts=1736056840 level=info service=queue-worker host=host-03.example trace_id=trace-behavior-00013394 msg="event_id=behavior-13394 step=7"
ts=1736057227 level=info service=queue-worker host=host-03.example trace_id=trace-behavior-00013410 msg="event_id=behavior-13410 step=1"
ts=1736057251 level=debug service=queue-worker host=host-03.example trace_id=trace-behavior-00013411 msg="event_id=behavior-13411 step=2"
ts=1736057276 level=info service=queue-worker host=host-03.example trace_id=trace-behavior-00013412 msg="event_id=behavior-13412 step=3"
ts=1736057324 level=info service=queue-worker host=host-03.example trace_id=trace-behavior-00013414 msg="event_id=behavior-13414 step=5"
ts=1736057469 level=info service=queue-worker host=host-03.example trace_id=trace-behavior-00013420 msg="event_id=behavior-13420 step=0"
ts=1736057759 level=info service=queue-worker host=host-03.example trace_id=trace-behavior-00013432 msg="event_id=behavior-13432 step=1"
ts=1736057808 level=info service=queue-worker host=host-03.example trace_id=trace-behavior-00013434 msg="event_id=behavior-13434 step=3"
ts=1736057977 level=info service=queue-worker host=host-03.example trace_id=trace-behavior-00013441 msg="event_id=behavior-13441 step=10"
ts=1736058001 level=info service=queue-worker host=host-03.example trace_id=trace-behavior-00013442 msg="event_id=behavior-13442 step=0"
ts=1736058026 level=info service=queue-worker host=host-03.example trace_id=trace-behavior-00013443 msg="event_id=behavior-13443 step=1"
ts=1736058292 level=info service=queue-worker host=host-03.example trace_id=trace-behavior-00013454 msg="event_id=behavior-13454 step=1"
ts=1736058388 level=debug service=queue-worker host=host-03.example trace_id=trace-behavior-00013458 msg="event_id=behavior-13458 step=5"
ts=1736058679 level=info service=queue-worker host=host-03.example trace_id=trace-behavior-00013470 msg="event_id=behavior-13470 step=6"
ts=1736058703 level=info service=queue-worker host=host-03.example trace_id=trace-behavior-00013471 msg="event_id=behavior-13471 step=7"
ts=1736058897 level=info service=queue-worker host=host-03.example trace_id=trace-behavior-00013479 msg="event_id=behavior-13479 step=4"
ts=1736058921 level=info service=queue-worker host=host-03.example trace_id=trace-behavior-00013480 msg="event_id=behavior-13480 step=5"
ts=1736059163 level=info service=queue-worker host=host-03.example trace_id=trace-behavior-00013490 msg="event_id=behavior-13490 step=4"
ts=1736059332 level=info service=queue-worker host=host-03.example trace_id=trace-behavior-00013497 msg="event_id=behavior-13497 step=0"
ts=1736059380 level=info service=queue-worker host=host-03.example trace_id=trace-behavior-00013499 msg="event_id=behavior-13499 step=2"
ts=1736059526 level=info service=queue-worker host=host-03.example trace_id=trace-behavior-00013505 msg="event_id=behavior-13505 step=8"
ts=1736059695 level=info service=queue-worker host=host-03.example trace_id=trace-behavior-00013512 msg="event_id=behavior-13512 step=4"
ts=1736059743 level=info service=queue-worker host=host-03.example trace_id=trace-behavior-00013514 msg="event_id=behavior-13514 step=6"
ts=1736059816 level=info service=queue-worker host=host-03.example trace_id=trace-behavior-00013517 msg="event_id=behavior-13517 step=9"
ts=1736059840 level=info service=queue-worker host=host-03.example trace_id=trace-behavior-00013518 msg="event_id=behavior-13518 step=10"
ts=1736059985 level=info service=queue-worker host=host-03.example trace_id=trace-behavior-00013524 msg="event_id=behavior-13524 step=5"
ts=1736060106 level=info service=queue-worker host=host-03.example trace_id=trace-behavior-00013529 msg="event_id=behavior-13529 step=10"
ts=1736060130 level=info service=queue-worker host=host-03.example trace_id=trace-behavior-00013530 msg="event_id=behavior-13530 step=0"
ts=1736060614 level=info service=queue-worker host=host-03.example trace_id=trace-behavior-00013550 msg="event_id=behavior-13550 step=9"
ts=1736060638 level=info service=queue-worker host=host-03.example trace_id=trace-behavior-00013551 msg="event_id=behavior-13551 step=10"
ts=1736060711 level=info service=queue-worker host=host-03.example trace_id=trace-behavior-00013554 msg="event_id=behavior-13554 step=2"
ts=1736060784 level=info service=queue-worker host=host-03.example trace_id=trace-behavior-00013557 msg="event_id=behavior-13557 step=5"
ts=1736060856 level=info service=queue-worker host=host-03.example trace_id=trace-behavior-00013560 msg="event_id=behavior-13560 step=8"
ts=1736060953 level=info service=queue-worker host=host-03.example trace_id=trace-behavior-00013564 msg="event_id=behavior-13564 step=1"
ts=1736061001 level=info service=queue-worker host=host-03.example trace_id=trace-behavior-00013566 msg="event_id=behavior-13566 step=3"
ts=1736061050 level=info service=queue-worker host=host-03.example trace_id=trace-behavior-00013568 msg="event_id=behavior-13568 step=5"
ts=1736061074 level=info service=queue-worker host=host-03.example trace_id=trace-behavior-00013569 msg="event_id=behavior-13569 step=6"
ts=1736061098 level=info service=queue-worker host=host-03.example trace_id=trace-behavior-00013570 msg="event_id=behavior-13570 step=7"
ts=1736061413 level=info service=queue-worker host=host-03.example trace_id=trace-behavior-00013583 msg="event_id=behavior-13583 step=9"
ts=1736061461 level=info service=queue-worker host=host-03.example trace_id=trace-behavior-00013585 msg="event_id=behavior-13585 step=0"
ts=1736061775 level=info service=queue-worker host=host-03.example trace_id=trace-behavior-00013598 msg="event_id=behavior-13598 step=2"
ts=1736061896 level=info service=queue-worker host=host-03.example trace_id=trace-behavior-00013603 msg="event_id=behavior-13603 LONG_JSON_SENTINEL payload=xxxxxxxxxxxxxxxxxxxxxxxxxxxxxxxxxxxxxxxxxxxxxxxxxxxxxxxxxxxxxxxxxxxxxxxxxxxxxxxxxxxxxxxxxxxxxxxxxxxxxxxxxxxxxxxxxxxxxxxxxxxxxxxxxxxxxxxxxxxxxxxxxxxxxxxxxxxxxxxxxxxxxxxxxxxxxxxxxxxxxxxxxxxxxxxxxxxxxxxxxxxxxxxxxxxxxxxxxxxxxxxxxxxxxxxxxxxxxxxxxxxxxxxxxxxxxxxxxxxxxxxxxxxxxxxxxxxxxxxxxxxxxxxxxxxxxxxxxxxxxxxxxxxxxxxxxxxxxxxxxxxxxxxxxxxxxxxxxxxxxxxxxxxxxxxxxxxxxxxxxxxxxxxxxxxxxxxxxxxxxxxxxxxxxxxxxxxxxxxxxxx"
ts=1736062017 level=info service=queue-worker host=host-03.example trace_id=trace-behavior-00013608 msg="event_id=behavior-13608 step=1"
ts=1736062066 level=info service=queue-worker host=host-03.example trace_id=trace-behavior-00013610 msg="event_id=behavior-13610 step=3"
ts=1736062332 level=info service=queue-worker host=host-03.example trace_id=trace-behavior-00013621 msg="event_id=behavior-13621 step=3"
ts=1736062453 level=debug service=queue-worker host=host-03.example trace_id=trace-behavior-00013626 msg="event_id=behavior-13626 step=8"
ts=1736062525 level=info service=queue-worker host=host-03.example trace_id=trace-behavior-00013629 msg="event_id=behavior-13629 step=0"
ts=1736062816 level=info service=queue-worker host=host-03.example trace_id=trace-behavior-00013641 msg="event_id=behavior-13641 step=1"
ts=1736062840 level=info service=queue-worker host=host-03.example trace_id=trace-behavior-00013642 msg="event_id=behavior-13642 step=2"
ts=1736063179 level=info service=queue-worker host=host-03.example trace_id=trace-behavior-00013656 msg="event_id=behavior-13656 step=5"
ts=1736063275 level=info service=queue-worker host=host-03.example trace_id=trace-behavior-00013660 msg="event_id=behavior-13660 step=9"
ts=1736064001 level=info service=queue-worker host=host-03.example trace_id=trace-behavior-00013690 msg="event_id=behavior-13690 step=6"
ts=1736064074 level=info service=queue-worker host=host-03.example trace_id=trace-behavior-00013693 msg="event_id=behavior-13693 step=9"
ts=1736064146 level=info service=queue-worker host=host-03.example trace_id=trace-behavior-00013696 msg="event_id=behavior-13696 step=1"
ts=1736064340 level=info service=queue-worker host=host-03.example trace_id=trace-behavior-00013704 msg="event_id=behavior-13704 step=9"
ts=1736064364 level=info service=queue-worker host=host-03.example trace_id=trace-behavior-00013705 msg="event_id=behavior-13705 step=10"
ts=1736064437 level=info service=queue-worker host=host-03.example trace_id=trace-behavior-00013708 msg="event_id=behavior-13708 step=2"
ts=1736064461 level=info service=queue-worker host=host-03.example trace_id=trace-behavior-00013709 msg="event_id=behavior-13709 step=3"
ts=1736064509 level=info service=queue-worker host=host-03.example trace_id=trace-behavior-00013711 msg="event_id=behavior-13711 step=5"
ts=1736064558 level=info service=queue-worker host=host-03.example trace_id=trace-behavior-00013713 msg="event_id=behavior-13713 step=7"
ts=1736064582 level=info service=queue-worker host=host-03.example trace_id=trace-behavior-00013714 msg="event_id=behavior-13714 step=8"
ts=1736064630 level=info service=queue-worker host=host-03.example trace_id=trace-behavior-00013716 msg="event_id=behavior-13716 step=10"
ts=1736064945 level=info service=queue-worker host=host-03.example trace_id=trace-behavior-00013729 msg="event_id=behavior-13729 step=1"
ts=1736064993 level=info service=queue-worker host=host-03.example trace_id=trace-behavior-00013731 msg="event_id=behavior-13731 step=3"
ts=1736065066 level=info service=queue-worker host=host-03.example trace_id=trace-behavior-00013734 msg="event_id=behavior-13734 step=6"
ts=1736065114 level=info service=queue-worker host=host-03.example trace_id=trace-behavior-00013736 msg="event_id=behavior-13736 step=8"
ts=1736065211 level=info service=queue-worker host=host-03.example trace_id=trace-behavior-00013740 msg="event_id=behavior-13740 step=1"
ts=1736065308 level=info service=queue-worker host=host-03.example trace_id=trace-behavior-00013744 msg="event_id=behavior-13744 step=5"
ts=1736065332 level=info service=queue-worker host=host-03.example trace_id=trace-behavior-00013745 msg="event_id=behavior-13745 step=6"
ts=1736065477 level=info service=queue-worker host=host-03.example trace_id=trace-behavior-00013751 msg="event_id=behavior-13751 step=1"
ts=1736065598 level=info service=queue-worker host=host-03.example trace_id=trace-behavior-00013756 msg="event_id=behavior-13756 step=6"
ts=1736065671 level=info service=queue-worker host=host-03.example trace_id=trace-behavior-00013759 msg="event_id=behavior-13759 step=9"
ts=1736065767 level=info service=queue-worker host=host-03.example trace_id=trace-behavior-00013763 msg="event_id=behavior-13763 step=2"
ts=1736065792 level=info service=queue-worker host=host-03.example trace_id=trace-behavior-00013764 msg="event_id=behavior-13764 step=3"
ts=1736065888 level=info service=queue-worker host=host-03.example trace_id=trace-behavior-00013768 msg="event_id=behavior-13768 step=7"
ts=1736065937 level=info service=queue-worker host=host-03.example trace_id=trace-behavior-00013770 msg="event_id=behavior-13770 step=9"
ts=1736065961 level=info service=queue-worker host=host-03.example trace_id=trace-behavior-00013771 msg="event_id=behavior-13771 step=10"
ts=1736065985 level=info service=queue-worker host=host-03.example trace_id=trace-behavior-00013772 msg="event_id=behavior-13772 step=0"
ts=1736066058 level=info service=queue-worker host=host-03.example trace_id=trace-behavior-00013775 msg="event_id=behavior-13775 step=3"
ts=1736066106 level=info service=queue-worker host=host-03.example trace_id=trace-behavior-00013777 msg="event_id=behavior-13777 step=5"
ts=1736066130 level=info service=queue-worker host=host-03.example trace_id=trace-behavior-00013778 msg="event_id=behavior-13778 step=6"
ts=1736066275 level=info service=queue-worker host=host-03.example trace_id=trace-behavior-00013784 msg="event_id=behavior-13784 step=1"
ts=1736066372 level=info service=queue-worker host=host-03.example trace_id=trace-behavior-00013788 msg="event_id=behavior-13788 step=5"
ts=1736066638 level=info service=queue-worker host=host-03.example trace_id=trace-behavior-00013799 msg="event_id=behavior-13799 step=5"
ts=1736066735 level=info service=queue-worker host=host-03.example trace_id=trace-behavior-00013803 msg="event_id=behavior-13803 STACK_TRACE_SENTINEL failure in handler\n    at lab_module_handler(file=example_rs line=43)\n    at lab_module_dispatch(file=example_rs line=13)\nCaused by: simulated timeout after 403ms"
ts=1736066880 level=info service=queue-worker host=host-03.example trace_id=trace-behavior-00013809 msg="event_id=behavior-13809 step=4"
ts=1736066904 level=info service=queue-worker host=host-03.example trace_id=trace-behavior-00013810 msg="event_id=behavior-13810 step=5"
ts=1736066977 level=info service=queue-worker host=host-03.example trace_id=trace-behavior-00013813 msg="event_id=behavior-13813 step=8"
ts=1736067025 level=info service=queue-worker host=host-03.example trace_id=trace-behavior-00013815 msg="event_id=behavior-13815 step=10"
ts=1736067146 level=info service=queue-worker host=host-03.example trace_id=trace-behavior-00013820 msg="event_id=behavior-13820 step=4"
ts=1736067291 level=info service=queue-worker host=host-03.example trace_id=trace-behavior-00013826 msg="event_id=behavior-13826 step=10"
ts=1736067316 level=info service=queue-worker host=host-03.example trace_id=trace-behavior-00013827 msg="event_id=behavior-13827 step=0"
ts=1736067340 level=info service=queue-worker host=host-03.example trace_id=trace-behavior-00013828 msg="event_id=behavior-13828 step=1"
ts=1736067679 level=info service=queue-worker host=host-03.example trace_id=trace-behavior-00013842 msg="event_id=behavior-13842 step=4"
ts=1736067993 level=info service=queue-worker host=host-03.example trace_id=trace-behavior-00013855 msg="event_id=behavior-13855 step=6"
ts=1736068017 level=info service=queue-worker host=host-03.example trace_id=trace-behavior-00013856 msg="event_id=behavior-13856 step=7"
ts=1736068211 level=info service=queue-worker host=host-03.example trace_id=trace-behavior-00013864 msg="event_id=behavior-13864 step=4"
ts=1736068404 level=info service=queue-worker host=host-03.example trace_id=trace-behavior-00013872 msg="event_id=behavior-13872 step=1"
ts=1736068429 level=info service=queue-worker host=host-03.example trace_id=trace-behavior-00013873 msg="event_id=behavior-13873 step=2"
ts=1736068477 level=info service=queue-worker host=host-03.example trace_id=trace-behavior-00013875 msg="event_id=behavior-13875 step=4"
ts=1736068864 level=info service=queue-worker host=host-03.example trace_id=trace-behavior-00013891 msg="event_id=behavior-13891 step=9"
ts=1736069082 level=info service=queue-worker host=host-03.example trace_id=trace-behavior-00013900 msg="event_id=behavior-13900 LONG_JSON_SENTINEL payload=xxxxxxxxxxxxxxxxxxxxxxxxxxxxxxxxxxxxxxxxxxxxxxxxxxxxxxxxxxxxxxxxxxxxxxxxxxxxxxxxxxxxxxxxxxxxxxxxxxxxxxxxxxxxxxxxxxxxxxxxxxxxxxxxxxxxxxxxxxxxxxxxxxxxxxxxxxxxxxxxxxxxxxxxxxxxxxxxxxxxxxxxxxxxxxxxxxxxxxxxxxxxxxxxxxxxxxxxxxxxxxxxxxxxxxxxxxxxxxxxxxxxxxxxxxxxxxxxxxxxxxxxxxxxxxxxxxxxxxxxxxxxxxxxxxxxxxxxxxxxxxxxxxxxxxxxxxxxxxxxxxxxxxxxxxxxxxxxxxxxxxxxxxxxxxxxxxxxxxxxxxxxxxxxxxxxxxxxxxxxxxxxxxxxxxxxxxxxxxxxxxxxxxxxxxxxxxxxxxxxxxxxxxxxxxxxxxxxxxxxxxxxxxxxxxxxxxxxxxxxxxxxxxxxxxxxxxxxxxxxxxxxxxxxxxxxxxxxxxxx"
ts=1736069445 level=info service=queue-worker host=host-03.example trace_id=trace-behavior-00013915 msg="event_id=behavior-13915 step=0"
ts=1736069469 level=info service=queue-worker host=host-03.example trace_id=trace-behavior-00013916 msg="event_id=behavior-13916 step=1"
ts=1736069493 level=info service=queue-worker host=host-03.example trace_id=trace-behavior-00013917 msg="event_id=behavior-13917 step=2"
ts=1736069590 level=info service=queue-worker host=host-03.example trace_id=trace-behavior-00013921 msg="event_id=behavior-13921 step=6"
ts=1736069638 level=info service=queue-worker host=host-03.example trace_id=trace-behavior-00013923 msg="event_id=behavior-13923 step=8"
ts=1736069880 level=info service=queue-worker host=host-03.example trace_id=trace-behavior-00013933 msg="event_id=behavior-13933 step=7"
ts=1736069929 level=info service=queue-worker host=host-03.example trace_id=trace-behavior-00013935 msg="event_id=behavior-13935 step=9"
ts=1736070074 level=info service=queue-worker host=host-03.example trace_id=trace-behavior-00013941 msg="event_id=behavior-13941 step=4"
ts=1736070195 level=info service=queue-worker host=host-03.example trace_id=trace-behavior-00013946 msg="event_id=behavior-13946 step=9"
ts=1736070340 level=info service=queue-worker host=host-03.example trace_id=trace-behavior-00013952 msg="event_id=behavior-13952 step=4"
ts=1736070437 level=info service=queue-worker host=host-03.example trace_id=trace-behavior-00013956 msg="event_id=behavior-13956 step=8"
ts=1736070485 level=info service=queue-worker host=host-03.example trace_id=trace-behavior-00013958 msg="event_id=behavior-13958 step=10"
ts=1736070703 level=info service=queue-worker host=host-03.example trace_id=trace-behavior-00013967 msg="event_id=behavior-13967 step=8"
ts=1736070799 level=info service=queue-worker host=host-03.example trace_id=trace-behavior-00013971 msg="event_id=behavior-13971 step=1"
ts=1736070993 level=info service=queue-worker host=host-03.example trace_id=trace-behavior-00013979 msg="event_id=behavior-13979 step=9"
ts=1736071356 level=info service=queue-worker host=host-03.example trace_id=trace-behavior-00013994 msg="event_id=behavior-13994 step=2"
ts=1736071404 level=info service=queue-worker host=host-03.example trace_id=trace-behavior-00013996 msg="event_id=behavior-13996 step=4"
ts=1736071428 level=info service=queue-worker host=host-03.example trace_id=trace-behavior-00013997 msg="event_id=behavior-13997 step=5"
ts=1736071477 level=info service=queue-worker host=host-03.example trace_id=trace-behavior-00013999 msg="event_id=behavior-13999 step=7"
ts=1736071525 level=info service=queue-worker host=host-03.example trace_id=trace-behavior-00014001 msg="event_id=behavior-14001 STACK_TRACE_SENTINEL failure in handler\n    at lab_module_handler(file=example_rs line=41)\n    at lab_module_dispatch(file=example_rs line=11)\nCaused by: simulated timeout after 601ms"
ts=1736071670 level=info service=queue-worker host=host-03.example trace_id=trace-behavior-00014007 msg="event_id=behavior-14007 step=4"
ts=1736072299 level=info service=queue-worker host=host-03.example trace_id=trace-behavior-00014033 msg="event_id=behavior-14033 step=8"
ts=1736072348 level=info service=queue-worker host=host-03.example trace_id=trace-behavior-00014035 msg="event_id=behavior-14035 step=10"
ts=1736072590 level=info service=queue-worker host=host-03.example trace_id=trace-behavior-00014045 msg="event_id=behavior-14045 step=9"
ts=1736072711 level=info service=queue-worker host=host-03.example trace_id=trace-behavior-00014050 msg="event_id=behavior-14050 step=3"
ts=1736073146 level=info service=queue-worker host=host-03.example trace_id=trace-behavior-00014068 msg="event_id=behavior-14068 step=10"
ts=1736073267 level=info service=queue-worker host=host-03.example trace_id=trace-behavior-00014073 msg="event_id=behavior-14073 step=4"
ts=1736073775 level=info service=queue-worker host=host-03.example trace_id=trace-behavior-00014094 msg="event_id=behavior-14094 step=3"
ts=1736073824 level=info service=queue-worker host=host-03.example trace_id=trace-behavior-00014096 msg="event_id=behavior-14096 step=5"
ts=1736073945 level=info service=queue-worker host=host-03.example trace_id=trace-behavior-00014101 msg="event_id=behavior-14101 LONG_JSON_SENTINEL payload=xxxxxxxxxxxxxxxxxxxxxxxxxxxxxxxxxxxxxxxxxxxxxxxxxxxxxxxxxxxxxxxxxxxxxxxxxxxxxxxxxxxxxxxxxxxxxxxxxxxxxxxxxxxxxxxxxxxxxxxxxxxxxxxxxxxxxxxxxxxxxxxxxxxxxxxxxxxxxxxxxxxxxxxxxxxxxxxxxxxxxxxxxxxxxxxxxxxxxxxxxxxxxxxxxxxxxxxxxxxxxxxxxxxxxxxxxxxxxxxxxxxxxxxxxxxxxxxxxxxxxxxxxxxxxxxxxxxxxxxxxxxxxxxxxxxxxxxxxxxxxxxxxxxxxxxxxxxxxxxxxxxxxxxxxxxxxxxxxxxxxxxxxxxxxxxxxxxxxxxxxxxxxxxxxxxxxxxxxxxxxxxxxxxxxxxxxxxxxxxxxxxxxxxxxxxxxxxxxxxxxxxxxxxxxxxxxxxxxxxxxxxxxxxxxxxxxxxxxxxxxxxxxxxxxxxxxxxxxxxxxxxxxxxxxxxxxxxxxxxxx"
ts=1736074162 level=info service=queue-worker host=host-03.example trace_id=trace-behavior-00014110 msg="event_id=behavior-14110 step=8"
ts=1736074259 level=info service=queue-worker host=host-03.example trace_id=trace-behavior-00014114 msg="event_id=behavior-14114 step=1"
ts=1736074453 level=info service=queue-worker host=host-03.example trace_id=trace-behavior-00014122 msg="event_id=behavior-14122 step=9"
ts=1736074525 level=info service=queue-worker host=host-03.example trace_id=trace-behavior-00014125 msg="event_id=behavior-14125 step=1"
ts=1736075106 level=info service=queue-worker host=host-03.example trace_id=trace-behavior-00014149 msg="event_id=behavior-14149 step=3"
ts=1736075348 level=info service=queue-worker host=host-03.example trace_id=trace-behavior-00014159 msg="event_id=behavior-14159 step=2"
ts=1736075493 level=info service=queue-worker host=host-03.example trace_id=trace-behavior-00014165 msg="event_id=behavior-14165 step=8"
ts=1736075783 level=info service=queue-worker host=host-03.example trace_id=trace-behavior-00014177 msg="event_id=behavior-14177 step=9"
ts=1736076025 level=info service=queue-worker host=host-03.example trace_id=trace-behavior-00014187 msg="event_id=behavior-14187 step=8"
ts=1736076049 level=info service=queue-worker host=host-03.example trace_id=trace-behavior-00014188 msg="event_id=behavior-14188 step=9"
ts=1736076194 level=info service=queue-worker host=host-03.example trace_id=trace-behavior-00014194 msg="event_id=behavior-14194 step=4"
ts=1736076315 level=info service=queue-worker host=host-03.example trace_id=trace-behavior-00014199 msg="event_id=behavior-14199 step=9"
ts=1736076582 level=info service=queue-worker host=host-03.example trace_id=trace-behavior-00014210 msg="event_id=behavior-14210 step=9"
ts=1736076630 level=info service=queue-worker host=host-03.example trace_id=trace-behavior-00014212 msg="event_id=behavior-14212 step=0"
ts=1736076654 level=info service=queue-worker host=host-03.example trace_id=trace-behavior-00014213 msg="event_id=behavior-14213 step=1"
ts=1736076799 level=info service=queue-worker host=host-03.example trace_id=trace-behavior-00014219 msg="event_id=behavior-14219 step=7"
ts=1736076848 level=info service=queue-worker host=host-03.example trace_id=trace-behavior-00014221 msg="event_id=behavior-14221 step=9"
ts=1736076920 level=info service=queue-worker host=host-03.example trace_id=trace-behavior-00014224 msg="event_id=behavior-14224 step=1"
ts=1736076993 level=info service=queue-worker host=host-03.example trace_id=trace-behavior-00014227 msg="event_id=behavior-14227 step=4"
ts=1736077017 level=info service=queue-worker host=host-03.example trace_id=trace-behavior-00014228 msg="event_id=behavior-14228 step=5"
ts=1736077356 level=info service=queue-worker host=host-03.example trace_id=trace-behavior-00014242 msg="event_id=behavior-14242 step=8"
ts=1736077428 level=info service=queue-worker host=host-03.example trace_id=trace-behavior-00014245 msg="event_id=behavior-14245 step=0"
ts=1736077743 level=info service=queue-worker host=host-03.example trace_id=trace-behavior-00014258 msg="event_id=behavior-14258 step=2"
ts=1736077791 level=info service=queue-worker host=host-03.example trace_id=trace-behavior-00014260 msg="event_id=behavior-14260 step=4"
ts=1736078057 level=info service=queue-worker host=host-03.example trace_id=trace-behavior-00014271 msg="event_id=behavior-14271 step=4"
ts=1736078251 level=info service=queue-worker host=host-03.example trace_id=trace-behavior-00014279 msg="event_id=behavior-14279 step=1"
ts=1736078275 level=info service=queue-worker host=host-03.example trace_id=trace-behavior-00014280 msg="event_id=behavior-14280 step=2"
ts=1736078493 level=info service=queue-worker host=host-03.example trace_id=trace-behavior-00014289 msg="event_id=behavior-14289 step=0"
ts=1736078807 level=info service=queue-worker host=host-03.example trace_id=trace-behavior-00014302 msg="event_id=behavior-14302 LONG_JSON_SENTINEL payload=xxxxxxxxxxxxxxxxxxxxxxxxxxxxxxxxxxxxxxxxxxxxxxxxxxxxxxxxxxxxxxxxxxxxxxxxxxxxxxxxxxxxxxxxxxxxxxxxxxxxxxxxxxxxxxxxxxxxxxxxxxxxxxxxxxxxxxxxxxxxxxxxxxxxxxxxxxxxxxxxxxxxxxxxxxxxxxxxxxxxxxxxxxxxxxxxxxxxxxxxxxxxxxxxxxxxxxxxxxxxxxxxxxxxxxxxxxxxxxxxxxxxxxxxxxxxxxxxxxxxxxxxxxxxxxxxxxxxxxxxxxxxxxxxxxxxxxxxxxxxxxxxxxxxxxxxxxxxxxxxxxxxxxxxxxxxxxxxxxxxxxxxxxxxxxxxxxxxxxxxxxxxxxxxxxxxxxxxxxxxxxxxxxxxxxxxxxxxxxxxxxxxxxxxxxxxxxxxxxxxxxxxxxxxxxxxxxxxxxxxxxxxxxxxxxxxxxxxxxxxxxxxxxxxxxxxxxxxxxxxxxxxxxxxxxxxxxxxxxxxxx"
ts=1736078856 level=info service=queue-worker host=host-03.example trace_id=trace-behavior-00014304 msg="event_id=behavior-14304 step=4"
ts=1736079098 level=info service=queue-worker host=host-03.example trace_id=trace-behavior-00014314 msg="event_id=behavior-14314 step=3"
ts=1736079194 level=info service=queue-worker host=host-03.example trace_id=trace-behavior-00014318 msg="event_id=behavior-14318 step=7"
ts=1736079219 level=info service=queue-worker host=host-03.example trace_id=trace-behavior-00014319 msg="event_id=behavior-14319 step=8"
ts=1736079364 level=info service=queue-worker host=host-03.example trace_id=trace-behavior-00014325 msg="event_id=behavior-14325 step=3"
ts=1736079509 level=info service=queue-worker host=host-03.example trace_id=trace-behavior-00014331 msg="event_id=behavior-14331 step=9"
ts=1736080114 level=warn service=queue-worker host=host-03.example trace_id=trace-behavior-00014356 msg="event_id=behavior-14356 step=1"
ts=1736080162 level=info service=queue-worker host=host-03.example trace_id=trace-behavior-00014358 msg="event_id=behavior-14358 step=3"
ts=1736080186 level=info service=queue-worker host=host-03.example trace_id=trace-behavior-00014359 msg="event_id=behavior-14359 step=4"
ts=1736080380 level=info service=queue-worker host=host-03.example trace_id=trace-behavior-00014367 msg="event_id=behavior-14367 step=1"
ts=1736080549 level=info service=queue-worker host=host-03.example trace_id=trace-behavior-00014374 msg="event_id=behavior-14374 step=8"
ts=1736080646 level=info service=queue-worker host=host-03.example trace_id=trace-behavior-00014378 msg="event_id=behavior-14378 step=1"
ts=1736080694 level=info service=queue-worker host=host-03.example trace_id=trace-behavior-00014380 msg="event_id=behavior-14380 step=3"
ts=1736080719 level=info service=queue-worker host=host-03.example trace_id=trace-behavior-00014381 msg="event_id=behavior-14381 step=4"
ts=1736080815 level=info service=queue-worker host=host-03.example trace_id=trace-behavior-00014385 msg="event_id=behavior-14385 step=8"
ts=1736081178 level=info service=queue-worker host=host-03.example trace_id=trace-behavior-00014400 msg="event_id=behavior-14400 STACK_TRACE_SENTINEL failure in handler\n    at lab_module_handler(file=example_rs line=40)\n    at lab_module_dispatch(file=example_rs line=10)\nCaused by: simulated timeout after 100ms"
ts=1736081202 level=info service=queue-worker host=host-03.example trace_id=trace-behavior-00014401 msg="event_id=behavior-14401 LONG_JSON_SENTINEL payload=xxxxxxxxxxxxxxxxxxxxxxxxxxxxxxxxxxxxxxxxxxxxxxxxxxxxxxxxxxxxxxxxxxxxxxxxxxxxxxxxxxxxxxxxxxxxxxxxxxxxxxxxxxxxxxxxxxxxxxxxxxxxxxxxxxxxxxxxxxxxxxxxxxxxxxxxxxxxxxxxxxxxxxxxxxxxxxxxxxxxxxxxxxxxxxxxxxxxxxxxxxxxxxxxxxxxxxxxxxxxxxxxxxxxxxxxxxxxxxxxxxxxxxxxxxxxxxxxxxxxxxxxxxxxxxxxxxxxxxxxxxxxxxxxxxxxxxxxxxxxxxxxxxxxxxxxxxxxxxxxxxxxxxxxxxxxxxxxxxxxxxxxxxxxxxxxxxxxxxxxxxxxxxxxxxxxxxxxxxxxxxxxxxxxxxxxxxxxxxxxx"
ts=1736081227 level=info service=queue-worker host=host-03.example trace_id=trace-behavior-00014402 msg="event_id=behavior-14402 LONG_JSON_SENTINEL payload=xxxxxxxxxxxxxxxxxxxxxxxxxxxxxxxxxxxxxxxxxxxxxxxxxxxxxxxxxxxxxxxxxxxxxxxxxxxxxxxxxxxxxxxxxxxxxxxxxxxxxxxxxxxxxxxxxxxxxxxxxxxxxxxxxxxxxxxxxxxxxxxxxxxxxxxxxxxxxxxxxxxxxxxxxxxxxxxxxxxxxxxxxxxxxxxxxxxxxxxxxxxxxxxxxxxxxxxxxxxxxxxxxxxxxxxxxxxxxxxxxxxxxxxxxxxxxxxxxxxxxxxxxxxxxxxxxxxxxxxxxxxxxxxxxxxxxxxxxxxxxxxxxxxxxxxxxxxxxxxxxxxxxxxxxxxxxxxxxxxxxxxxxxxxxxxxxxxxxxxxxxxxxxxxxxxxxxxxxxxxxxxxxxxxxxxxxxxxxxxxxx"
ts=1736081251 level=info service=queue-worker host=host-03.example trace_id=trace-behavior-00014403 msg="event_id=behavior-14403 STACK_TRACE_SENTINEL failure in handler\n    at lab_module_handler(file=example_rs line=43)\n    at lab_module_dispatch(file=example_rs line=13)\nCaused by: simulated timeout after 103ms"
ts=1736081469 level=info service=queue-worker host=host-03.example trace_id=trace-behavior-00014412 msg="event_id=behavior-14412 step=2"
ts=1736081541 level=info service=queue-worker host=host-03.example trace_id=trace-behavior-00014415 msg="event_id=behavior-14415 step=5"
ts=1736081735 level=info service=queue-worker host=host-03.example trace_id=trace-behavior-00014423 msg="event_id=behavior-14423 step=2"
ts=1736081904 level=info service=queue-worker host=host-03.example trace_id=trace-behavior-00014430 msg="event_id=behavior-14430 step=9"
ts=1736081928 level=info service=queue-worker host=host-03.example trace_id=trace-behavior-00014431 msg="event_id=behavior-14431 step=10"
ts=1736082098 level=info service=queue-worker host=host-03.example trace_id=trace-behavior-00014438 msg="event_id=behavior-14438 step=6"
ts=1736082122 level=info service=queue-worker host=host-03.example trace_id=trace-behavior-00014439 msg="event_id=behavior-14439 step=7"
ts=1736082194 level=info service=queue-worker host=host-03.example trace_id=trace-behavior-00014442 msg="event_id=behavior-14442 step=10"
ts=1736082315 level=info service=queue-worker host=host-03.example trace_id=trace-behavior-00014447 msg="event_id=behavior-14447 step=4"
ts=1736082339 level=info service=queue-worker host=host-03.example trace_id=trace-behavior-00014448 msg="event_id=behavior-14448 step=5"
ts=1736082388 level=info service=queue-worker host=host-03.example trace_id=trace-behavior-00014450 msg="event_id=behavior-14450 step=7"
ts=1736082678 level=info service=queue-worker host=host-03.example trace_id=trace-behavior-00014462 msg="event_id=behavior-14462 step=8"
ts=1736083065 level=info service=queue-worker host=host-03.example trace_id=trace-behavior-00014478 msg="event_id=behavior-14478 step=2"
ts=1736083162 level=info service=queue-worker host=host-03.example trace_id=trace-behavior-00014482 msg="event_id=behavior-14482 step=6"
ts=1736083331 level=info service=queue-worker host=host-03.example trace_id=trace-behavior-00014489 msg="event_id=behavior-14489 step=2"
ts=1736083452 level=info service=queue-worker host=host-03.example trace_id=trace-behavior-00014494 msg="event_id=behavior-14494 step=7"
ts=1736083864 level=info service=queue-worker host=host-03.example trace_id=trace-behavior-00014511 msg="event_id=behavior-14511 step=2"
ts=1736083936 level=info service=queue-worker host=host-03.example trace_id=trace-behavior-00014514 msg="event_id=behavior-14514 step=5"
ts=1736084033 level=info service=queue-worker host=host-03.example trace_id=trace-behavior-00014518 msg="event_id=behavior-14518 step=9"
ts=1736084202 level=info service=queue-worker host=host-03.example trace_id=trace-behavior-00014525 msg="event_id=behavior-14525 step=5"
ts=1736084372 level=info service=queue-worker host=host-03.example trace_id=trace-behavior-00014532 msg="event_id=behavior-14532 step=1"
ts=1736084541 level=info service=queue-worker host=host-03.example trace_id=trace-behavior-00014539 msg="event_id=behavior-14539 step=8"
ts=1736084662 level=info service=queue-worker host=host-03.example trace_id=trace-behavior-00014544 msg="event_id=behavior-14544 step=2"
ts=1736085097 level=info service=queue-worker host=host-03.example trace_id=trace-behavior-00014562 msg="event_id=behavior-14562 step=9"
ts=1736085146 level=info service=queue-worker host=host-03.example trace_id=trace-behavior-00014564 msg="event_id=behavior-14564 step=0"
ts=1736085218 level=info service=queue-worker host=host-03.example trace_id=trace-behavior-00014567 msg="event_id=behavior-14567 step=3"
ts=1736085243 level=info service=queue-worker host=host-03.example trace_id=trace-behavior-00014568 msg="event_id=behavior-14568 step=4"
ts=1736085606 level=info service=queue-worker host=host-03.example trace_id=trace-behavior-00014583 msg="event_id=behavior-14583 step=8"
ts=1736086186 level=info service=queue-worker host=host-03.example trace_id=trace-behavior-00014607 msg="event_id=behavior-14607 step=10"
ts=1736086573 level=info service=queue-worker host=host-03.example trace_id=trace-behavior-00014623 msg="event_id=behavior-14623 step=4"
ts=1736086743 level=info service=queue-worker host=host-03.example trace_id=trace-behavior-00014630 msg="event_id=behavior-14630 step=0"
ts=1736086839 level=info service=queue-worker host=host-03.example trace_id=trace-behavior-00014634 msg="event_id=behavior-14634 step=4"
ts=1736087033 level=info service=queue-worker host=host-03.example trace_id=trace-behavior-00014642 msg="event_id=behavior-14642 step=1"
ts=1736087057 level=info service=queue-worker host=host-03.example trace_id=trace-behavior-00014643 msg="event_id=behavior-14643 step=2"
ts=1736087130 level=info service=queue-worker host=host-03.example trace_id=trace-behavior-00014646 msg="event_id=behavior-14646 step=5"
ts=1736087178 level=info service=queue-worker host=host-03.example trace_id=trace-behavior-00014648 msg="event_id=behavior-14648 step=7"
ts=1736087299 level=debug service=queue-worker host=host-03.example trace_id=trace-behavior-00014653 msg="event_id=behavior-14653 step=1"
ts=1736087323 level=info service=queue-worker host=host-03.example trace_id=trace-behavior-00014654 msg="event_id=behavior-14654 step=2"
ts=1736087347 level=info service=queue-worker host=host-03.example trace_id=trace-behavior-00014655 msg="event_id=behavior-14655 step=3"
ts=1736087517 level=info service=queue-worker host=host-03.example trace_id=trace-behavior-00014662 msg="event_id=behavior-14662 step=10"
ts=1736087759 level=info service=queue-worker host=host-03.example trace_id=trace-behavior-00014672 msg="event_id=behavior-14672 step=9"
ts=1736087783 level=info service=queue-worker host=host-03.example trace_id=trace-behavior-00014673 msg="event_id=behavior-14673 step=10"
ts=1736087928 level=info service=queue-worker host=host-03.example trace_id=trace-behavior-00014679 msg="event_id=behavior-14679 step=5"
ts=1736088097 level=info service=queue-worker host=host-03.example trace_id=trace-behavior-00014686 msg="event_id=behavior-14686 step=1"
ts=1736088218 level=info service=queue-worker host=host-03.example trace_id=trace-behavior-00014691 msg="event_id=behavior-14691 step=6"
ts=1736088436 level=info service=queue-worker host=host-03.example trace_id=trace-behavior-00014700 msg="event_id=behavior-14700 STACK_TRACE_SENTINEL failure in handler\n    at lab_module_handler(file=example_rs line=40)\n    at lab_module_dispatch(file=example_rs line=10)\nCaused by: simulated timeout after 400ms"
ts=1736088533 level=info service=queue-worker host=host-03.example trace_id=trace-behavior-00014704 msg="event_id=behavior-14704 step=8"
ts=1736089138 level=info service=queue-worker host=host-03.example trace_id=trace-behavior-00014729 msg="event_id=behavior-14729 step=0"
ts=1736089259 level=info service=queue-worker host=host-03.example trace_id=trace-behavior-00014734 msg="event_id=behavior-14734 step=5"
ts=1736089476 level=info service=queue-worker host=host-03.example trace_id=trace-behavior-00014743 msg="event_id=behavior-14743 step=3"
ts=1736089501 level=warn service=queue-worker host=host-03.example trace_id=trace-behavior-00014744 msg="event_id=behavior-14744 step=4"
ts=1736089646 level=info service=queue-worker host=host-03.example trace_id=trace-behavior-00014750 msg="event_id=behavior-14750 step=10"
ts=1736089670 level=info service=queue-worker host=host-03.example trace_id=trace-behavior-00014751 msg="event_id=behavior-14751 step=0"
ts=1736089743 level=info service=queue-worker host=host-03.example trace_id=trace-behavior-00014754 msg="event_id=behavior-14754 step=3"
ts=1736089791 level=info service=queue-worker host=host-03.example trace_id=trace-behavior-00014756 msg="event_id=behavior-14756 step=5"
ts=1736089815 level=info service=queue-worker host=host-03.example trace_id=trace-behavior-00014757 msg="event_id=behavior-14757 step=6"
ts=1736090009 level=info service=queue-worker host=host-03.example trace_id=trace-behavior-00014765 msg="event_id=behavior-14765 step=3"
ts=1736090420 level=info service=queue-worker host=host-03.example trace_id=trace-behavior-00014782 msg="event_id=behavior-14782 step=9"
ts=1736090589 level=info service=queue-worker host=host-03.example trace_id=trace-behavior-00014789 msg="event_id=behavior-14789 step=5"
ts=1736090855 level=info service=queue-worker host=host-03.example trace_id=trace-behavior-00014800 msg="event_id=behavior-14800 LONG_JSON_SENTINEL payload=xxxxxxxxxxxxxxxxxxxxxxxxxxxxxxxxxxxxxxxxxxxxxxxxxxxxxxxxxxxxxxxxxxxxxxxxxxxxxxxxxxxxxxxxxxxxxxxxxxxxxxxxxxxxxxxxxxxxxxxxxxxxxxxxxxxxxxxxxxxxxxxxxxxxxxxxxxxxxxxxxxxxxxxxxxxxxxxxxxxxxxxxxxxxxxxxxxxxxxxxxxxxxxxxxxxxxxxxxxxxxxxxxxxxxxxxxxxxxxxxxxxxxxxxxxxxxxxxxxxxxxxxxxxxxxxxxxxxxxxxxxxxxxxxxxxxxxxxxxxxxxxxxxxxxxxxxxxxxxxxxxxxxxxxxxxxxxxxxxxxxxxxxxxxxxxxxxxxxxxxxxxxxxxxxxxxxxxxxxxxxxxxxxxxxxxxxxxxxxxx"
ts=1736090904 level=info service=queue-worker host=host-03.example trace_id=trace-behavior-00014802 msg="event_id=behavior-14802 STACK_TRACE_SENTINEL failure in handler\n    at lab_module_handler(file=example_rs line=42)\n    at lab_module_dispatch(file=example_rs line=12)\nCaused by: simulated timeout after 502ms"
ts=1736090928 level=debug service=queue-worker host=host-03.example trace_id=trace-behavior-00014803 msg="event_id=behavior-14803 LONG_JSON_SENTINEL payload=xxxxxxxxxxxxxxxxxxxxxxxxxxxxxxxxxxxxxxxxxxxxxxxxxxxxxxxxxxxxxxxxxxxxxxxxxxxxxxxxxxxxxxxxxxxxxxxxxxxxxxxxxxxxxxxxxxxxxxxxxxxxxxxxxxxxxxxxxxxxxxxxxxxxxxxxxxxxxxxxxxxxxxxxxxxxxxxxxxxxxxxxxxxxxxxxxxxxxxxxxxxxxxxxxxxxxxxxxxxxxxxxxxxxxxxxxxxxxxxxxxxxxxxxxxxxxxxxxxxxxxxxxxxxxxxxxxxxxxxxxxxxxxxxxxxxxxxxxxxxxxxxxxxxxxxxxxxxxxxxxxxxxxxxxxxxxxxxxxxxxxxxxxxxxxxxxxxxxxxxxxxxxxxxxxxxxxxxxxxxxxxxxxxxxxxxxxxxxxxxxxx"
ts=1736091339 level=info service=queue-worker host=host-03.example trace_id=trace-behavior-00014820 msg="event_id=behavior-14820 step=3"
ts=1736091388 level=info service=queue-worker host=host-03.example trace_id=trace-behavior-00014822 msg="event_id=behavior-14822 step=5"
ts=1736091412 level=info service=queue-worker host=host-03.example trace_id=trace-behavior-00014823 msg="event_id=behavior-14823 step=6"
ts=1736091581 level=info service=queue-worker host=host-03.example trace_id=trace-behavior-00014830 msg="event_id=behavior-14830 step=2"
ts=1736091630 level=info service=queue-worker host=host-03.example trace_id=trace-behavior-00014832 msg="event_id=behavior-14832 step=4"
ts=1736091702 level=info service=queue-worker host=host-03.example trace_id=trace-behavior-00014835 msg="event_id=behavior-14835 step=7"
ts=1736091775 level=info service=queue-worker host=host-03.example trace_id=trace-behavior-00014838 msg="event_id=behavior-14838 step=10"
ts=1736091944 level=info service=queue-worker host=host-03.example trace_id=trace-behavior-00014845 msg="event_id=behavior-14845 step=6"
ts=1736092113 level=info service=queue-worker host=host-03.example trace_id=trace-behavior-00014852 msg="event_id=behavior-14852 step=2"
ts=1736092138 level=info service=queue-worker host=host-03.example trace_id=trace-behavior-00014853 msg="event_id=behavior-14853 step=3"
ts=1736092307 level=info service=queue-worker host=host-03.example trace_id=trace-behavior-00014860 msg="event_id=behavior-14860 step=10"
ts=1736092331 level=info service=queue-worker host=host-03.example trace_id=trace-behavior-00014861 msg="event_id=behavior-14861 step=0"
ts=1736092428 level=info service=queue-worker host=host-03.example trace_id=trace-behavior-00014865 msg="event_id=behavior-14865 step=4"
ts=1736092476 level=info service=queue-worker host=host-03.example trace_id=trace-behavior-00014867 msg="event_id=behavior-14867 step=6"
ts=1736092501 level=info service=queue-worker host=host-03.example trace_id=trace-behavior-00014868 msg="event_id=behavior-14868 step=7"
ts=1736092525 level=info service=queue-worker host=host-03.example trace_id=trace-behavior-00014869 msg="event_id=behavior-14869 step=8"
ts=1736092597 level=info service=queue-worker host=host-03.example trace_id=trace-behavior-00014872 msg="event_id=behavior-14872 step=0"
ts=1736092694 level=info service=queue-worker host=host-03.example trace_id=trace-behavior-00014876 msg="event_id=behavior-14876 step=4"
ts=1736092718 level=info service=queue-worker host=host-03.example trace_id=trace-behavior-00014877 msg="event_id=behavior-14877 step=5"
ts=1736092984 level=info service=queue-worker host=host-03.example trace_id=trace-behavior-00014888 msg="event_id=behavior-14888 step=5"
ts=1736093202 level=info service=queue-worker host=host-03.example trace_id=trace-behavior-00014897 msg="event_id=behavior-14897 step=3"
ts=1736093226 level=info service=queue-worker host=host-03.example trace_id=trace-behavior-00014898 msg="event_id=behavior-14898 step=4"
ts=1736093468 level=info service=queue-worker host=host-03.example trace_id=trace-behavior-00014908 msg="event_id=behavior-14908 step=3"
ts=1736093589 level=info service=queue-worker host=host-03.example trace_id=trace-behavior-00014913 msg="event_id=behavior-14913 step=8"
ts=1736093710 level=info service=queue-worker host=host-03.example trace_id=trace-behavior-00014918 msg="event_id=behavior-14918 step=2"
ts=1736093759 level=info service=queue-worker host=host-03.example trace_id=trace-behavior-00014920 msg="event_id=behavior-14920 step=4"
ts=1736093831 level=info service=queue-worker host=host-03.example trace_id=trace-behavior-00014923 msg="event_id=behavior-14923 step=7"
ts=1736094170 level=info service=queue-worker host=host-03.example trace_id=trace-behavior-00014937 msg="event_id=behavior-14937 step=10"
ts=1736094194 level=warn service=queue-worker host=host-03.example trace_id=trace-behavior-00014938 msg="event_id=behavior-14938 step=0"
ts=1736094218 level=info service=queue-worker host=host-03.example trace_id=trace-behavior-00014939 msg="event_id=behavior-14939 step=1"
ts=1736094630 level=info service=queue-worker host=host-03.example trace_id=trace-behavior-00014956 msg="event_id=behavior-14956 step=7"
ts=1736094654 level=info service=queue-worker host=host-03.example trace_id=trace-behavior-00014957 msg="event_id=behavior-14957 step=8"
ts=1736094775 level=info service=queue-worker host=host-03.example trace_id=trace-behavior-00014962 msg="event_id=behavior-14962 step=2"
ts=1736094799 level=info service=queue-worker host=host-03.example trace_id=trace-behavior-00014963 msg="event_id=behavior-14963 step=3"
ts=1736094944 level=info service=queue-worker host=host-03.example trace_id=trace-behavior-00014969 msg="event_id=behavior-14969 step=9"
ts=1736095138 level=info service=queue-worker host=host-03.example trace_id=trace-behavior-00014977 msg="event_id=behavior-14977 step=6"
ts=1736095283 level=info service=queue-worker host=host-03.example trace_id=trace-behavior-00014983 msg="event_id=behavior-14983 step=1"
ts=1736095307 level=info service=queue-worker host=host-03.example trace_id=trace-behavior-00014984 msg="event_id=behavior-14984 step=2"
ts=1736095525 level=info service=queue-worker host=host-03.example trace_id=trace-behavior-00014993 msg="event_id=behavior-14993 step=0"
ts=1736095960 level=info service=queue-worker host=host-03.example trace_id=trace-behavior-00015011 msg="event_id=behavior-15011 step=7"
ts=1736096275 level=info service=queue-worker host=host-03.example trace_id=trace-behavior-00015024 msg="event_id=behavior-15024 step=9"
ts=1736096565 level=info service=queue-worker host=host-03.example trace_id=trace-behavior-00015036 msg="event_id=behavior-15036 step=10"
ts=1736096807 level=info service=queue-worker host=host-03.example trace_id=trace-behavior-00015046 msg="event_id=behavior-15046 step=9"
ts=1736097000 level=info service=queue-worker host=host-03.example trace_id=trace-behavior-00015054 msg="event_id=behavior-15054 step=6"
ts=1736097025 level=info service=queue-worker host=host-03.example trace_id=trace-behavior-00015055 msg="event_id=behavior-15055 step=7"
ts=1736097121 level=info service=queue-worker host=host-03.example trace_id=trace-behavior-00015059 msg="event_id=behavior-15059 step=0"
ts=1736097194 level=info service=queue-worker host=host-03.example trace_id=trace-behavior-00015062 msg="event_id=behavior-15062 step=3"
ts=1736097267 level=info service=queue-worker host=host-03.example trace_id=trace-behavior-00015065 msg="event_id=behavior-15065 step=6"
ts=1736097315 level=info service=queue-worker host=host-03.example trace_id=trace-behavior-00015067 msg="event_id=behavior-15067 step=8"
ts=1736097508 level=debug service=queue-worker host=host-03.example trace_id=trace-behavior-00015075 msg="event_id=behavior-15075 step=5"
ts=1736098258 level=info service=queue-worker host=host-03.example trace_id=trace-behavior-00015106 msg="event_id=behavior-15106 step=3"
ts=1736098283 level=info service=queue-worker host=host-03.example trace_id=trace-behavior-00015107 msg="event_id=behavior-15107 step=4"
ts=1736098307 level=info service=queue-worker host=host-03.example trace_id=trace-behavior-00015108 msg="event_id=behavior-15108 step=5"
ts=1736098500 level=info service=queue-worker host=host-03.example trace_id=trace-behavior-00015116 msg="event_id=behavior-15116 step=2"
ts=1736098839 level=info service=queue-worker host=host-03.example trace_id=trace-behavior-00015130 msg="event_id=behavior-15130 step=5"
ts=1736099057 level=info service=queue-worker host=host-03.example trace_id=trace-behavior-00015139 msg="event_id=behavior-15139 step=3"
ts=1736099081 level=info service=queue-worker host=host-03.example trace_id=trace-behavior-00015140 msg="event_id=behavior-15140 step=4"
ts=1736099226 level=info service=queue-worker host=host-03.example trace_id=trace-behavior-00015146 msg="event_id=behavior-15146 step=10"
ts=1736099541 level=info service=queue-worker host=host-03.example trace_id=trace-behavior-00015159 msg="event_id=behavior-15159 step=1"
ts=1736099565 level=info service=queue-worker host=host-03.example trace_id=trace-behavior-00015160 msg="event_id=behavior-15160 step=2"
ts=1736099589 level=info service=queue-worker host=host-03.example trace_id=trace-behavior-00015161 msg="event_id=behavior-15161 step=3"
ts=1736099783 level=info service=queue-worker host=host-03.example trace_id=trace-behavior-00015169 msg="event_id=behavior-15169 step=0"
ts=1736099831 level=info service=queue-worker host=host-03.example trace_id=trace-behavior-00015171 msg="event_id=behavior-15171 step=2"
ts=1736099928 level=info service=queue-worker host=host-03.example trace_id=trace-behavior-00015175 msg="event_id=behavior-15175 step=6"
ts=1736099976 level=info service=queue-worker host=host-03.example trace_id=trace-behavior-00015177 msg="event_id=behavior-15177 step=8"
ts=1736100000 level=info service=queue-worker host=host-03.example trace_id=trace-behavior-00015178 msg="event_id=behavior-15178 step=9"
ts=1736100266 level=info service=queue-worker host=host-03.example trace_id=trace-behavior-00015189 msg="event_id=behavior-15189 step=9"
ts=1736100387 level=info service=queue-worker host=host-03.example trace_id=trace-behavior-00015194 msg="event_id=behavior-15194 step=3"
ts=1736100436 level=info service=queue-worker host=host-03.example trace_id=trace-behavior-00015196 msg="event_id=behavior-15196 step=5"
ts=1736100484 level=info service=queue-worker host=host-03.example trace_id=trace-behavior-00015198 msg="event_id=behavior-15198 step=7"
ts=1736100581 level=info service=queue-worker host=host-03.example trace_id=trace-behavior-00015202 msg="event_id=behavior-15202 LONG_JSON_SENTINEL payload=xxxxxxxxxxxxxxxxxxxxxxxxxxxxxxxxxxxxxxxxxxxxxxxxxxxxxxxxxxxxxxxxxxxxxxxxxxxxxxxxxxxxxxxxxxxxxxxxxxxxxxxxxxxxxxxxxxxxxxxxxxxxxxxxxxxxxxxxxxxxxxxxxxxxxxxxxxxxxxxxxxxxxxxxxxxxxxxxxxxxxxxxxxxxxxxxxxxxxxxxxxxxxxxxxxxxxxxxxxxxxxxxxxxxxxxxxxxxxxxxxxxxxxxxxxxxxxxxxxxxxxxxxxxxxxxxxxxxxxxxxxxxxxxxxxxxxxxxxxxxxxxxxxxxxxxxxxxxxxxxxxxxxxxxxxxxxxxxxxxxxxxxxxxxxxxxxxxxxxxxxxxxxxxxxxxxxxxxxxxxxxxxxxxxxxxxxxxxxxxxxx"
ts=1736100605 level=info service=queue-worker host=host-03.example trace_id=trace-behavior-00015203 msg="event_id=behavior-15203 LONG_JSON_SENTINEL payload=xxxxxxxxxxxxxxxxxxxxxxxxxxxxxxxxxxxxxxxxxxxxxxxxxxxxxxxxxxxxxxxxxxxxxxxxxxxxxxxxxxxxxxxxxxxxxxxxxxxxxxxxxxxxxxxxxxxxxxxxxxxxxxxxxxxxxxxxxxxxxxxxxxxxxxxxxxxxxxxxxxxxxxxxxxxxxxxxxxxxxxxxxxxxxxxxxxxxxxxxxxxxxxxxxxxxxxxxxxxxxxxxxxxxxxxxxxxxxxxxxxxxxxxxxxxxxxxxxxxxxxxxxxxxxxxxxxxxxxxxxxxxxxxxxxxxxxxxxxxxxxxxxxxxxxxxxxxxxxxxxxxxxxxxxxxxxxxxxxxxxxxxxxxxxxxxxxxxxxxxxxxxxxxxxxxxxxxxxxxxxxxxxxxxxxxxxxxxxxxxxxx"
ts=1736100775 level=info service=queue-worker host=host-03.example trace_id=trace-behavior-00015210 msg="event_id=behavior-15210 step=8"
ts=1736100992 level=info service=queue-worker host=host-03.example trace_id=trace-behavior-00015219 msg="event_id=behavior-15219 step=6"
ts=1736101137 level=info service=queue-worker host=host-03.example trace_id=trace-behavior-00015225 msg="event_id=behavior-15225 step=1"
ts=1736101379 level=info service=queue-worker host=host-03.example trace_id=trace-behavior-00015235 msg="event_id=behavior-15235 step=0"
ts=1736101500 level=info service=queue-worker host=host-03.example trace_id=trace-behavior-00015240 msg="event_id=behavior-15240 step=5"
ts=1736101549 level=info service=queue-worker host=host-03.example trace_id=trace-behavior-00015242 msg="event_id=behavior-15242 step=7"
ts=1736101815 level=info service=queue-worker host=host-03.example trace_id=trace-behavior-00015253 msg="event_id=behavior-15253 step=7"
ts=1736101863 level=info service=queue-worker host=host-03.example trace_id=trace-behavior-00015255 msg="event_id=behavior-15255 step=9"
ts=1736101887 level=info service=queue-worker host=host-03.example trace_id=trace-behavior-00015256 msg="event_id=behavior-15256 step=10"
ts=1736101936 level=info service=queue-worker host=host-03.example trace_id=trace-behavior-00015258 msg="event_id=behavior-15258 step=1"
ts=1736102589 level=info service=queue-worker host=host-03.example trace_id=trace-behavior-00015285 msg="event_id=behavior-15285 step=6"
ts=1736102637 level=info service=queue-worker host=host-03.example trace_id=trace-behavior-00015287 msg="event_id=behavior-15287 step=8"
ts=1736102686 level=info service=queue-worker host=host-03.example trace_id=trace-behavior-00015289 msg="event_id=behavior-15289 step=10"
ts=1736102710 level=info service=queue-worker host=host-03.example trace_id=trace-behavior-00015290 msg="event_id=behavior-15290 step=0"
ts=1736102783 level=info service=queue-worker host=host-03.example trace_id=trace-behavior-00015293 msg="event_id=behavior-15293 step=3"
ts=1736102928 level=info service=queue-worker host=host-03.example trace_id=trace-behavior-00015299 msg="event_id=behavior-15299 step=9"
ts=1736103049 level=info service=queue-worker host=host-03.example trace_id=trace-behavior-00015304 msg="event_id=behavior-15304 step=3"
ts=1736103145 level=info service=queue-worker host=host-03.example trace_id=trace-behavior-00015308 msg="event_id=behavior-15308 step=7"
ts=1736103218 level=info service=queue-worker host=host-03.example trace_id=trace-behavior-00015311 msg="event_id=behavior-15311 step=10"
ts=1736103315 level=info service=queue-worker host=host-03.example trace_id=trace-behavior-00015315 msg="event_id=behavior-15315 step=3"
ts=1736103774 level=info service=queue-worker host=host-03.example trace_id=trace-behavior-00015334 msg="event_id=behavior-15334 step=0"
ts=1736103823 level=info service=queue-worker host=host-03.example trace_id=trace-behavior-00015336 msg="event_id=behavior-15336 step=2"
ts=1736103895 level=info service=queue-worker host=host-03.example trace_id=trace-behavior-00015339 msg="event_id=behavior-15339 step=5"
ts=1736103992 level=info service=queue-worker host=host-03.example trace_id=trace-behavior-00015343 msg="event_id=behavior-15343 step=9"
ts=1736104065 level=info service=queue-worker host=host-03.example trace_id=trace-behavior-00015346 msg="event_id=behavior-15346 step=1"
ts=1736104113 level=info service=queue-worker host=host-03.example trace_id=trace-behavior-00015348 msg="event_id=behavior-15348 step=3"
ts=1736104210 level=info service=queue-worker host=host-03.example trace_id=trace-behavior-00015352 msg="event_id=behavior-15352 step=7"
ts=1736104597 level=info service=queue-worker host=host-03.example trace_id=trace-behavior-00015368 msg="event_id=behavior-15368 step=1"
ts=1736104863 level=info service=queue-worker host=host-03.example trace_id=trace-behavior-00015379 msg="event_id=behavior-15379 step=1"
ts=1736104936 level=info service=queue-worker host=host-03.example trace_id=trace-behavior-00015382 msg="event_id=behavior-15382 step=4"
ts=1736104960 level=info service=queue-worker host=host-03.example trace_id=trace-behavior-00015383 msg="event_id=behavior-15383 step=5"
ts=1736105057 level=info service=queue-worker host=host-03.example trace_id=trace-behavior-00015387 msg="event_id=behavior-15387 step=9"
ts=1736105202 level=info service=queue-worker host=host-03.example trace_id=trace-behavior-00015393 msg="event_id=behavior-15393 step=4"
ts=1736105323 level=info service=queue-worker host=host-03.example trace_id=trace-behavior-00015398 msg="event_id=behavior-15398 step=9"
ts=1736105420 level=info service=queue-worker host=host-03.example trace_id=trace-behavior-00015402 msg="event_id=behavior-15402 STACK_TRACE_SENTINEL failure in handler\n    at lab_module_handler(file=example_rs line=42)\n    at lab_module_dispatch(file=example_rs line=12)\nCaused by: simulated timeout after 202ms"
ts=1736105444 level=error service=queue-worker host=host-03.example trace_id=trace-behavior-00015403 msg="event_id=behavior-15403 LONG_JSON_SENTINEL payload=xxxxxxxxxxxxxxxxxxxxxxxxxxxxxxxxxxxxxxxxxxxxxxxxxxxxxxxxxxxxxxxxxxxxxxxxxxxxxxxxxxxxxxxxxxxxxxxxxxxxxxxxxxxxxxxxxxxxxxxxxxxxxxxxxxxxxxxxxxxxxxxxxxxxxxxxxxxxxxxxxxxxxxxxxxxxxxxxxxxxxxxxxxxxxxxxxxxxxxxxxxxxxxxxxxxxxxxxxxxxxxxxxxxxxxxxxxxxxxxxxxxxxxxxxxxxxxxxxxxxxxxxxxxxxxxxxxxxxxxxxxxxxxxxxxxxxxxxxxxxxxxxxxxxxxxxxxxxxxxxxxxxxxxxxxxxxxxxxxxxxxxxxxxxxxxxxxxxxxxxxxxxxxxxxxxxxxxxxxxxxxxxxxxxxxxxxxxxxxxxxxx"
ts=1736105710 level=info service=queue-worker host=host-03.example trace_id=trace-behavior-00015414 msg="event_id=behavior-15414 step=3"
ts=1736105758 level=info service=queue-worker host=host-03.example trace_id=trace-behavior-00015416 msg="event_id=behavior-15416 step=5"
ts=1736105855 level=info service=queue-worker host=host-03.example trace_id=trace-behavior-00015420 msg="event_id=behavior-15420 step=9"
ts=1736106218 level=info service=queue-worker host=host-03.example trace_id=trace-behavior-00015435 msg="event_id=behavior-15435 step=2"
ts=1736106242 level=info service=queue-worker host=host-03.example trace_id=trace-behavior-00015436 msg="event_id=behavior-15436 step=3"
ts=1736106363 level=info service=queue-worker host=host-03.example trace_id=trace-behavior-00015441 msg="event_id=behavior-15441 step=8"
ts=1736106387 level=info service=queue-worker host=host-03.example trace_id=trace-behavior-00015442 msg="event_id=behavior-15442 step=9"
ts=1736106678 level=debug service=queue-worker host=host-03.example trace_id=trace-behavior-00015454 msg="event_id=behavior-15454 step=10"
ts=1736106823 level=info service=queue-worker host=host-03.example trace_id=trace-behavior-00015460 msg="event_id=behavior-15460 step=5"
ts=1736106871 level=info service=queue-worker host=host-03.example trace_id=trace-behavior-00015462 msg="event_id=behavior-15462 step=7"
ts=1736106920 level=info service=queue-worker host=host-03.example trace_id=trace-behavior-00015464 msg="event_id=behavior-15464 step=9"
ts=1736106944 level=debug service=queue-worker host=host-03.example trace_id=trace-behavior-00015465 msg="event_id=behavior-15465 step=10"
ts=1736107113 level=info service=queue-worker host=host-03.example trace_id=trace-behavior-00015472 msg="event_id=behavior-15472 step=6"
ts=1736107234 level=info service=queue-worker host=host-03.example trace_id=trace-behavior-00015477 msg="event_id=behavior-15477 step=0"
ts=1736107258 level=info service=queue-worker host=host-03.example trace_id=trace-behavior-00015478 msg="event_id=behavior-15478 step=1"
ts=1736107476 level=info service=queue-worker host=host-03.example trace_id=trace-behavior-00015487 msg="event_id=behavior-15487 step=10"
ts=1736107549 level=info service=queue-worker host=host-03.example trace_id=trace-behavior-00015490 msg="event_id=behavior-15490 step=2"
ts=1736107645 level=info service=queue-worker host=host-03.example trace_id=trace-behavior-00015494 msg="event_id=behavior-15494 step=6"
ts=1736107790 level=info service=queue-worker host=host-03.example trace_id=trace-behavior-00015500 msg="event_id=behavior-15500 LONG_JSON_SENTINEL payload=xxxxxxxxxxxxxxxxxxxxxxxxxxxxxxxxxxxxxxxxxxxxxxxxxxxxxxxxxxxxxxxxxxxxxxxxxxxxxxxxxxxxxxxxxxxxxxxxxxxxxxxxxxxxxxxxxxxxxxxxxxxxxxxxxxxxxxxxxxxxxxxxxxxxxxxxxxxxxxxxxxxxxxxxxxxxxxxxxxxxxxxxxxxxxxxxxxxxxxxxxxxxxxxxxxxxxxxxxxxxxxxxxxxxxxxxxxxxxxxxxxxxxxxxxxxxxxxxxxxxxxxxxxxxxxxxxxxxxxxxxxxxxxxxxxxxxxxxxxxxxxxxxxxxxxxxxxxxxxxxxxxxxxxxxxxxxxxxxxxxxxxxxxxxxxxxxxxxxxxxxxxxxxxxxxxxxxxxxxxxxxxxxxxxxxxxxxxxxxxxxxxxxxxxxxxxxxxxxxxxxxxxxxxxxxxxxxxxxxxxxxxxxxxxxxxxxxxxxxxxxxxxxxxxxxxxxxxxxxxxxxxxxxxxxxxxxxxxxxxx"
ts=1736107887 level=info service=queue-worker host=host-03.example trace_id=trace-behavior-00015504 msg="event_id=behavior-15504 step=5"
ts=1736107984 level=info service=queue-worker host=host-03.example trace_id=trace-behavior-00015508 msg="event_id=behavior-15508 step=9"
ts=1736108032 level=info service=queue-worker host=host-03.example trace_id=trace-behavior-00015510 msg="event_id=behavior-15510 step=0"
ts=1736108299 level=info service=queue-worker host=host-03.example trace_id=trace-behavior-00015521 msg="event_id=behavior-15521 step=0"
ts=1736108879 level=info service=queue-worker host=host-03.example trace_id=trace-behavior-00015545 msg="event_id=behavior-15545 step=2"
ts=1736109000 level=info service=queue-worker host=host-03.example trace_id=trace-behavior-00015550 msg="event_id=behavior-15550 step=7"
ts=1736109290 level=info service=queue-worker host=host-03.example trace_id=trace-behavior-00015562 msg="event_id=behavior-15562 step=8"
ts=1736109411 level=info service=queue-worker host=host-03.example trace_id=trace-behavior-00015567 msg="event_id=behavior-15567 step=2"
ts=1736109508 level=info service=queue-worker host=host-03.example trace_id=trace-behavior-00015571 msg="event_id=behavior-15571 step=6"
ts=1736109532 level=info service=queue-worker host=host-03.example trace_id=trace-behavior-00015572 msg="event_id=behavior-15572 step=7"
ts=1736109581 level=info service=queue-worker host=host-03.example trace_id=trace-behavior-00015574 msg="event_id=behavior-15574 step=9"
ts=1736109653 level=info service=queue-worker host=host-03.example trace_id=trace-behavior-00015577 msg="event_id=behavior-15577 step=1"
ts=1736109726 level=info service=queue-worker host=host-03.example trace_id=trace-behavior-00015580 msg="event_id=behavior-15580 step=4"
ts=1736110040 level=info service=queue-worker host=host-03.example trace_id=trace-behavior-00015593 msg="event_id=behavior-15593 step=6"
ts=1736110161 level=info service=queue-worker host=host-03.example trace_id=trace-behavior-00015598 msg="event_id=behavior-15598 step=0"
ts=1736110282 level=info service=queue-worker host=host-03.example trace_id=trace-behavior-00015603 msg="event_id=behavior-15603 STACK_TRACE_SENTINEL failure in handler\n    at lab_module_handler(file=example_rs line=43)\n    at lab_module_dispatch(file=example_rs line=13)\nCaused by: simulated timeout after 403ms"
ts=1736110307 level=info service=queue-worker host=host-03.example trace_id=trace-behavior-00015604 msg="event_id=behavior-15604 step=6"
ts=1736110524 level=info service=queue-worker host=host-03.example trace_id=trace-behavior-00015613 msg="event_id=behavior-15613 step=4"
ts=1736110718 level=info service=queue-worker host=host-03.example trace_id=trace-behavior-00015621 msg="event_id=behavior-15621 step=1"
ts=1736111250 level=info service=queue-worker host=host-03.example trace_id=trace-behavior-00015643 msg="event_id=behavior-15643 step=1"
ts=1736111323 level=info service=queue-worker host=host-03.example trace_id=trace-behavior-00015646 msg="event_id=behavior-15646 step=4"
ts=1736111419 level=info service=queue-worker host=host-03.example trace_id=trace-behavior-00015650 msg="event_id=behavior-15650 step=8"
ts=1736111589 level=info service=queue-worker host=host-03.example trace_id=trace-behavior-00015657 msg="event_id=behavior-15657 step=4"
ts=1736111637 level=info service=queue-worker host=host-03.example trace_id=trace-behavior-00015659 msg="event_id=behavior-15659 step=6"
ts=1736112121 level=info service=queue-worker host=host-03.example trace_id=trace-behavior-00015679 msg="event_id=behavior-15679 step=4"
ts=1736112460 level=info service=queue-worker host=host-03.example trace_id=trace-behavior-00015693 msg="event_id=behavior-15693 step=7"
ts=1736112750 level=info service=queue-worker host=host-03.example trace_id=trace-behavior-00015705 msg="event_id=behavior-15705 step=8"
ts=1736112823 level=info service=queue-worker host=host-03.example trace_id=trace-behavior-00015708 msg="event_id=behavior-15708 step=0"
ts=1736112919 level=info service=queue-worker host=host-03.example trace_id=trace-behavior-00015712 msg="event_id=behavior-15712 step=4"
ts=1736112944 level=info service=queue-worker host=host-03.example trace_id=trace-behavior-00015713 msg="event_id=behavior-15713 step=5"
ts=1736113016 level=info service=queue-worker host=host-03.example trace_id=trace-behavior-00015716 msg="event_id=behavior-15716 step=8"
ts=1736113427 level=info service=queue-worker host=host-03.example trace_id=trace-behavior-00015733 msg="event_id=behavior-15733 step=3"
ts=1736113573 level=info service=queue-worker host=host-03.example trace_id=trace-behavior-00015739 msg="event_id=behavior-15739 step=9"
ts=1736113669 level=info service=queue-worker host=host-03.example trace_id=trace-behavior-00015743 msg="event_id=behavior-15743 step=2"
ts=1736113790 level=info service=queue-worker host=host-03.example trace_id=trace-behavior-00015748 msg="event_id=behavior-15748 step=7"
ts=1736113839 level=debug service=queue-worker host=host-03.example trace_id=trace-behavior-00015750 msg="event_id=behavior-15750 step=9"
ts=1736113863 level=info service=queue-worker host=host-03.example trace_id=trace-behavior-00015751 msg="event_id=behavior-15751 step=10"
ts=1736113887 level=info service=queue-worker host=host-03.example trace_id=trace-behavior-00015752 msg="event_id=behavior-15752 step=0"
ts=1736113984 level=info service=queue-worker host=host-03.example trace_id=trace-behavior-00015756 msg="event_id=behavior-15756 step=4"
ts=1736114081 level=info service=queue-worker host=host-03.example trace_id=trace-behavior-00015760 msg="event_id=behavior-15760 step=8"
ts=1736114274 level=info service=queue-worker host=host-03.example trace_id=trace-behavior-00015768 msg="event_id=behavior-15768 step=5"
ts=1736114347 level=info service=queue-worker host=host-03.example trace_id=trace-behavior-00015771 msg="event_id=behavior-15771 step=8"
ts=1736114444 level=info service=queue-worker host=host-03.example trace_id=trace-behavior-00015775 msg="event_id=behavior-15775 step=1"
ts=1736114565 level=info service=queue-worker host=host-03.example trace_id=trace-behavior-00015780 msg="event_id=behavior-15780 step=6"
ts=1736114879 level=info service=queue-worker host=host-03.example trace_id=trace-behavior-00015793 msg="event_id=behavior-15793 step=8"
ts=1736115242 level=info service=queue-worker host=host-03.example trace_id=trace-behavior-00015808 msg="event_id=behavior-15808 step=1"
ts=1736115266 level=info service=queue-worker host=host-03.example trace_id=trace-behavior-00015809 msg="event_id=behavior-15809 step=2"
ts=1736115315 level=warn service=queue-worker host=host-03.example trace_id=trace-behavior-00015811 msg="event_id=behavior-15811 step=4"
ts=1736115339 level=info service=queue-worker host=host-03.example trace_id=trace-behavior-00015812 msg="event_id=behavior-15812 step=5"
ts=1736115532 level=info service=queue-worker host=host-03.example trace_id=trace-behavior-00015820 msg="event_id=behavior-15820 step=2"
ts=1736115702 level=info service=queue-worker host=host-03.example trace_id=trace-behavior-00015827 msg="event_id=behavior-15827 step=9"
ts=1736115968 level=info service=queue-worker host=host-03.example trace_id=trace-behavior-00015838 msg="event_id=behavior-15838 step=9"
ts=1736115992 level=info service=queue-worker host=host-03.example trace_id=trace-behavior-00015839 msg="event_id=behavior-15839 step=10"
ts=1736116016 level=info service=queue-worker host=host-03.example trace_id=trace-behavior-00015840 msg="event_id=behavior-15840 step=0"
ts=1736116040 level=info service=queue-worker host=host-03.example trace_id=trace-behavior-00015841 msg="event_id=behavior-15841 step=1"
ts=1736116089 level=info service=queue-worker host=host-03.example trace_id=trace-behavior-00015843 msg="event_id=behavior-15843 step=3"
ts=1736116258 level=info service=queue-worker host=host-03.example trace_id=trace-behavior-00015850 msg="event_id=behavior-15850 step=10"
ts=1736116282 level=info service=queue-worker host=host-03.example trace_id=trace-behavior-00015851 msg="event_id=behavior-15851 step=0"
ts=1736116306 level=info service=queue-worker host=host-03.example trace_id=trace-behavior-00015852 msg="event_id=behavior-15852 step=1"
ts=1736116452 level=info service=queue-worker host=host-03.example trace_id=trace-behavior-00015858 msg="event_id=behavior-15858 step=7"
ts=1736116476 level=info service=queue-worker host=host-03.example trace_id=trace-behavior-00015859 msg="event_id=behavior-15859 step=8"
ts=1736116597 level=info service=queue-worker host=host-03.example trace_id=trace-behavior-00015864 msg="event_id=behavior-15864 step=2"
ts=1736116645 level=info service=queue-worker host=host-03.example trace_id=trace-behavior-00015866 msg="event_id=behavior-15866 step=4"
ts=1736116960 level=info service=queue-worker host=host-03.example trace_id=trace-behavior-00015879 msg="event_id=behavior-15879 step=6"
ts=1736117105 level=info service=queue-worker host=host-03.example trace_id=trace-behavior-00015885 msg="event_id=behavior-15885 step=1"
ts=1736117250 level=info service=queue-worker host=host-03.example trace_id=trace-behavior-00015891 msg="event_id=behavior-15891 step=7"
ts=1736117347 level=info service=queue-worker host=host-03.example trace_id=trace-behavior-00015895 msg="event_id=behavior-15895 step=0"
ts=1736117419 level=info service=queue-worker host=host-03.example trace_id=trace-behavior-00015898 msg="event_id=behavior-15898 step=3"
ts=1736117468 level=info service=queue-worker host=host-03.example trace_id=trace-behavior-00015900 msg="event_id=behavior-15900 STACK_TRACE_SENTINEL failure in handler\n    at lab_module_handler(file=example_rs line=40)\n    at lab_module_dispatch(file=example_rs line=10)\nCaused by: simulated timeout after 700ms"
ts=1736117516 level=info service=queue-worker host=host-03.example trace_id=trace-behavior-00015902 msg="event_id=behavior-15902 LONG_JSON_SENTINEL payload=xxxxxxxxxxxxxxxxxxxxxxxxxxxxxxxxxxxxxxxxxxxxxxxxxxxxxxxxxxxxxxxxxxxxxxxxxxxxxxxxxxxxxxxxxxxxxxxxxxxxxxxxxxxxxxxxxxxxxxxxxxxxxxxxxxxxxxxxxxxxxxxxxxxxxxxxxxxxxxxxxxxxxxxxxxxxxxxxxxxxxxxxxxxxxxxxxxxxxxxxxxxxxxxxxxxxxxxxxxxxxxxxxxxxxxxxxxxxxxxxxxxxxxxxxxxxxxxxxxxxxxxxxxxxxxxxxxxxxxxxxxxxxxxxxxxxxxxxxxxxxxxxxxxxxxxxxxxxxxxxxxxxxxxxxxxxxxxxxxxxxxxxxxxxxxxxxxxxxxxxxxxxxxxxxxxxxxxxxxxxxxxxxxxxxxxxxxxxxxxxxxxxxxxxxxxxxxxxxxxxxxxxxxxxxxxxxxxxxxxxxxxxxxxxxxxxxxxxxxxxxxxxxxxxxxxxxxxxxxxxxxxxxxxxxxxxxxxxxxxxxx"
ts=1736117564 level=info service=queue-worker host=host-03.example trace_id=trace-behavior-00015904 msg="event_id=behavior-15904 step=9"
ts=1736117589 level=info service=queue-worker host=host-03.example trace_id=trace-behavior-00015905 msg="event_id=behavior-15905 step=10"
ts=1736117710 level=info service=queue-worker host=host-03.example trace_id=trace-behavior-00015910 msg="event_id=behavior-15910 step=4"
ts=1736117879 level=info service=queue-worker host=host-03.example trace_id=trace-behavior-00015917 msg="event_id=behavior-15917 step=0"
ts=1736117976 level=info service=queue-worker host=host-03.example trace_id=trace-behavior-00015921 msg="event_id=behavior-15921 step=4"
ts=1736118097 level=info service=queue-worker host=host-03.example trace_id=trace-behavior-00015926 msg="event_id=behavior-15926 step=9"
ts=1736118121 level=info service=queue-worker host=host-03.example trace_id=trace-behavior-00015927 msg="event_id=behavior-15927 step=10"
ts=1736118242 level=info service=queue-worker host=host-03.example trace_id=trace-behavior-00015932 msg="event_id=behavior-15932 step=4"
ts=1736118363 level=info service=queue-worker host=host-03.example trace_id=trace-behavior-00015937 msg="event_id=behavior-15937 step=9"
ts=1736118508 level=info service=queue-worker host=host-03.example trace_id=trace-behavior-00015943 msg="event_id=behavior-15943 step=4"
ts=1736118750 level=info service=queue-worker host=host-03.example trace_id=trace-behavior-00015953 msg="event_id=behavior-15953 step=3"
ts=1736118871 level=info service=queue-worker host=host-03.example trace_id=trace-behavior-00015958 msg="event_id=behavior-15958 step=8"
ts=1736118919 level=info service=queue-worker host=host-03.example trace_id=trace-behavior-00015960 msg="event_id=behavior-15960 step=10"
ts=1736118968 level=info service=queue-worker host=host-03.example trace_id=trace-behavior-00015962 msg="event_id=behavior-15962 step=1"
ts=1736119161 level=info service=queue-worker host=host-03.example trace_id=trace-behavior-00015970 msg="event_id=behavior-15970 step=9"
ts=1736119210 level=info service=queue-worker host=host-03.example trace_id=trace-behavior-00015972 msg="event_id=behavior-15972 step=0"
ts=1736119234 level=debug service=queue-worker host=host-03.example trace_id=trace-behavior-00015973 msg="event_id=behavior-15973 step=1"
ts=1736119331 level=info service=queue-worker host=host-03.example trace_id=trace-behavior-00015977 msg="event_id=behavior-15977 step=5"
ts=1736119403 level=info service=queue-worker host=host-03.example trace_id=trace-behavior-00015980 msg="event_id=behavior-15980 step=8"
ts=1736119790 level=info service=queue-worker host=host-03.example trace_id=trace-behavior-00015996 msg="event_id=behavior-15996 step=2"
ts=1736119814 level=debug service=queue-worker host=host-03.example trace_id=trace-behavior-00015997 msg="event_id=behavior-15997 step=3"
ts=1736139314 level=info service=queue-worker host=host-03.example trace_id=trace-behavior-00016803 msg="event_id=behavior-16803 STACK_TRACE_SENTINEL failure in handler\n    at lab_module_handler(file=example_rs line=43)\n    at lab_module_dispatch(file=example_rs line=13)\nCaused by: simulated timeout after 703ms"
ts=1736139338 level=info service=queue-worker host=host-03.example trace_id=trace-behavior-00016804 msg="event_id=behavior-16804 step=7"
ts=1736139798 level=info service=queue-worker host=host-03.example trace_id=trace-behavior-00016823 msg="event_id=behavior-16823 step=4"
ts=1736140064 level=info service=queue-worker host=host-03.example trace_id=trace-behavior-00016834 msg="event_id=behavior-16834 step=4"
ts=1736140306 level=info service=queue-worker host=host-03.example trace_id=trace-behavior-00016844 msg="event_id=behavior-16844 step=3"
ts=1736140427 level=info service=queue-worker host=host-03.example trace_id=trace-behavior-00016849 msg="event_id=behavior-16849 step=8"
ts=1736140669 level=info service=queue-worker host=host-03.example trace_id=trace-behavior-00016859 msg="event_id=behavior-16859 step=7"
ts=1736140766 level=info service=queue-worker host=host-03.example trace_id=trace-behavior-00016863 msg="event_id=behavior-16863 step=0"
ts=1736140814 level=info service=queue-worker host=host-03.example trace_id=trace-behavior-00016865 msg="event_id=behavior-16865 step=2"
ts=1736140838 level=info service=queue-worker host=host-03.example trace_id=trace-behavior-00016866 msg="event_id=behavior-16866 step=3"
ts=1736140911 level=info service=queue-worker host=host-03.example trace_id=trace-behavior-00016869 msg="event_id=behavior-16869 step=6"
ts=1736140959 level=info service=queue-worker host=host-03.example trace_id=trace-behavior-00016871 msg="event_id=behavior-16871 step=8"
ts=1736141032 level=info service=queue-worker host=host-03.example trace_id=trace-behavior-00016874 msg="event_id=behavior-16874 step=0"
ts=1736141153 level=info service=queue-worker host=host-03.example trace_id=trace-behavior-00016879 msg="event_id=behavior-16879 step=5"
ts=1736141370 level=info service=queue-worker host=host-03.example trace_id=trace-behavior-00016888 msg="event_id=behavior-16888 step=3"
ts=1736141419 level=info service=queue-worker host=host-03.example trace_id=trace-behavior-00016890 msg="event_id=behavior-16890 step=5"
ts=1736141661 level=info service=queue-worker host=host-03.example trace_id=trace-behavior-00016900 msg="event_id=behavior-16900 LONG_JSON_SENTINEL payload=xxxxxxxxxxxxxxxxxxxxxxxxxxxxxxxxxxxxxxxxxxxxxxxxxxxxxxxxxxxxxxxxxxxxxxxxxxxxxxxxxxxxxxxxxxxxxxxxxxxxxxxxxxxxxxxxxxxxxxxxxxxxxxxxxxxxxxxxxxxxxxxxxxxxxxxxxxxxxxxxxxxxxxxxxxxxxxxxxxxxxxxxxxxxxxxxxxxxxxxxxxxxxxxxxxxxxxxxxxxxxxxxxxxxxxxxxxxxxxxxxxxxxxxxxxxxxxxxxxxxxxxxxxxxxxxxxxxxxxxxxxxxxxxxxxxxxxxxxxxxxxxxxxxxxxxxxxxxxxxxxxxxxxxxxxxxxxxxxxxxxxxxxxxxxxxxxxxxxxxxxxxxxxxxxxxxxxxxxxxxxxxxxxxxxxxxxxxxxxxxxxxxxxxxxxxxxxxxxxxxxxxxxxxxxxxxxxxxxxxxxxxxxxxxxxxxxxxxxxxxxxxxxxxxxxxxxxxxxxxxxxxxxxxxxxxxxxxxxxxx"
ts=1736141733 level=info service=queue-worker host=host-03.example trace_id=trace-behavior-00016903 msg="event_id=behavior-16903 LONG_JSON_SENTINEL payload=xxxxxxxxxxxxxxxxxxxxxxxxxxxxxxxxxxxxxxxxxxxxxxxxxxxxxxxxxxxxxxxxxxxxxxxxxxxxxxxxxxxxxxxxxxxxxxxxxxxxxxxxxxxxxxxxxxxxxxxxxxxxxxxxxxxxxxxxxxxxxxxxxxxxxxxxxxxxxxxxxxxxxxxxxxxxxxxxxxxxxxxxxxxxxxxxxxxxxxxxxxxxxxxxxxxxxxxxxxxxxxxxxxxxxxxxxxxxxxxxxxxxxxxxxxxxxxxxxxxxxxxxxxxxxxxxxxxxxxxxxxxxxxxxxxxxxxxxxxxxxxxxxxxxxxxxxxxxxxxxxxxxxxxxxxxxxxxxxxxxxxxxxxxxxxxxxxxxxxxxxxxxxxxxxxxxxxxxxxxxxxxxxxxxxxxxxxxxxxxxxxxxxxxxxxxxxxxxxxxxxxxxxxxxxxxxxxxxxxxxxxxxxxxxxxxxxxxxxxxxxxxxxxxxxxxxxxxxxxxxxxxxxxxxxxxxxxxxxxxxxxx"
ts=1736142241 level=info service=queue-worker host=host-03.example trace_id=trace-behavior-00016924 msg="event_id=behavior-16924 step=6"
ts=1736142532 level=info service=queue-worker host=host-03.example trace_id=trace-behavior-00016936 msg="event_id=behavior-16936 step=7"
ts=1736142556 level=info service=queue-worker host=host-03.example trace_id=trace-behavior-00016937 msg="event_id=behavior-16937 step=8"
ts=1736142677 level=info service=queue-worker host=host-03.example trace_id=trace-behavior-00016942 msg="event_id=behavior-16942 step=2"
ts=1736142798 level=info service=queue-worker host=host-03.example trace_id=trace-behavior-00016947 msg="event_id=behavior-16947 step=7"
ts=1736142894 level=info service=queue-worker host=host-03.example trace_id=trace-behavior-00016951 msg="event_id=behavior-16951 step=0"
ts=1736142919 level=info service=queue-worker host=host-03.example trace_id=trace-behavior-00016952 msg="event_id=behavior-16952 step=1"
ts=1736143257 level=info service=queue-worker host=host-03.example trace_id=trace-behavior-00016966 msg="event_id=behavior-16966 step=4"
ts=1736143475 level=warn service=queue-worker host=host-03.example trace_id=trace-behavior-00016975 msg="event_id=behavior-16975 step=2"
ts=1736143524 level=info service=queue-worker host=host-03.example trace_id=trace-behavior-00016977 msg="event_id=behavior-16977 step=4"
ts=1736143911 level=info service=queue-worker host=host-03.example trace_id=trace-behavior-00016993 msg="event_id=behavior-16993 step=9"
ts=1736143983 level=info service=queue-worker host=host-03.example trace_id=trace-behavior-00016996 msg="event_id=behavior-16996 step=1"
ts=1736144104 level=info service=queue-worker host=host-03.example trace_id=trace-behavior-00017001 msg="event_id=behavior-17001 STACK_TRACE_SENTINEL failure in handler\n    at lab_module_handler(file=example_rs line=41)\n    at lab_module_dispatch(file=example_rs line=11)\nCaused by: simulated timeout after 901ms"
ts=1736144177 level=info service=queue-worker host=host-03.example trace_id=trace-behavior-00017004 msg="event_id=behavior-17004 step=9"
ts=1736144273 level=info service=queue-worker host=host-03.example trace_id=trace-behavior-00017008 msg="event_id=behavior-17008 step=2"
ts=1736144298 level=info service=queue-worker host=host-03.example trace_id=trace-behavior-00017009 msg="event_id=behavior-17009 step=3"
ts=1736144394 level=info service=queue-worker host=host-03.example trace_id=trace-behavior-00017013 msg="event_id=behavior-17013 step=7"
ts=1736144467 level=info service=queue-worker host=host-03.example trace_id=trace-behavior-00017016 msg="event_id=behavior-17016 step=10"
ts=1736144540 level=info service=queue-worker host=host-03.example trace_id=trace-behavior-00017019 msg="event_id=behavior-17019 step=2"
ts=1736144685 level=info service=queue-worker host=host-03.example trace_id=trace-behavior-00017025 msg="event_id=behavior-17025 step=8"
ts=1736144927 level=info service=queue-worker host=host-03.example trace_id=trace-behavior-00017035 msg="event_id=behavior-17035 step=7"
ts=1736144999 level=info service=queue-worker host=host-03.example trace_id=trace-behavior-00017038 msg="event_id=behavior-17038 step=10"
ts=1736145314 level=info service=queue-worker host=host-03.example trace_id=trace-behavior-00017051 msg="event_id=behavior-17051 step=1"
ts=1736145507 level=info service=queue-worker host=host-03.example trace_id=trace-behavior-00017059 msg="event_id=behavior-17059 step=9"
ts=1736145652 level=info service=queue-worker host=host-03.example trace_id=trace-behavior-00017065 msg="event_id=behavior-17065 step=4"
ts=1736145749 level=info service=queue-worker host=host-03.example trace_id=trace-behavior-00017069 msg="event_id=behavior-17069 step=8"
ts=1736145773 level=info service=queue-worker host=host-03.example trace_id=trace-behavior-00017070 msg="event_id=behavior-17070 step=9"
ts=1736145798 level=info service=queue-worker host=host-03.example trace_id=trace-behavior-00017071 msg="event_id=behavior-17071 step=10"
ts=1736145870 level=info service=queue-worker host=host-03.example trace_id=trace-behavior-00017074 msg="event_id=behavior-17074 step=2"
ts=1736146161 level=info service=queue-worker host=host-03.example trace_id=trace-behavior-00017086 msg="event_id=behavior-17086 step=3"
ts=1736146257 level=info service=queue-worker host=host-03.example trace_id=trace-behavior-00017090 msg="event_id=behavior-17090 step=7"
ts=1736146572 level=info service=queue-worker host=host-03.example trace_id=trace-behavior-00017103 msg="event_id=behavior-17103 STACK_TRACE_SENTINEL failure in handler\n    at lab_module_handler(file=example_rs line=43)\n    at lab_module_dispatch(file=example_rs line=13)\nCaused by: simulated timeout after 103ms"
ts=1736146669 level=info service=queue-worker host=host-03.example trace_id=trace-behavior-00017107 msg="event_id=behavior-17107 step=2"
ts=1736146790 level=info service=queue-worker host=host-03.example trace_id=trace-behavior-00017112 msg="event_id=behavior-17112 step=7"
ts=1736146959 level=info service=queue-worker host=host-03.example trace_id=trace-behavior-00017119 msg="event_id=behavior-17119 step=3"
ts=1736147152 level=info service=queue-worker host=host-03.example trace_id=trace-behavior-00017127 msg="event_id=behavior-17127 step=0"
ts=1736147394 level=info service=queue-worker host=host-03.example trace_id=trace-behavior-00017137 msg="event_id=behavior-17137 step=10"
ts=1736147902 level=info service=queue-worker host=host-03.example trace_id=trace-behavior-00017158 msg="event_id=behavior-17158 step=9"
ts=1736147975 level=info service=queue-worker host=host-03.example trace_id=trace-behavior-00017161 msg="event_id=behavior-17161 step=1"
ts=1736148023 level=info service=queue-worker host=host-03.example trace_id=trace-behavior-00017163 msg="event_id=behavior-17163 step=3"
ts=1736148096 level=info service=queue-worker host=host-03.example trace_id=trace-behavior-00017166 msg="event_id=behavior-17166 step=6"
ts=1736148193 level=info service=queue-worker host=host-03.example trace_id=trace-behavior-00017170 msg="event_id=behavior-17170 step=10"
ts=1736148241 level=info service=queue-worker host=host-03.example trace_id=trace-behavior-00017172 msg="event_id=behavior-17172 step=1"
ts=1736148410 level=info service=queue-worker host=host-03.example trace_id=trace-behavior-00017179 msg="event_id=behavior-17179 step=8"
ts=1736148435 level=debug service=queue-worker host=host-03.example trace_id=trace-behavior-00017180 msg="event_id=behavior-17180 step=9"
ts=1736148483 level=info service=queue-worker host=host-03.example trace_id=trace-behavior-00017182 msg="event_id=behavior-17182 step=0"
ts=1736148531 level=info service=queue-worker host=host-03.example trace_id=trace-behavior-00017184 msg="event_id=behavior-17184 step=2"
ts=1736148580 level=info service=queue-worker host=host-03.example trace_id=trace-behavior-00017186 msg="event_id=behavior-17186 step=4"
ts=1736148652 level=info service=queue-worker host=host-03.example trace_id=trace-behavior-00017189 msg="event_id=behavior-17189 step=7"
ts=1736148677 level=info service=queue-worker host=host-03.example trace_id=trace-behavior-00017190 msg="event_id=behavior-17190 step=8"
ts=1736148749 level=info service=queue-worker host=host-03.example trace_id=trace-behavior-00017193 msg="event_id=behavior-17193 step=0"
ts=1736148798 level=info service=queue-worker host=host-03.example trace_id=trace-behavior-00017195 msg="event_id=behavior-17195 step=2"
ts=1736148943 level=info service=queue-worker host=host-03.example trace_id=trace-behavior-00017201 msg="event_id=behavior-17201 LONG_JSON_SENTINEL payload=xxxxxxxxxxxxxxxxxxxxxxxxxxxxxxxxxxxxxxxxxxxxxxxxxxxxxxxxxxxxxxxxxxxxxxxxxxxxxxxxxxxxxxxxxxxxxxxxxxxxxxxxxxxxxxxxxxxxxxxxxxxxxxxxxxxxxxxxxxxxxxxxxxxxxxxxxxxxxxxxxxxxxxxxxxxxxxxxxxxxxxxxxxxxxxxxxxxxxxxxxxxxxxxxxxxxxxxxxxxxxxxxxxxxxxxxxxxxxxxxxxxxxxxxxxxxxxxxxxxxxxxxxxxxxxxxxxxxxxxxxxxxxxxxxxxxxxxxxxxxxxxxxxxxxxxxxxxxxxxxxxxxxxxxxxxxxxxxxxxxxxxxxxxxxxxxxxxxxxxxxxxxxxxxxxxxxxxxxxxxxxxxxxxxxxxxxxxxxxxxx"
ts=1736148967 level=info service=queue-worker host=host-03.example trace_id=trace-behavior-00017202 msg="event_id=behavior-17202 STACK_TRACE_SENTINEL failure in handler\n    at lab_module_handler(file=example_rs line=42)\n    at lab_module_dispatch(file=example_rs line=12)\nCaused by: simulated timeout after 202ms"
ts=1736149112 level=info service=queue-worker host=host-03.example trace_id=trace-behavior-00017208 msg="event_id=behavior-17208 step=4"
ts=1736149185 level=info service=queue-worker host=host-03.example trace_id=trace-behavior-00017211 msg="event_id=behavior-17211 step=7"
ts=1736149257 level=info service=queue-worker host=host-03.example trace_id=trace-behavior-00017214 msg="event_id=behavior-17214 step=10"
ts=1736149281 level=info service=queue-worker host=host-03.example trace_id=trace-behavior-00017215 msg="event_id=behavior-17215 step=0"
ts=1736149354 level=info service=queue-worker host=host-03.example trace_id=trace-behavior-00017218 msg="event_id=behavior-17218 step=3"
ts=1736149620 level=info service=queue-worker host=host-03.example trace_id=trace-behavior-00017229 msg="event_id=behavior-17229 step=3"
ts=1736149814 level=info service=queue-worker host=host-03.example trace_id=trace-behavior-00017237 msg="event_id=behavior-17237 step=0"
ts=1736150104 level=info service=queue-worker host=host-03.example trace_id=trace-behavior-00017249 msg="event_id=behavior-17249 step=1"
ts=1736150298 level=info service=queue-worker host=host-03.example trace_id=trace-behavior-00017257 msg="event_id=behavior-17257 step=9"
ts=1736150636 level=info service=queue-worker host=host-03.example trace_id=trace-behavior-00017271 msg="event_id=behavior-17271 step=1"
ts=1736150685 level=info service=queue-worker host=host-03.example trace_id=trace-behavior-00017273 msg="event_id=behavior-17273 step=3"
ts=1736150878 level=info service=queue-worker host=host-03.example trace_id=trace-behavior-00017281 msg="event_id=behavior-17281 step=0"
ts=1736151048 level=info service=queue-worker host=host-03.example trace_id=trace-behavior-00017288 msg="event_id=behavior-17288 step=7"
ts=1736151096 level=info service=queue-worker host=host-03.example trace_id=trace-behavior-00017290 msg="event_id=behavior-17290 step=9"
ts=1736151265 level=debug service=queue-worker host=host-03.example trace_id=trace-behavior-00017297 msg="event_id=behavior-17297 step=5"
ts=1736151314 level=info service=queue-worker host=host-03.example trace_id=trace-behavior-00017299 msg="event_id=behavior-17299 step=7"
ts=1736151410 level=info service=queue-worker host=host-03.example trace_id=trace-behavior-00017303 msg="event_id=behavior-17303 LONG_JSON_SENTINEL payload=xxxxxxxxxxxxxxxxxxxxxxxxxxxxxxxxxxxxxxxxxxxxxxxxxxxxxxxxxxxxxxxxxxxxxxxxxxxxxxxxxxxxxxxxxxxxxxxxxxxxxxxxxxxxxxxxxxxxxxxxxxxxxxxxxxxxxxxxxxxxxxxxxxxxxxxxxxxxxxxxxxxxxxxxxxxxxxxxxxxxxxxxxxxxxxxxxxxxxxxxxxxxxxxxxxxxxxxxxxxxxxxxxxxxxxxxxxxxxxxxxxxxxxxxxxxxxxxxxxxxxxxxxxxxxxxxxxxxxxxxxxxxxxxxxxxxxxxxxxxxxxxxxxxxxxxxxxxxxxxxxxxxxxxxxxxxxxxxxxxxxxxxxxxxxxxxxxxxxxxxxxxxxxxxxxxxxxxxxxxxxxxxxxxxxxxxxxxxxxxxxxxxxxxxxxxxxxxxxxxxxxxxxxxxxxxxxxxxxxxxxxxxxxxxxxxxxxxxxxxxxxxxxxxxxxxxxxxxxxxxxxxxxxxxxxxxxxxxxxxxxxx"
ts=1736151531 level=info service=queue-worker host=host-03.example trace_id=trace-behavior-00017308 msg="event_id=behavior-17308 step=5"
ts=1736151604 level=info service=queue-worker host=host-03.example trace_id=trace-behavior-00017311 msg="event_id=behavior-17311 step=8"
ts=1736151822 level=info service=queue-worker host=host-03.example trace_id=trace-behavior-00017320 msg="event_id=behavior-17320 step=6"
ts=1736152233 level=info service=queue-worker host=host-03.example trace_id=trace-behavior-00017337 msg="event_id=behavior-17337 step=1"
ts=1736152257 level=info service=queue-worker host=host-03.example trace_id=trace-behavior-00017338 msg="event_id=behavior-17338 step=2"
ts=1736152499 level=info service=queue-worker host=host-03.example trace_id=trace-behavior-00017348 msg="event_id=behavior-17348 step=1"
ts=1736152572 level=info service=queue-worker host=host-03.example trace_id=trace-behavior-00017351 msg="event_id=behavior-17351 step=4"
ts=1736152789 level=info service=queue-worker host=host-03.example trace_id=trace-behavior-00017360 msg="event_id=behavior-17360 step=2"
ts=1736152838 level=debug service=queue-worker host=host-03.example trace_id=trace-behavior-00017362 msg="event_id=behavior-17362 step=4"
ts=1736152862 level=warn service=queue-worker host=host-03.example trace_id=trace-behavior-00017363 msg="event_id=behavior-17363 step=5"
ts=1736152910 level=info service=queue-worker host=host-03.example trace_id=trace-behavior-00017365 msg="event_id=behavior-17365 step=7"
ts=1736153056 level=info service=queue-worker host=host-03.example trace_id=trace-behavior-00017371 msg="event_id=behavior-17371 step=2"
ts=1736153177 level=info service=queue-worker host=host-03.example trace_id=trace-behavior-00017376 msg="event_id=behavior-17376 step=7"
ts=1736153201 level=info service=queue-worker host=host-03.example trace_id=trace-behavior-00017377 msg="event_id=behavior-17377 step=8"
ts=1736153225 level=info service=queue-worker host=host-03.example trace_id=trace-behavior-00017378 msg="event_id=behavior-17378 step=9"
ts=1736153249 level=info service=queue-worker host=host-03.example trace_id=trace-behavior-00017379 msg="event_id=behavior-17379 step=10"
ts=1736153418 level=info service=queue-worker host=host-03.example trace_id=trace-behavior-00017386 msg="event_id=behavior-17386 step=6"
ts=1736153491 level=info service=queue-worker host=host-03.example trace_id=trace-behavior-00017389 msg="event_id=behavior-17389 step=9"
ts=1736153926 level=info service=queue-worker host=host-03.example trace_id=trace-behavior-00017407 msg="event_id=behavior-17407 step=5"
ts=1736154193 level=info service=queue-worker host=host-03.example trace_id=trace-behavior-00017418 msg="event_id=behavior-17418 step=5"
ts=1736154241 level=info service=queue-worker host=host-03.example trace_id=trace-behavior-00017420 msg="event_id=behavior-17420 step=7"
ts=1736154386 level=info service=queue-worker host=host-03.example trace_id=trace-behavior-00017426 msg="event_id=behavior-17426 step=2"
ts=1736154870 level=info service=queue-worker host=host-03.example trace_id=trace-behavior-00017446 msg="event_id=behavior-17446 step=0"
ts=1736154991 level=info service=queue-worker host=host-03.example trace_id=trace-behavior-00017451 msg="event_id=behavior-17451 step=5"
ts=1736155475 level=info service=queue-worker host=host-03.example trace_id=trace-behavior-00017471 msg="event_id=behavior-17471 step=3"
ts=1736155765 level=info service=queue-worker host=host-03.example trace_id=trace-behavior-00017483 msg="event_id=behavior-17483 step=4"
ts=1736155862 level=info service=queue-worker host=host-03.example trace_id=trace-behavior-00017487 msg="event_id=behavior-17487 step=8"
ts=1736155935 level=info service=queue-worker host=host-03.example trace_id=trace-behavior-00017490 msg="event_id=behavior-17490 step=0"
ts=1736156080 level=info service=queue-worker host=host-03.example trace_id=trace-behavior-00017496 msg="event_id=behavior-17496 step=6"
ts=1736156225 level=info service=queue-worker host=host-03.example trace_id=trace-behavior-00017502 msg="event_id=behavior-17502 STACK_TRACE_SENTINEL failure in handler\n    at lab_module_handler(file=example_rs line=42)\n    at lab_module_dispatch(file=example_rs line=12)\nCaused by: simulated timeout after 502ms"
ts=1736156443 level=info service=queue-worker host=host-03.example trace_id=trace-behavior-00017511 msg="event_id=behavior-17511 step=10"
ts=1736156491 level=error service=queue-worker host=host-03.example trace_id=trace-behavior-00017513 msg="event_id=behavior-17513 step=1"
ts=1736156709 level=info service=queue-worker host=host-03.example trace_id=trace-behavior-00017522 msg="event_id=behavior-17522 step=10"
ts=1736156854 level=info service=queue-worker host=host-03.example trace_id=trace-behavior-00017528 msg="event_id=behavior-17528 step=5"
ts=1736156878 level=info service=queue-worker host=host-03.example trace_id=trace-behavior-00017529 msg="event_id=behavior-17529 step=6"
ts=1736156975 level=info service=queue-worker host=host-03.example trace_id=trace-behavior-00017533 msg="event_id=behavior-17533 step=10"
ts=1736157096 level=info service=queue-worker host=host-03.example trace_id=trace-behavior-00017538 msg="event_id=behavior-17538 step=4"
ts=1736157338 level=info service=queue-worker host=host-03.example trace_id=trace-behavior-00017548 msg="event_id=behavior-17548 step=3"
ts=1736157459 level=info service=queue-worker host=host-03.example trace_id=trace-behavior-00017553 msg="event_id=behavior-17553 step=8"
ts=1736157507 level=info service=queue-worker host=host-03.example trace_id=trace-behavior-00017555 msg="event_id=behavior-17555 step=10"
ts=1736157676 level=info service=queue-worker host=host-03.example trace_id=trace-behavior-00017562 msg="event_id=behavior-17562 step=6"
ts=1736157725 level=info service=queue-worker host=host-03.example trace_id=trace-behavior-00017564 msg="event_id=behavior-17564 step=8"
ts=1736157822 level=info service=queue-worker host=host-03.example trace_id=trace-behavior-00017568 msg="event_id=behavior-17568 step=1"
ts=1736157894 level=info service=queue-worker host=host-03.example trace_id=trace-behavior-00017571 msg="event_id=behavior-17571 step=4"
ts=1736157991 level=info service=queue-worker host=host-03.example trace_id=trace-behavior-00017575 msg="event_id=behavior-17575 step=8"
ts=1736158088 level=info service=queue-worker host=host-03.example trace_id=trace-behavior-00017579 msg="event_id=behavior-17579 step=1"
ts=1736158451 level=info service=queue-worker host=host-03.example trace_id=trace-behavior-00017594 msg="event_id=behavior-17594 step=5"
ts=1736158547 level=info service=queue-worker host=host-03.example trace_id=trace-behavior-00017598 msg="event_id=behavior-17598 step=9"
ts=1736158596 level=info service=queue-worker host=host-03.example trace_id=trace-behavior-00017600 msg="event_id=behavior-17600 LONG_JSON_SENTINEL payload=xxxxxxxxxxxxxxxxxxxxxxxxxxxxxxxxxxxxxxxxxxxxxxxxxxxxxxxxxxxxxxxxxxxxxxxxxxxxxxxxxxxxxxxxxxxxxxxxxxxxxxxxxxxxxxxxxxxxxxxxxxxxxxxxxxxxxxxxxxxxxxxxxxxxxxxxxxxxxxxxxxxxxxxxxxxxxxxxxxxxxxxxxxxxxxxxxxxxxxxxxxxxxxxxxxxxxxxxxxxxxxxxxxxxxxxxxxxxxxxxxxxxxxxxxxxxxxxxxxxxxxxxxxxxxxxxxxxxxxxxxxxxxxxxxxxxxxxxxxxxxxxxxxxxxxxxxxxxxxxxxxxxxxxxxxxxxxxxxxxxxxxxxxxxxxxxxxxxxxxxxxxxxxxxxxxxxxxxxxxxxxxxxxxxxxxxxxxxxxxx"
ts=1736158886 level=info service=queue-worker host=host-03.example trace_id=trace-behavior-00017612 msg="event_id=behavior-17612 step=1"
ts=1736158910 level=info service=queue-worker host=host-03.example trace_id=trace-behavior-00017613 msg="event_id=behavior-17613 step=2"
ts=1736159104 level=debug service=queue-worker host=host-03.example trace_id=trace-behavior-00017621 msg="event_id=behavior-17621 step=10"
ts=1736159249 level=info service=queue-worker host=host-03.example trace_id=trace-behavior-00017627 msg="event_id=behavior-17627 step=5"
ts=1736159418 level=info service=queue-worker host=host-03.example trace_id=trace-behavior-00017634 msg="event_id=behavior-17634 step=1"
ts=1736159491 level=info service=queue-worker host=host-03.example trace_id=trace-behavior-00017637 msg="event_id=behavior-17637 step=4"
ts=1736159660 level=info service=queue-worker host=host-03.example trace_id=trace-behavior-00017644 msg="event_id=behavior-17644 step=0"
ts=1736159781 level=info service=queue-worker host=host-03.example trace_id=trace-behavior-00017649 msg="event_id=behavior-17649 step=5"
ts=1736159830 level=info service=queue-worker host=host-03.example trace_id=trace-behavior-00017651 msg="event_id=behavior-17651 step=7"
ts=1736159854 level=info service=queue-worker host=host-03.example trace_id=trace-behavior-00017652 msg="event_id=behavior-17652 step=8"
ts=1736159902 level=warn service=queue-worker host=host-03.example trace_id=trace-behavior-00017654 msg="event_id=behavior-17654 step=10"
ts=1736160072 level=info service=queue-worker host=host-03.example trace_id=trace-behavior-00017661 msg="event_id=behavior-17661 step=6"
ts=1736160120 level=debug service=queue-worker host=host-03.example trace_id=trace-behavior-00017663 msg="event_id=behavior-17663 step=8"
ts=1736160386 level=info service=queue-worker host=host-03.example trace_id=trace-behavior-00017674 msg="event_id=behavior-17674 step=8"
ts=1736160652 level=info service=queue-worker host=host-03.example trace_id=trace-behavior-00017685 msg="event_id=behavior-17685 step=8"
ts=1736160749 level=info service=queue-worker host=host-03.example trace_id=trace-behavior-00017689 msg="event_id=behavior-17689 step=1"
ts=1736160797 level=info service=queue-worker host=host-03.example trace_id=trace-behavior-00017691 msg="event_id=behavior-17691 step=3"
ts=1736160894 level=info service=queue-worker host=host-03.example trace_id=trace-behavior-00017695 msg="event_id=behavior-17695 step=7"
ts=1736160991 level=info service=queue-worker host=host-03.example trace_id=trace-behavior-00017699 msg="event_id=behavior-17699 step=0"
ts=1736161015 level=info service=queue-worker host=host-03.example trace_id=trace-behavior-00017700 msg="event_id=behavior-17700 STACK_TRACE_SENTINEL failure in handler\n    at lab_module_handler(file=example_rs line=40)\n    at lab_module_dispatch(file=example_rs line=10)\nCaused by: simulated timeout after 700ms"
ts=1736161209 level=info service=queue-worker host=host-03.example trace_id=trace-behavior-00017708 msg="event_id=behavior-17708 step=9"
ts=1736161233 level=info service=queue-worker host=host-03.example trace_id=trace-behavior-00017709 msg="event_id=behavior-17709 step=10"
ts=1736161354 level=info service=queue-worker host=host-03.example trace_id=trace-behavior-00017714 msg="event_id=behavior-17714 step=4"
ts=1736161402 level=info service=queue-worker host=host-03.example trace_id=trace-behavior-00017716 msg="event_id=behavior-17716 step=6"
ts=1736161451 level=info service=queue-worker host=host-03.example trace_id=trace-behavior-00017718 msg="event_id=behavior-17718 step=8"
ts=1736161523 level=info service=queue-worker host=host-03.example trace_id=trace-behavior-00017721 msg="event_id=behavior-17721 step=0"
ts=1736161886 level=info service=queue-worker host=host-03.example trace_id=trace-behavior-00017736 msg="event_id=behavior-17736 step=4"
ts=1736161910 level=info service=queue-worker host=host-03.example trace_id=trace-behavior-00017737 msg="event_id=behavior-17737 step=5"
ts=1736162007 level=info service=queue-worker host=host-03.example trace_id=trace-behavior-00017741 msg="event_id=behavior-17741 step=9"
ts=1736162128 level=info service=queue-worker host=host-03.example trace_id=trace-behavior-00017746 msg="event_id=behavior-17746 step=3"
ts=1736162225 level=info service=queue-worker host=host-03.example trace_id=trace-behavior-00017750 msg="event_id=behavior-17750 step=7"
ts=1736162588 level=info service=queue-worker host=host-03.example trace_id=trace-behavior-00017765 msg="event_id=behavior-17765 step=0"
ts=1736162636 level=info service=queue-worker host=host-03.example trace_id=trace-behavior-00017767 msg="event_id=behavior-17767 step=2"
ts=1736162830 level=info service=queue-worker host=host-03.example trace_id=trace-behavior-00017775 msg="event_id=behavior-17775 step=10"
ts=1736162926 level=info service=queue-worker host=host-03.example trace_id=trace-behavior-00017779 msg="event_id=behavior-17779 step=3"
ts=1736163047 level=info service=queue-worker host=host-03.example trace_id=trace-behavior-00017784 msg="event_id=behavior-17784 step=8"
ts=1736163120 level=info service=queue-worker host=host-03.example trace_id=trace-behavior-00017787 msg="event_id=behavior-17787 step=0"
ts=1736163217 level=info service=queue-worker host=host-03.example trace_id=trace-behavior-00017791 msg="event_id=behavior-17791 step=4"
ts=1736163265 level=info service=queue-worker host=host-03.example trace_id=trace-behavior-00017793 msg="event_id=behavior-17793 step=6"
ts=1736163386 level=info service=queue-worker host=host-03.example trace_id=trace-behavior-00017798 msg="event_id=behavior-17798 step=0"
ts=1736163725 level=info service=queue-worker host=host-03.example trace_id=trace-behavior-00017812 msg="event_id=behavior-17812 step=3"
ts=1736163797 level=info service=queue-worker host=host-03.example trace_id=trace-behavior-00017815 msg="event_id=behavior-17815 step=6"
ts=1736163870 level=info service=queue-worker host=host-03.example trace_id=trace-behavior-00017818 msg="event_id=behavior-17818 step=9"
ts=1736163942 level=info service=queue-worker host=host-03.example trace_id=trace-behavior-00017821 msg="event_id=behavior-17821 step=1"
ts=1736164015 level=info service=queue-worker host=host-03.example trace_id=trace-behavior-00017824 msg="event_id=behavior-17824 step=4"
ts=1736164402 level=info service=queue-worker host=host-03.example trace_id=trace-behavior-00017840 msg="event_id=behavior-17840 step=9"
ts=1736164426 level=info service=queue-worker host=host-03.example trace_id=trace-behavior-00017841 msg="event_id=behavior-17841 step=10"
ts=1736164475 level=info service=queue-worker host=host-03.example trace_id=trace-behavior-00017843 msg="event_id=behavior-17843 step=1"
ts=1736164499 level=info service=queue-worker host=host-03.example trace_id=trace-behavior-00017844 msg="event_id=behavior-17844 step=2"
ts=1736164547 level=info service=queue-worker host=host-03.example trace_id=trace-behavior-00017846 msg="event_id=behavior-17846 step=4"
ts=1736164596 level=warn service=queue-worker host=host-03.example trace_id=trace-behavior-00017848 msg="event_id=behavior-17848 step=6"
ts=1736164717 level=info service=queue-worker host=host-03.example trace_id=trace-behavior-00017853 msg="event_id=behavior-17853 step=0"
ts=1736164741 level=info service=queue-worker host=host-03.example trace_id=trace-behavior-00017854 msg="event_id=behavior-17854 step=1"
ts=1736164886 level=info service=queue-worker host=host-03.example trace_id=trace-behavior-00017860 msg="event_id=behavior-17860 step=7"
ts=1736164910 level=info service=queue-worker host=host-03.example trace_id=trace-behavior-00017861 msg="event_id=behavior-17861 step=8"
ts=1736164934 level=info service=queue-worker host=host-03.example trace_id=trace-behavior-00017862 msg="event_id=behavior-17862 step=9"
ts=1736164958 level=info service=queue-worker host=host-03.example trace_id=trace-behavior-00017863 msg="event_id=behavior-17863 step=10"
ts=1736165031 level=info service=queue-worker host=host-03.example trace_id=trace-behavior-00017866 msg="event_id=behavior-17866 step=2"
ts=1736165079 level=info service=queue-worker host=host-03.example trace_id=trace-behavior-00017868 msg="event_id=behavior-17868 step=4"
ts=1736165176 level=info service=queue-worker host=host-03.example trace_id=trace-behavior-00017872 msg="event_id=behavior-17872 step=8"
ts=1736165805 level=info service=queue-worker host=host-03.example trace_id=trace-behavior-00017898 msg="event_id=behavior-17898 step=1"
ts=1736165829 level=info service=queue-worker host=host-03.example trace_id=trace-behavior-00017899 msg="event_id=behavior-17899 step=2"
ts=1736165854 level=info service=queue-worker host=host-03.example trace_id=trace-behavior-00017900 msg="event_id=behavior-17900 LONG_JSON_SENTINEL payload=xxxxxxxxxxxxxxxxxxxxxxxxxxxxxxxxxxxxxxxxxxxxxxxxxxxxxxxxxxxxxxxxxxxxxxxxxxxxxxxxxxxxxxxxxxxxxxxxxxxxxxxxxxxxxxxxxxxxxxxxxxxxxxxxxxxxxxxxxxxxxxxxxxxxxxxxxxxxxxxxxxxxxxxxxxxxxxxxxxxxxxxxxxxxxxxxxxxxxxxxxxxxxxxxxxxxxxxxxxxxxxxxxxxxxxxxxxxxxxxxxxxxxxxxxxxxxxxxxxxxxxxxxxxxxxxxxxxxxxxxxxxxxxxxxxxxxxxxxxxxxxxxxxxxxxxxxxxxxxxxxxxxxxxxxxxxxxxxxxxxxxxxxxxxxxxxxxxxxxxxxxxxxxxxxxxxxxxxxxxxxxxxxxxxxxxxxxxxxxxxxxxxxxxxxxxxxxxxxxxxxxxxxxxxxxxxxxxxxxxxxxxxxxxxxxxxxxxxxxxxxxxxxxxxxxxxxxxxxxxxxxxxxxxxxxxxxxxxxxxx"
ts=1736165999 level=info service=queue-worker host=host-03.example trace_id=trace-behavior-00017906 msg="event_id=behavior-17906 step=9"
ts=1736166096 level=info service=queue-worker host=host-03.example trace_id=trace-behavior-00017910 msg="event_id=behavior-17910 step=2"
ts=1736166168 level=info service=queue-worker host=host-03.example trace_id=trace-behavior-00017913 msg="event_id=behavior-17913 step=5"
ts=1736166289 level=info service=queue-worker host=host-03.example trace_id=trace-behavior-00017918 msg="event_id=behavior-17918 step=10"
ts=1736166362 level=info service=queue-worker host=host-03.example trace_id=trace-behavior-00017921 msg="event_id=behavior-17921 step=2"
ts=1736166410 level=info service=queue-worker host=host-03.example trace_id=trace-behavior-00017923 msg="event_id=behavior-17923 step=4"
ts=1736166483 level=info service=queue-worker host=host-03.example trace_id=trace-behavior-00017926 msg="event_id=behavior-17926 step=7"
ts=1736166628 level=info service=queue-worker host=host-03.example trace_id=trace-behavior-00017932 msg="event_id=behavior-17932 step=2"
ts=1736166918 level=info service=queue-worker host=host-03.example trace_id=trace-behavior-00017944 msg="event_id=behavior-17944 step=3"
ts=1736167087 level=info service=queue-worker host=host-03.example trace_id=trace-behavior-00017951 msg="event_id=behavior-17951 step=10"
ts=1736167257 level=info service=queue-worker host=host-03.example trace_id=trace-behavior-00017958 msg="event_id=behavior-17958 step=6"
ts=1736167281 level=info service=queue-worker host=host-03.example trace_id=trace-behavior-00017959 msg="event_id=behavior-17959 step=7"
ts=1736167305 level=info service=queue-worker host=host-03.example trace_id=trace-behavior-00017960 msg="event_id=behavior-17960 step=8"
ts=1736167329 level=info service=queue-worker host=host-03.example trace_id=trace-behavior-00017961 msg="event_id=behavior-17961 step=9"
ts=1736167596 level=info service=queue-worker host=host-03.example trace_id=trace-behavior-00017972 msg="event_id=behavior-17972 step=9"
ts=1736167620 level=info service=queue-worker host=host-03.example trace_id=trace-behavior-00017973 msg="event_id=behavior-17973 step=10"
ts=1736167765 level=debug service=queue-worker host=host-03.example trace_id=trace-behavior-00017979 msg="event_id=behavior-17979 step=5"
ts=1736168031 level=info service=queue-worker host=host-03.example trace_id=trace-behavior-00017990 msg="event_id=behavior-17990 step=5"
ts=1736168345 level=info service=queue-worker host=host-03.example trace_id=trace-behavior-00018003 msg="event_id=behavior-18003 STACK_TRACE_SENTINEL failure in handler\n    at lab_module_handler(file=example_rs line=43)\n    at lab_module_dispatch(file=example_rs line=13)\nCaused by: simulated timeout after 103ms"
ts=1736168394 level=info service=queue-worker host=host-03.example trace_id=trace-behavior-00018005 msg="event_id=behavior-18005 step=9"
ts=1736168442 level=info service=queue-worker host=host-03.example trace_id=trace-behavior-00018007 msg="event_id=behavior-18007 step=0"
ts=1736168491 level=info service=queue-worker host=host-03.example trace_id=trace-behavior-00018009 msg="event_id=behavior-18009 step=2"
ts=1736168515 level=info service=queue-worker host=host-03.example trace_id=trace-behavior-00018010 msg="event_id=behavior-18010 step=3"
ts=1736168660 level=info service=queue-worker host=host-03.example trace_id=trace-behavior-00018016 msg="event_id=behavior-18016 step=9"
ts=1736168757 level=info service=queue-worker host=host-03.example trace_id=trace-behavior-00018020 msg="event_id=behavior-18020 step=2"
ts=1736168781 level=info service=queue-worker host=host-03.example trace_id=trace-behavior-00018021 msg="event_id=behavior-18021 step=3"
ts=1736169047 level=info service=queue-worker host=host-03.example trace_id=trace-behavior-00018032 msg="event_id=behavior-18032 step=3"
ts=1736169168 level=info service=queue-worker host=host-03.example trace_id=trace-behavior-00018037 msg="event_id=behavior-18037 step=8"
ts=1736169458 level=info service=queue-worker host=host-03.example trace_id=trace-behavior-00018049 msg="event_id=behavior-18049 step=9"
ts=1736169652 level=info service=queue-worker host=host-03.example trace_id=trace-behavior-00018057 msg="event_id=behavior-18057 step=6"
ts=1736169676 level=info service=queue-worker host=host-03.example trace_id=trace-behavior-00018058 msg="event_id=behavior-18058 step=7"
ts=1736169724 level=info service=queue-worker host=host-03.example trace_id=trace-behavior-00018060 msg="event_id=behavior-18060 step=9"
ts=1736169749 level=info service=queue-worker host=host-03.example trace_id=trace-behavior-00018061 msg="event_id=behavior-18061 step=10"
ts=1736169845 level=info service=queue-worker host=host-03.example trace_id=trace-behavior-00018065 msg="event_id=behavior-18065 step=3"
ts=1736169991 level=info service=queue-worker host=host-03.example trace_id=trace-behavior-00018071 msg="event_id=behavior-18071 step=9"
ts=1736170063 level=info service=queue-worker host=host-03.example trace_id=trace-behavior-00018074 msg="event_id=behavior-18074 step=1"
ts=1736170184 level=info service=queue-worker host=host-03.example trace_id=trace-behavior-00018079 msg="event_id=behavior-18079 step=6"
ts=1736170233 level=info service=queue-worker host=host-03.example trace_id=trace-behavior-00018081 msg="event_id=behavior-18081 step=8"
ts=1736170305 level=info service=queue-worker host=host-03.example trace_id=trace-behavior-00018084 msg="event_id=behavior-18084 step=0"
ts=1736170378 level=info service=queue-worker host=host-03.example trace_id=trace-behavior-00018087 msg="event_id=behavior-18087 step=3"
ts=1736170402 level=info service=queue-worker host=host-03.example trace_id=trace-behavior-00018088 msg="event_id=behavior-18088 step=4"
ts=1736170644 level=info service=queue-worker host=host-03.example trace_id=trace-behavior-00018098 msg="event_id=behavior-18098 step=3"
ts=1736170716 level=info service=queue-worker host=host-03.example trace_id=trace-behavior-00018101 msg="event_id=behavior-18101 LONG_JSON_SENTINEL payload=xxxxxxxxxxxxxxxxxxxxxxxxxxxxxxxxxxxxxxxxxxxxxxxxxxxxxxxxxxxxxxxxxxxxxxxxxxxxxxxxxxxxxxxxxxxxxxxxxxxxxxxxxxxxxxxxxxxxxxxxxxxxxxxxxxxxxxxxxxxxxxxxxxxxxxxxxxxxxxxxxxxxxxxxxxxxxxxxxxxxxxxxxxxxxxxxxxxxxxxxxxxxxxxxxxxxxxxxxxxxxxxxxxxxxxxxxxxxxxxxxxxxxxxxxxxxxxxxxxxxxxxxxxxxxxxxxxxxxxxxxxxxxxxxxxxxxxxxxxxxxxxxxxxxxxxxxxxxxxxxxxxxxxxxxxxxxxxxxxxxxxxxxxxxxxxxxxxxxxxxxxxxxxxxxxxxxxxxxxxxxxxxxxxxxxxxxxxxxxxxxxxxxxxxxxxxxxxxxxxxxxxxxxxxxxxxxxxxxxxxxxxxxxxxxxxxxxxxxxxxxxxxxxxxxxxxxxxxxxxxxxxxxxxxxxxxxxxxxxxxx"
ts=1736170813 level=info service=queue-worker host=host-03.example trace_id=trace-behavior-00018105 msg="event_id=behavior-18105 step=10"
ts=1736170934 level=info service=queue-worker host=host-03.example trace_id=trace-behavior-00018110 msg="event_id=behavior-18110 step=4"
ts=1736171152 level=info service=queue-worker host=host-03.example trace_id=trace-behavior-00018119 msg="event_id=behavior-18119 step=2"
ts=1736171297 level=info service=queue-worker host=host-03.example trace_id=trace-behavior-00018125 msg="event_id=behavior-18125 step=8"
ts=1736171442 level=info service=queue-worker host=host-03.example trace_id=trace-behavior-00018131 msg="event_id=behavior-18131 step=3"
ts=1736171539 level=info service=queue-worker host=host-03.example trace_id=trace-behavior-00018135 msg="event_id=behavior-18135 step=7"
ts=1736171612 level=info service=queue-worker host=host-03.example trace_id=trace-behavior-00018138 msg="event_id=behavior-18138 step=10"
ts=1736172120 level=info service=queue-worker host=host-03.example trace_id=trace-behavior-00018159 msg="event_id=behavior-18159 step=9"
ts=1736172289 level=info service=queue-worker host=host-03.example trace_id=trace-behavior-00018166 msg="event_id=behavior-18166 step=5"
ts=1736172410 level=info service=queue-worker host=host-03.example trace_id=trace-behavior-00018171 msg="event_id=behavior-18171 step=10"
ts=1736172434 level=info service=queue-worker host=host-03.example trace_id=trace-behavior-00018172 msg="event_id=behavior-18172 step=0"
ts=1736172482 level=info service=queue-worker host=host-03.example trace_id=trace-behavior-00018174 msg="event_id=behavior-18174 step=2"
ts=1736172507 level=info service=queue-worker host=host-03.example trace_id=trace-behavior-00018175 msg="event_id=behavior-18175 step=3"
ts=1736172797 level=info service=queue-worker host=host-03.example trace_id=trace-behavior-00018187 msg="event_id=behavior-18187 step=4"
ts=1736172918 level=info service=queue-worker host=host-03.example trace_id=trace-behavior-00018192 msg="event_id=behavior-18192 step=9"
ts=1736173063 level=info service=queue-worker host=host-03.example trace_id=trace-behavior-00018198 msg="event_id=behavior-18198 step=4"
ts=1736173087 level=info service=queue-worker host=host-03.example trace_id=trace-behavior-00018199 msg="event_id=behavior-18199 step=5"
ts=1736173160 level=debug service=queue-worker host=host-03.example trace_id=trace-behavior-00018202 msg="event_id=behavior-18202 LONG_JSON_SENTINEL payload=xxxxxxxxxxxxxxxxxxxxxxxxxxxxxxxxxxxxxxxxxxxxxxxxxxxxxxxxxxxxxxxxxxxxxxxxxxxxxxxxxxxxxxxxxxxxxxxxxxxxxxxxxxxxxxxxxxxxxxxxxxxxxxxxxxxxxxxxxxxxxxxxxxxxxxxxxxxxxxxxxxxxxxxxxxxxxxxxxxxxxxxxxxxxxxxxxxxxxxxxxxxxxxxxxxxxxxxxxxxxxxxxxxxxxxxxxxxxxxxxxxxxxxxxxxxxxxxxxxxxxxxxxxxxxxxxxxxxxxxxxxxxxxxxxxxxxxxxxxxxxxxxxxxxxxxxxxxxxxxxxxxxxxxxxxxxxxxxxxxxxxxxxxxxxxxxxxxxxxxxxxxxxxxxxxxxxxxxxxxxxxxxxxxxxxxxxxxxxxxxxx"
ts=1736173353 level=info service=queue-worker host=host-03.example trace_id=trace-behavior-00018210 msg="event_id=behavior-18210 step=5"
ts=1736173426 level=info service=queue-worker host=host-03.example trace_id=trace-behavior-00018213 msg="event_id=behavior-18213 step=8"
ts=1736173523 level=info service=queue-worker host=host-03.example trace_id=trace-behavior-00018217 msg="event_id=behavior-18217 step=1"
ts=1736173547 level=info service=queue-worker host=host-03.example trace_id=trace-behavior-00018218 msg="event_id=behavior-18218 step=2"
ts=1736173982 level=warn service=queue-worker host=host-03.example trace_id=trace-behavior-00018236 msg="event_id=behavior-18236 step=9"
ts=1736174273 level=info service=queue-worker host=host-03.example trace_id=trace-behavior-00018248 msg="event_id=behavior-18248 step=10"
ts=1736174297 level=info service=queue-worker host=host-03.example trace_id=trace-behavior-00018249 msg="event_id=behavior-18249 step=0"
ts=1736174587 level=info service=queue-worker host=host-03.example trace_id=trace-behavior-00018261 msg="event_id=behavior-18261 step=1"
ts=1736174708 level=info service=queue-worker host=host-03.example trace_id=trace-behavior-00018266 msg="event_id=behavior-18266 step=6"
ts=1736174781 level=info service=queue-worker host=host-03.example trace_id=trace-behavior-00018269 msg="event_id=behavior-18269 step=9"
ts=1736174853 level=info service=queue-worker host=host-03.example trace_id=trace-behavior-00018272 msg="event_id=behavior-18272 step=1"
ts=1736174902 level=info service=queue-worker host=host-03.example trace_id=trace-behavior-00018274 msg="event_id=behavior-18274 step=3"
ts=1736175023 level=info service=queue-worker host=host-03.example trace_id=trace-behavior-00018279 msg="event_id=behavior-18279 step=8"
ts=1736175047 level=info service=queue-worker host=host-03.example trace_id=trace-behavior-00018280 msg="event_id=behavior-18280 step=9"
ts=1736175071 level=info service=queue-worker host=host-03.example trace_id=trace-behavior-00018281 msg="event_id=behavior-18281 step=10"
ts=1736175095 level=info service=queue-worker host=host-03.example trace_id=trace-behavior-00018282 msg="event_id=behavior-18282 step=0"
ts=1736175216 level=debug service=queue-worker host=host-03.example trace_id=trace-behavior-00018287 msg="event_id=behavior-18287 step=5"
ts=1736175313 level=info service=queue-worker host=host-03.example trace_id=trace-behavior-00018291 msg="event_id=behavior-18291 step=9"
ts=1736175458 level=info service=queue-worker host=host-03.example trace_id=trace-behavior-00018297 msg="event_id=behavior-18297 step=4"
ts=1736175531 level=info service=queue-worker host=host-03.example trace_id=trace-behavior-00018300 msg="event_id=behavior-18300 STACK_TRACE_SENTINEL failure in handler\n    at lab_module_handler(file=example_rs line=40)\n    at lab_module_dispatch(file=example_rs line=10)\nCaused by: simulated timeout after 400ms"
ts=1736175555 level=info service=queue-worker host=host-03.example trace_id=trace-behavior-00018301 msg="event_id=behavior-18301 LONG_JSON_SENTINEL payload=xxxxxxxxxxxxxxxxxxxxxxxxxxxxxxxxxxxxxxxxxxxxxxxxxxxxxxxxxxxxxxxxxxxxxxxxxxxxxxxxxxxxxxxxxxxxxxxxxxxxxxxxxxxxxxxxxxxxxxxxxxxxxxxxxxxxxxxxxxxxxxxxxxxxxxxxxxxxxxxxxxxxxxxxxxxxxxxxxxxxxxxxxxxxxxxxxxxxxxxxxxxxxxxxxxxxxxxxxxxxxxxxxxxxxxxxxxxxxxxxxxxxxxxxxxxxxxxxxxxxxxxxxxxxxxxxxxxxxxxxxxxxxxxxxxxxxxxxxxxxxxxxxxxxxxxxxxxxxxxxxxxxxxxxxxxxxxxxxxxxxxxxxxxxxxxxxxxxxxxxxxxxxxxxxxxxxxxxxxxxxxxxxxxxxxxxxxxxxxxxxxxxxxxxxxxxxxxxxxxxxxxxxxxxxxxxxxxxxxxxxxxxxxxxxxxxxxxxxxxxxxxxxxxxxxxxxxxxxxxxxxxxxxxxxxxxxxxxxxxxx"
ts=1736175652 level=info service=queue-worker host=host-03.example trace_id=trace-behavior-00018305 msg="event_id=behavior-18305 step=1"
ts=1736175700 level=info service=queue-worker host=host-03.example trace_id=trace-behavior-00018307 msg="event_id=behavior-18307 step=3"
ts=1736175724 level=info service=queue-worker host=host-03.example trace_id=trace-behavior-00018308 msg="event_id=behavior-18308 step=4"
ts=1736175845 level=info service=queue-worker host=host-03.example trace_id=trace-behavior-00018313 msg="event_id=behavior-18313 step=9"
ts=1736175966 level=info service=queue-worker host=host-03.example trace_id=trace-behavior-00018318 msg="event_id=behavior-18318 step=3"
ts=1736176208 level=info service=queue-worker host=host-03.example trace_id=trace-behavior-00018328 msg="event_id=behavior-18328 step=2"
ts=1736176232 level=info service=queue-worker host=host-03.example trace_id=trace-behavior-00018329 msg="event_id=behavior-18329 step=3"
ts=1736176257 level=info service=queue-worker host=host-03.example trace_id=trace-behavior-00018330 msg="event_id=behavior-18330 step=4"
ts=1736176571 level=info service=queue-worker host=host-03.example trace_id=trace-behavior-00018343 msg="event_id=behavior-18343 step=6"
ts=1736176910 level=error service=queue-worker host=host-03.example trace_id=trace-behavior-00018357 msg="event_id=behavior-18357 step=9"
ts=1736177055 level=info service=queue-worker host=host-03.example trace_id=trace-behavior-00018363 msg="event_id=behavior-18363 step=4"
ts=1736177128 level=info service=queue-worker host=host-03.example trace_id=trace-behavior-00018366 msg="event_id=behavior-18366 step=7"
ts=1736177249 level=info service=queue-worker host=host-03.example trace_id=trace-behavior-00018371 msg="event_id=behavior-18371 step=1"
ts=1736177345 level=info service=queue-worker host=host-03.example trace_id=trace-behavior-00018375 msg="event_id=behavior-18375 step=5"
ts=1736177394 level=info service=queue-worker host=host-03.example trace_id=trace-behavior-00018377 msg="event_id=behavior-18377 step=7"
ts=1736177805 level=info service=queue-worker host=host-03.example trace_id=trace-behavior-00018394 msg="event_id=behavior-18394 step=2"
ts=1736177878 level=info service=queue-worker host=host-03.example trace_id=trace-behavior-00018397 msg="event_id=behavior-18397 step=5"
ts=1736177974 level=info service=queue-worker host=host-03.example trace_id=trace-behavior-00018401 msg="event_id=behavior-18401 LONG_JSON_SENTINEL payload=xxxxxxxxxxxxxxxxxxxxxxxxxxxxxxxxxxxxxxxxxxxxxxxxxxxxxxxxxxxxxxxxxxxxxxxxxxxxxxxxxxxxxxxxxxxxxxxxxxxxxxxxxxxxxxxxxxxxxxxxxxxxxxxxxxxxxxxxxxxxxxxxxxxxxxxxxxxxxxxxxxxxxxxxxxxxxxxxxxxxxxxxxxxxxxxxxxxxxxxxxxxxxxxxxxxxxxxxxxxxxxxxxxxxxxxxxxxxxxxxxxxxxxxxxxxxxxxxxxxxxxxxxxxxxxxxxxxxxxxxxxxxxxxxxxxxxxxxxxxxxxxxxxxxxxxxxxxxxxxxxxxxxxxxxxxxxxxxxxxxxxxxxxxxxxxxxxxxxxxxxxxxxxxxxxxxxxxxxxxxxxxxxxxxxxxxxxxxxxxxx"
ts=1736178047 level=info service=queue-worker host=host-03.example trace_id=trace-behavior-00018404 msg="event_id=behavior-18404 step=1"
ts=1736178168 level=info service=queue-worker host=host-03.example trace_id=trace-behavior-00018409 msg="event_id=behavior-18409 step=6"
ts=1736178337 level=info service=queue-worker host=host-03.example trace_id=trace-behavior-00018416 msg="event_id=behavior-18416 step=2"
ts=1736178942 level=info service=queue-worker host=host-03.example trace_id=trace-behavior-00018441 msg="event_id=behavior-18441 step=5"
ts=1736178966 level=info service=queue-worker host=host-03.example trace_id=trace-behavior-00018442 msg="event_id=behavior-18442 step=6"
ts=1736179160 level=info service=queue-worker host=host-03.example trace_id=trace-behavior-00018450 msg="event_id=behavior-18450 step=3"
ts=1736179208 level=info service=queue-worker host=host-03.example trace_id=trace-behavior-00018452 msg="event_id=behavior-18452 step=5"
ts=1736179232 level=info service=queue-worker host=host-03.example trace_id=trace-behavior-00018453 msg="event_id=behavior-18453 step=6"
ts=1736179329 level=info service=queue-worker host=host-03.example trace_id=trace-behavior-00018457 msg="event_id=behavior-18457 step=10"
ts=1736179498 level=info service=queue-worker host=host-03.example trace_id=trace-behavior-00018464 msg="event_id=behavior-18464 step=6"
ts=1736179789 level=info service=queue-worker host=host-03.example trace_id=trace-behavior-00018476 msg="event_id=behavior-18476 step=7"
ts=1736179934 level=info service=queue-worker host=host-03.example trace_id=trace-behavior-00018482 msg="event_id=behavior-18482 step=2"
ts=1736180563 level=info service=queue-worker host=host-03.example trace_id=trace-behavior-00018508 msg="event_id=behavior-18508 step=6"
ts=1736180805 level=info service=queue-worker host=host-03.example trace_id=trace-behavior-00018518 msg="event_id=behavior-18518 step=5"
ts=1736180902 level=info service=queue-worker host=host-03.example trace_id=trace-behavior-00018522 msg="event_id=behavior-18522 step=9"
ts=1736180974 level=info service=queue-worker host=host-03.example trace_id=trace-behavior-00018525 msg="event_id=behavior-18525 step=1"
ts=1736181023 level=warn service=queue-worker host=host-03.example trace_id=trace-behavior-00018527 msg="event_id=behavior-18527 step=3"
ts=1736181240 level=info service=queue-worker host=host-03.example trace_id=trace-behavior-00018536 msg="event_id=behavior-18536 step=1"
ts=1736181386 level=info service=queue-worker host=host-03.example trace_id=trace-behavior-00018542 msg="event_id=behavior-18542 step=7"
ts=1736181434 level=debug service=queue-worker host=host-03.example trace_id=trace-behavior-00018544 msg="event_id=behavior-18544 step=9"
ts=1736181531 level=info service=queue-worker host=host-03.example trace_id=trace-behavior-00018548 msg="event_id=behavior-18548 step=2"
ts=1736181555 level=info service=queue-worker host=host-03.example trace_id=trace-behavior-00018549 msg="event_id=behavior-18549 step=3"
ts=1736181652 level=info service=queue-worker host=host-03.example trace_id=trace-behavior-00018553 msg="event_id=behavior-18553 step=7"
ts=1736181724 level=info service=queue-worker host=host-03.example trace_id=trace-behavior-00018556 msg="event_id=behavior-18556 step=10"
ts=1736181773 level=info service=queue-worker host=host-03.example trace_id=trace-behavior-00018558 msg="event_id=behavior-18558 step=1"
ts=1736182377 level=info service=queue-worker host=host-03.example trace_id=trace-behavior-00018583 msg="event_id=behavior-18583 step=4"
ts=1736182885 level=info service=queue-worker host=host-03.example trace_id=trace-behavior-00018604 msg="event_id=behavior-18604 step=3"
ts=1736183055 level=info service=queue-worker host=host-03.example trace_id=trace-behavior-00018611 msg="event_id=behavior-18611 step=10"
ts=1736183248 level=info service=queue-worker host=host-03.example trace_id=trace-behavior-00018619 msg="event_id=behavior-18619 step=7"
ts=1736183297 level=info service=queue-worker host=host-03.example trace_id=trace-behavior-00018621 msg="event_id=behavior-18621 step=9"
ts=1736183394 level=info service=queue-worker host=host-03.example trace_id=trace-behavior-00018625 msg="event_id=behavior-18625 step=2"
ts=1736183418 level=info service=queue-worker host=host-03.example trace_id=trace-behavior-00018626 msg="event_id=behavior-18626 step=3"
ts=1736183660 level=info service=queue-worker host=host-03.example trace_id=trace-behavior-00018636 msg="event_id=behavior-18636 step=2"
ts=1736183684 level=info service=queue-worker host=host-03.example trace_id=trace-behavior-00018637 msg="event_id=behavior-18637 step=3"
ts=1736183877 level=info service=queue-worker host=host-03.example trace_id=trace-behavior-00018645 msg="event_id=behavior-18645 step=0"
ts=1736183926 level=info service=queue-worker host=host-03.example trace_id=trace-behavior-00018647 msg="event_id=behavior-18647 step=2"
ts=1736183998 level=info service=queue-worker host=host-03.example trace_id=trace-behavior-00018650 msg="event_id=behavior-18650 step=5"
ts=1736184264 level=info service=queue-worker host=host-03.example trace_id=trace-behavior-00018661 msg="event_id=behavior-18661 step=5"
ts=1736184289 level=info service=queue-worker host=host-03.example trace_id=trace-behavior-00018662 msg="event_id=behavior-18662 step=6"
ts=1736184627 level=info service=queue-worker host=host-03.example trace_id=trace-behavior-00018676 msg="event_id=behavior-18676 step=9"
ts=1736184942 level=info service=queue-worker host=host-03.example trace_id=trace-behavior-00018689 msg="event_id=behavior-18689 step=0"
ts=1736185160 level=info service=queue-worker host=host-03.example trace_id=trace-behavior-00018698 msg="event_id=behavior-18698 step=9"
ts=1736185184 level=info service=queue-worker host=host-03.example trace_id=trace-behavior-00018699 msg="event_id=behavior-18699 step=10"
ts=1736185595 level=info service=queue-worker host=host-03.example trace_id=trace-behavior-00018716 msg="event_id=behavior-18716 step=5"
ts=1736185740 level=info service=queue-worker host=host-03.example trace_id=trace-behavior-00018722 msg="event_id=behavior-18722 step=0"
ts=1736185764 level=info service=queue-worker host=host-03.example trace_id=trace-behavior-00018723 msg="event_id=behavior-18723 step=1"
ts=1736185958 level=info service=queue-worker host=host-03.example trace_id=trace-behavior-00018731 msg="event_id=behavior-18731 step=9"
ts=1736186031 level=info service=queue-worker host=host-03.example trace_id=trace-behavior-00018734 msg="event_id=behavior-18734 step=1"
ts=1736186127 level=info service=queue-worker host=host-03.example trace_id=trace-behavior-00018738 msg="event_id=behavior-18738 step=5"
ts=1736186297 level=info service=queue-worker host=host-03.example trace_id=trace-behavior-00018745 msg="event_id=behavior-18745 step=1"
ts=1736186393 level=info service=queue-worker host=host-03.example trace_id=trace-behavior-00018749 msg="event_id=behavior-18749 step=5"
ts=1736186418 level=info service=queue-worker host=host-03.example trace_id=trace-behavior-00018750 msg="event_id=behavior-18750 step=6"
ts=1736186490 level=info service=queue-worker host=host-03.example trace_id=trace-behavior-00018753 msg="event_id=behavior-18753 step=9"
ts=1736186781 level=info service=queue-worker host=host-03.example trace_id=trace-behavior-00018765 msg="event_id=behavior-18765 step=10"
ts=1736186950 level=info service=queue-worker host=host-03.example trace_id=trace-behavior-00018772 msg="event_id=behavior-18772 step=6"
ts=1736186998 level=info service=queue-worker host=host-03.example trace_id=trace-behavior-00018774 msg="event_id=behavior-18774 step=8"
ts=1736187264 level=info service=queue-worker host=host-03.example trace_id=trace-behavior-00018785 msg="event_id=behavior-18785 step=8"
ts=1736187289 level=info service=queue-worker host=host-03.example trace_id=trace-behavior-00018786 msg="event_id=behavior-18786 step=9"
ts=1736187434 level=info service=queue-worker host=host-03.example trace_id=trace-behavior-00018792 msg="event_id=behavior-18792 step=4"
ts=1736187724 level=info service=queue-worker host=host-03.example trace_id=trace-behavior-00018804 msg="event_id=behavior-18804 step=5"
ts=1736187797 level=info service=queue-worker host=host-03.example trace_id=trace-behavior-00018807 msg="event_id=behavior-18807 step=8"
ts=1736188039 level=info service=queue-worker host=host-03.example trace_id=trace-behavior-00018817 msg="event_id=behavior-18817 step=7"
ts=1736188208 level=info service=queue-worker host=host-03.example trace_id=trace-behavior-00018824 msg="event_id=behavior-18824 step=3"
ts=1736188232 level=info service=queue-worker host=host-03.example trace_id=trace-behavior-00018825 msg="event_id=behavior-18825 step=4"
ts=1736188498 level=info service=queue-worker host=host-03.example trace_id=trace-behavior-00018836 msg="event_id=behavior-18836 step=4"
ts=1736188522 level=debug service=queue-worker host=host-03.example trace_id=trace-behavior-00018837 msg="event_id=behavior-18837 step=5"
ts=1736188643 level=info service=queue-worker host=host-03.example trace_id=trace-behavior-00018842 msg="event_id=behavior-18842 step=10"
ts=1736188934 level=info service=queue-worker host=host-03.example trace_id=trace-behavior-00018854 msg="event_id=behavior-18854 step=0"
ts=1736189079 level=info service=queue-worker host=host-03.example trace_id=trace-behavior-00018860 msg="event_id=behavior-18860 step=6"
ts=1736189200 level=info service=queue-worker host=host-03.example trace_id=trace-behavior-00018865 msg="event_id=behavior-18865 step=0"
ts=1736189635 level=info service=queue-worker host=host-03.example trace_id=trace-behavior-00018883 msg="event_id=behavior-18883 step=7"
ts=1736189756 level=info service=queue-worker host=host-03.example trace_id=trace-behavior-00018888 msg="event_id=behavior-18888 step=1"
ts=1736189805 level=info service=queue-worker host=host-03.example trace_id=trace-behavior-00018890 msg="event_id=behavior-18890 step=3"
ts=1736189998 level=info service=queue-worker host=host-03.example trace_id=trace-behavior-00018898 msg="event_id=behavior-18898 step=0"
ts=1736190143 level=info service=queue-worker host=host-03.example trace_id=trace-behavior-00018904 msg="event_id=behavior-18904 step=6"
ts=1736190168 level=info service=queue-worker host=host-03.example trace_id=trace-behavior-00018905 msg="event_id=behavior-18905 step=7"
ts=1736190289 level=info service=queue-worker host=host-03.example trace_id=trace-behavior-00018910 msg="event_id=behavior-18910 step=1"
ts=1736190603 level=info service=queue-worker host=host-03.example trace_id=trace-behavior-00018923 msg="event_id=behavior-18923 step=3"
ts=1736190676 level=info service=queue-worker host=host-03.example trace_id=trace-behavior-00018926 msg="event_id=behavior-18926 step=6"
ts=1736191014 level=info service=queue-worker host=host-03.example trace_id=trace-behavior-00018940 msg="event_id=behavior-18940 step=9"
ts=1736191208 level=info service=queue-worker host=host-03.example trace_id=trace-behavior-00018948 msg="event_id=behavior-18948 step=6"
ts=1736191329 level=debug service=queue-worker host=host-03.example trace_id=trace-behavior-00018953 msg="event_id=behavior-18953 step=0"
ts=1736191353 level=info service=queue-worker host=host-03.example trace_id=trace-behavior-00018954 msg="event_id=behavior-18954 step=1"
ts=1736191377 level=info service=queue-worker host=host-03.example trace_id=trace-behavior-00018955 msg="event_id=behavior-18955 step=2"
ts=1736191764 level=info service=queue-worker host=host-03.example trace_id=trace-behavior-00018971 msg="event_id=behavior-18971 step=7"
ts=1736192127 level=info service=queue-worker host=host-03.example trace_id=trace-behavior-00018986 msg="event_id=behavior-18986 step=0"
ts=1736192418 level=info service=queue-worker host=host-03.example trace_id=trace-behavior-00018998 msg="event_id=behavior-18998 step=1"
ts=1736192442 level=debug service=queue-worker host=host-03.example trace_id=trace-behavior-00018999 msg="event_id=behavior-18999 step=2"
ts=1736192780 level=info service=queue-worker host=host-03.example trace_id=trace-behavior-00019013 msg="event_id=behavior-19013 step=5"
ts=1736192877 level=info service=queue-worker host=host-03.example trace_id=trace-behavior-00019017 msg="event_id=behavior-19017 step=9"
ts=1736193022 level=info service=queue-worker host=host-03.example trace_id=trace-behavior-00019023 msg="event_id=behavior-19023 step=4"
ts=1736193143 level=info service=queue-worker host=host-03.example trace_id=trace-behavior-00019028 msg="event_id=behavior-19028 step=9"
ts=1736193167 level=info service=queue-worker host=host-03.example trace_id=trace-behavior-00019029 msg="event_id=behavior-19029 step=10"
ts=1736193409 level=info service=queue-worker host=host-03.example trace_id=trace-behavior-00019039 msg="event_id=behavior-19039 step=9"
ts=1736193458 level=info service=queue-worker host=host-03.example trace_id=trace-behavior-00019041 msg="event_id=behavior-19041 step=0"
ts=1736193627 level=info service=queue-worker host=host-03.example trace_id=trace-behavior-00019048 msg="event_id=behavior-19048 step=7"
ts=1736193821 level=info service=queue-worker host=host-03.example trace_id=trace-behavior-00019056 msg="event_id=behavior-19056 step=4"
ts=1736193893 level=info service=queue-worker host=host-03.example trace_id=trace-behavior-00019059 msg="event_id=behavior-19059 step=7"
ts=1736194063 level=info service=queue-worker host=host-03.example trace_id=trace-behavior-00019066 msg="event_id=behavior-19066 step=3"
ts=1736194208 level=info service=queue-worker host=host-03.example trace_id=trace-behavior-00019072 msg="event_id=behavior-19072 step=9"
ts=1736194256 level=info service=queue-worker host=host-03.example trace_id=trace-behavior-00019074 msg="event_id=behavior-19074 step=0"
ts=1736194305 level=info service=queue-worker host=host-03.example trace_id=trace-behavior-00019076 msg="event_id=behavior-19076 step=2"
ts=1736194667 level=info service=queue-worker host=host-03.example trace_id=trace-behavior-00019091 msg="event_id=behavior-19091 step=6"
ts=1736194885 level=info service=queue-worker host=host-03.example trace_id=trace-behavior-00019100 msg="event_id=behavior-19100 LONG_JSON_SENTINEL payload=xxxxxxxxxxxxxxxxxxxxxxxxxxxxxxxxxxxxxxxxxxxxxxxxxxxxxxxxxxxxxxxxxxxxxxxxxxxxxxxxxxxxxxxxxxxxxxxxxxxxxxxxxxxxxxxxxxxxxxxxxxxxxxxxxxxxxxxxxxxxxxxxxxxxxxxxxxxxxxxxxxxxxxxxxxxxxxxxxxxxxxxxxxxxxxxxxxxxxxxxxxxxxxxxxxxxxxxxxxxxxxxxxxxxxxxxxxxxxxxxxxxxxxxxxxxxxxxxxxxxxxxxxxxxxxxxxxxxxxxxxxxxxxxxxxxxxxxxxxxxxxxxxxxxxxxxxxxxxxxxxxxxxxxxxxxxxxxxxxxxxxxxxxxxxxxxxxxxxxxxxxxxxxxxxxxxxxxxxxxxxxxxxxxxxxxxxxxxxxxxxxxxxxxxxxxxxxxxxxxxxxxxxxxxxxxxxxxxxxxxxxxxxxxxxxxxxxxxxxxxxxxxxxxxxxxxxxxxxxxxxxxxxxxxxxxxxxxxxxxx"
ts=1736194909 level=info service=queue-worker host=host-03.example trace_id=trace-behavior-00019101 msg="event_id=behavior-19101 STACK_TRACE_SENTINEL failure in handler\n    at lab_module_handler(file=example_rs line=41)\n    at lab_module_dispatch(file=example_rs line=11)\nCaused by: simulated timeout after 301ms"
ts=1736195345 level=info service=queue-worker host=host-03.example trace_id=trace-behavior-00019119 msg="event_id=behavior-19119 step=1"
ts=1736195369 level=info service=queue-worker host=host-03.example trace_id=trace-behavior-00019120 msg="event_id=behavior-19120 step=2"
ts=1736195393 level=info service=queue-worker host=host-03.example trace_id=trace-behavior-00019121 msg="event_id=behavior-19121 step=3"
ts=1736195466 level=info service=queue-worker host=host-03.example trace_id=trace-behavior-00019124 msg="event_id=behavior-19124 step=6"
ts=1736195563 level=info service=queue-worker host=host-03.example trace_id=trace-behavior-00019128 msg="event_id=behavior-19128 step=10"
ts=1736195659 level=info service=queue-worker host=host-03.example trace_id=trace-behavior-00019132 msg="event_id=behavior-19132 step=3"
ts=1736195708 level=info service=queue-worker host=host-03.example trace_id=trace-behavior-00019134 msg="event_id=behavior-19134 step=5"
ts=1736195805 level=info service=queue-worker host=host-03.example trace_id=trace-behavior-00019138 msg="event_id=behavior-19138 step=9"
ts=1736195877 level=info service=queue-worker host=host-03.example trace_id=trace-behavior-00019141 msg="event_id=behavior-19141 step=1"
ts=1736195998 level=info service=queue-worker host=host-03.example trace_id=trace-behavior-00019146 msg="event_id=behavior-19146 step=6"
ts=1736196095 level=info service=queue-worker host=host-03.example trace_id=trace-behavior-00019150 msg="event_id=behavior-19150 step=10"
ts=1736196192 level=info service=queue-worker host=host-03.example trace_id=trace-behavior-00019154 msg="event_id=behavior-19154 step=3"
ts=1736196458 level=info service=queue-worker host=host-03.example trace_id=trace-behavior-00019165 msg="event_id=behavior-19165 step=3"
ts=1736196530 level=info service=queue-worker host=host-03.example trace_id=trace-behavior-00019168 msg="event_id=behavior-19168 step=6"
ts=1736196627 level=info service=queue-worker host=host-03.example trace_id=trace-behavior-00019172 msg="event_id=behavior-19172 step=10"
ts=1736196651 level=info service=queue-worker host=host-03.example trace_id=trace-behavior-00019173 msg="event_id=behavior-19173 step=0"
ts=1736196772 level=info service=queue-worker host=host-03.example trace_id=trace-behavior-00019178 msg="event_id=behavior-19178 step=5"
ts=1736196821 level=info service=queue-worker host=host-03.example trace_id=trace-behavior-00019180 msg="event_id=behavior-19180 step=7"
ts=1736196942 level=info service=queue-worker host=host-03.example trace_id=trace-behavior-00019185 msg="event_id=behavior-19185 step=1"
ts=1736197014 level=info service=queue-worker host=host-03.example trace_id=trace-behavior-00019188 msg="event_id=behavior-19188 step=4"
ts=1736197474 level=info service=queue-worker host=host-03.example trace_id=trace-behavior-00019207 msg="event_id=behavior-19207 step=1"
ts=1736197546 level=info service=queue-worker host=host-03.example trace_id=trace-behavior-00019210 msg="event_id=behavior-19210 step=4"
ts=1736197571 level=info service=queue-worker host=host-03.example trace_id=trace-behavior-00019211 msg="event_id=behavior-19211 step=5"
ts=1736197619 level=info service=queue-worker host=host-03.example trace_id=trace-behavior-00019213 msg="event_id=behavior-19213 step=7"
ts=1736197667 level=info service=queue-worker host=host-03.example trace_id=trace-behavior-00019215 msg="event_id=behavior-19215 step=9"
ts=1736197837 level=info service=queue-worker host=host-03.example trace_id=trace-behavior-00019222 msg="event_id=behavior-19222 step=5"
ts=1736198151 level=info service=queue-worker host=host-03.example trace_id=trace-behavior-00019235 msg="event_id=behavior-19235 step=7"
ts=1736198466 level=info service=queue-worker host=host-03.example trace_id=trace-behavior-00019248 msg="event_id=behavior-19248 step=9"
ts=1736198490 level=info service=queue-worker host=host-03.example trace_id=trace-behavior-00019249 msg="event_id=behavior-19249 step=10"
ts=1736198514 level=info service=queue-worker host=host-03.example trace_id=trace-behavior-00019250 msg="event_id=behavior-19250 step=0"
ts=1736198538 level=info service=queue-worker host=host-03.example trace_id=trace-behavior-00019251 msg="event_id=behavior-19251 step=1"
ts=1736198683 level=info service=queue-worker host=host-03.example trace_id=trace-behavior-00019257 msg="event_id=behavior-19257 step=7"
ts=1736198708 level=debug service=queue-worker host=host-03.example trace_id=trace-behavior-00019258 msg="event_id=behavior-19258 step=8"
ts=1736198829 level=info service=queue-worker host=host-03.example trace_id=trace-behavior-00019263 msg="event_id=behavior-19263 step=2"
ts=1736199167 level=info service=queue-worker host=host-03.example trace_id=trace-behavior-00019277 msg="event_id=behavior-19277 step=5"
ts=1736199748 level=info service=queue-worker host=host-03.example trace_id=trace-behavior-00019301 msg="event_id=behavior-19301 LONG_JSON_SENTINEL payload=xxxxxxxxxxxxxxxxxxxxxxxxxxxxxxxxxxxxxxxxxxxxxxxxxxxxxxxxxxxxxxxxxxxxxxxxxxxxxxxxxxxxxxxxxxxxxxxxxxxxxxxxxxxxxxxxxxxxxxxxxxxxxxxxxxxxxxxxxxxxxxxxxxxxxxxxxxxxxxxxxxxxxxxxxxxxxxxxxxxxxxxxxxxxxxxxxxxxxxxxxxxxxxxxxxxxxxxxxxxxxxxxxxxxxxxxxxxxxxxxxxxxxxxxxxxxxxxxxxxxxxxxxxxxxxxxxxxxxxxxxxxxxxxxxxxxxxxxxxxxxxxxxxxxxxxxxxxxxxxxxxxxxxxxxxxxxxxxxxxxxxxxxxxxxxxxxxxxxxxxxxxxxxxxxxxxxxxxxxxxxxxxxxxxxxxxxxxxxxxxxxxxxxxxxxxxxxxxxxxxxxxxxxxxxxxxxxxxxxxxxxxxxxxxxxxxxxxxxxxxxxxxxxxxxxxxxxxxxxxxxxxxxxxxxxxxxxxxxxxxx"
ts=1736199772 level=info service=queue-worker host=host-03.example trace_id=trace-behavior-00019302 msg="event_id=behavior-19302 STACK_TRACE_SENTINEL failure in handler\n    at lab_module_handler(file=example_rs line=42)\n    at lab_module_dispatch(file=example_rs line=12)\nCaused by: simulated timeout after 502ms"
ts=1736200159 level=info service=queue-worker host=host-03.example trace_id=trace-behavior-00019318 msg="event_id=behavior-19318 step=2"
ts=1736200256 level=info service=queue-worker host=host-03.example trace_id=trace-behavior-00019322 msg="event_id=behavior-19322 step=6"
ts=1736200304 level=info service=queue-worker host=host-03.example trace_id=trace-behavior-00019324 msg="event_id=behavior-19324 step=8"
ts=1736200329 level=info service=queue-worker host=host-03.example trace_id=trace-behavior-00019325 msg="event_id=behavior-19325 step=9"
ts=1736200401 level=info service=queue-worker host=host-03.example trace_id=trace-behavior-00019328 msg="event_id=behavior-19328 step=1"
ts=1736200450 level=info service=queue-worker host=host-03.example trace_id=trace-behavior-00019330 msg="event_id=behavior-19330 step=3"
ts=1736200546 level=info service=queue-worker host=host-03.example trace_id=trace-behavior-00019334 msg="event_id=behavior-19334 step=7"
ts=1736200571 level=info service=queue-worker host=host-03.example trace_id=trace-behavior-00019335 msg="event_id=behavior-19335 step=8"
ts=1736200740 level=info service=queue-worker host=host-03.example trace_id=trace-behavior-00019342 msg="event_id=behavior-19342 step=4"
ts=1736200837 level=info service=queue-worker host=host-03.example trace_id=trace-behavior-00019346 msg="event_id=behavior-19346 step=8"
ts=1736200885 level=info service=queue-worker host=host-03.example trace_id=trace-behavior-00019348 msg="event_id=behavior-19348 step=10"
ts=1736200909 level=info service=queue-worker host=host-03.example trace_id=trace-behavior-00019349 msg="event_id=behavior-19349 step=0"
ts=1736201006 level=info service=queue-worker host=host-03.example trace_id=trace-behavior-00019353 msg="event_id=behavior-19353 step=4"
ts=1736201030 level=info service=queue-worker host=host-03.example trace_id=trace-behavior-00019354 msg="event_id=behavior-19354 step=5"
ts=1736201369 level=info service=queue-worker host=host-03.example trace_id=trace-behavior-00019368 msg="event_id=behavior-19368 step=8"
ts=1736201441 level=info service=queue-worker host=host-03.example trace_id=trace-behavior-00019371 msg="event_id=behavior-19371 step=0"
ts=1736201466 level=info service=queue-worker host=host-03.example trace_id=trace-behavior-00019372 msg="event_id=behavior-19372 step=1"
ts=1736201538 level=info service=queue-worker host=host-03.example trace_id=trace-behavior-00019375 msg="event_id=behavior-19375 step=4"
ts=1736201611 level=info service=queue-worker host=host-03.example trace_id=trace-behavior-00019378 msg="event_id=behavior-19378 step=7"
ts=1736201683 level=info service=queue-worker host=host-03.example trace_id=trace-behavior-00019381 msg="event_id=behavior-19381 step=10"
ts=1736201780 level=info service=queue-worker host=host-03.example trace_id=trace-behavior-00019385 msg="event_id=behavior-19385 step=3"
ts=1736201998 level=info service=queue-worker host=host-03.example trace_id=trace-behavior-00019394 msg="event_id=behavior-19394 step=1"
ts=1736202095 level=info service=queue-worker host=host-03.example trace_id=trace-behavior-00019398 msg="event_id=behavior-19398 step=5"
ts=1736202385 level=info service=queue-worker host=host-03.example trace_id=trace-behavior-00019410 msg="event_id=behavior-19410 step=6"
ts=1736202433 level=error service=queue-worker host=host-03.example trace_id=trace-behavior-00019412 msg="event_id=behavior-19412 step=8"
ts=1736202506 level=info service=queue-worker host=host-03.example trace_id=trace-behavior-00019415 msg="event_id=behavior-19415 step=0"
ts=1736202675 level=info service=queue-worker host=host-03.example trace_id=trace-behavior-00019422 msg="event_id=behavior-19422 step=7"
ts=1736202796 level=info service=queue-worker host=host-03.example trace_id=trace-behavior-00019427 msg="event_id=behavior-19427 step=1"
ts=1736202869 level=info service=queue-worker host=host-03.example trace_id=trace-behavior-00019430 msg="event_id=behavior-19430 step=4"
ts=1736203062 level=info service=queue-worker host=host-03.example trace_id=trace-behavior-00019438 msg="event_id=behavior-19438 step=1"
ts=1736203498 level=info service=queue-worker host=host-03.example trace_id=trace-behavior-00019456 msg="event_id=behavior-19456 step=8"
ts=1736203619 level=info service=queue-worker host=host-03.example trace_id=trace-behavior-00019461 msg="event_id=behavior-19461 step=2"
ts=1736203740 level=info service=queue-worker host=host-03.example trace_id=trace-behavior-00019466 msg="event_id=behavior-19466 step=7"
ts=1736203909 level=info service=queue-worker host=host-03.example trace_id=trace-behavior-00019473 msg="event_id=behavior-19473 step=3"
ts=1736204030 level=info service=queue-worker host=host-03.example trace_id=trace-behavior-00019478 msg="event_id=behavior-19478 step=8"
ts=1736204175 level=info service=queue-worker host=host-03.example trace_id=trace-behavior-00019484 msg="event_id=behavior-19484 step=3"
ts=1736204320 level=info service=queue-worker host=host-03.example trace_id=trace-behavior-00019490 msg="event_id=behavior-19490 step=9"
ts=1736204369 level=info service=queue-worker host=host-03.example trace_id=trace-behavior-00019492 msg="event_id=behavior-19492 step=0"
ts=1736204417 level=info service=queue-worker host=host-03.example trace_id=trace-behavior-00019494 msg="event_id=behavior-19494 step=2"
ts=1736204466 level=info service=queue-worker host=host-03.example trace_id=trace-behavior-00019496 msg="event_id=behavior-19496 step=4"
ts=1736204490 level=warn service=queue-worker host=host-03.example trace_id=trace-behavior-00019497 msg="event_id=behavior-19497 step=5"
ts=1736204562 level=info service=queue-worker host=host-03.example trace_id=trace-behavior-00019500 msg="event_id=behavior-19500 STACK_TRACE_SENTINEL failure in handler\n    at lab_module_handler(file=example_rs line=40)\n    at lab_module_dispatch(file=example_rs line=10)\nCaused by: simulated timeout after 700ms"
ts=1736204611 level=info service=queue-worker host=host-03.example trace_id=trace-behavior-00019502 msg="event_id=behavior-19502 LONG_JSON_SENTINEL payload=xxxxxxxxxxxxxxxxxxxxxxxxxxxxxxxxxxxxxxxxxxxxxxxxxxxxxxxxxxxxxxxxxxxxxxxxxxxxxxxxxxxxxxxxxxxxxxxxxxxxxxxxxxxxxxxxxxxxxxxxxxxxxxxxxxxxxxxxxxxxxxxxxxxxxxxxxxxxxxxxxxxxxxxxxxxxxxxxxxxxxxxxxxxxxxxxxxxxxxxxxxxxxxxxxxxxxxxxxxxxxxxxxxxxxxxxxxxxxxxxxxxxxxxxxxxxxxxxxxxxxxxxxxxxxxxxxxxxxxxxxxxxxxxxxxxxxxxxxxxxxxxxxxxxxxxxxxxxxxxxxxxxxxxxxxxxxxxxxxxxxxxxxxxxxxxxxxxxxxxxxxxxxxxxxxxxxxxxxxxxxxxxxxxxxxxxxxxxxxxxxxxxxxxxxxxxxxxxxxxxxxxxxxxxxxxxxxxxxxxxxxxxxxxxxxxxxxxxxxxxxxxxxxxxxxxxxxxxxxxxxxxxxxxxxxxxxxxxxxxxxx"
ts=1736204732 level=info service=queue-worker host=host-03.example trace_id=trace-behavior-00019507 msg="event_id=behavior-19507 step=4"
ts=1736204853 level=info service=queue-worker host=host-03.example trace_id=trace-behavior-00019512 msg="event_id=behavior-19512 step=9"
ts=1736204901 level=info service=queue-worker host=host-03.example trace_id=trace-behavior-00019514 msg="event_id=behavior-19514 step=0"
ts=1736204925 level=info service=queue-worker host=host-03.example trace_id=trace-behavior-00019515 msg="event_id=behavior-19515 step=1"
ts=1736204998 level=info service=queue-worker host=host-03.example trace_id=trace-behavior-00019518 msg="event_id=behavior-19518 step=4"
ts=1736205070 level=info service=queue-worker host=host-03.example trace_id=trace-behavior-00019521 msg="event_id=behavior-19521 step=7"
ts=1736205240 level=info service=queue-worker host=host-03.example trace_id=trace-behavior-00019528 msg="event_id=behavior-19528 step=3"
ts=1736205433 level=info service=queue-worker host=host-03.example trace_id=trace-behavior-00019536 msg="event_id=behavior-19536 step=0"
ts=1736205530 level=info service=queue-worker host=host-03.example trace_id=trace-behavior-00019540 msg="event_id=behavior-19540 step=4"
ts=1736206111 level=info service=queue-worker host=host-03.example trace_id=trace-behavior-00019564 msg="event_id=behavior-19564 step=6"
ts=1736206207 level=info service=queue-worker host=host-03.example trace_id=trace-behavior-00019568 msg="event_id=behavior-19568 step=10"
ts=1736206474 level=info service=queue-worker host=host-03.example trace_id=trace-behavior-00019579 msg="event_id=behavior-19579 step=10"
ts=1736206570 level=info service=queue-worker host=host-03.example trace_id=trace-behavior-00019583 msg="event_id=behavior-19583 step=3"
ts=1736206667 level=info service=queue-worker host=host-03.example trace_id=trace-behavior-00019587 msg="event_id=behavior-19587 step=7"
ts=1736206740 level=debug service=queue-worker host=host-03.example trace_id=trace-behavior-00019590 msg="event_id=behavior-19590 step=10"
ts=1736206764 level=info service=queue-worker host=host-03.example trace_id=trace-behavior-00019591 msg="event_id=behavior-19591 step=0"
ts=1736206788 level=info service=queue-worker host=host-03.example trace_id=trace-behavior-00019592 msg="event_id=behavior-19592 step=1"
ts=1736206957 level=info service=queue-worker host=host-03.example trace_id=trace-behavior-00019599 msg="event_id=behavior-19599 step=8"
ts=1736206982 level=info service=queue-worker host=host-03.example trace_id=trace-behavior-00019600 msg="event_id=behavior-19600 LONG_JSON_SENTINEL payload=xxxxxxxxxxxxxxxxxxxxxxxxxxxxxxxxxxxxxxxxxxxxxxxxxxxxxxxxxxxxxxxxxxxxxxxxxxxxxxxxxxxxxxxxxxxxxxxxxxxxxxxxxxxxxxxxxxxxxxxxxxxxxxxxxxxxxxxxxxxxxxxxxxxxxxxxxxxxxxxxxxxxxxxxxxxxxxxxxxxxxxxxxxxxxxxxxxxxxxxxxxxxxxxxxxxxxxxxxxxxxxxxxxxxxxxxxxxxxxxxxxxxxxxxxxxxxxxxxxxxxxxxxxxxxxxxxxxxxxxxxxxxxxxxxxxxxxxxxxxxxxxxxxxxxxxxxxxxxxxxxxxxxxxxxxxxxxxxxxxxxxxxxxxxxxxxxxxxxxxxxxxxxxxxxxxxxxxxxxxxxxxxxxxxxxxxxxxxxxxx"
ts=1736207006 level=info service=queue-worker host=host-03.example trace_id=trace-behavior-00019601 msg="event_id=behavior-19601 LONG_JSON_SENTINEL payload=xxxxxxxxxxxxxxxxxxxxxxxxxxxxxxxxxxxxxxxxxxxxxxxxxxxxxxxxxxxxxxxxxxxxxxxxxxxxxxxxxxxxxxxxxxxxxxxxxxxxxxxxxxxxxxxxxxxxxxxxxxxxxxxxxxxxxxxxxxxxxxxxxxxxxxxxxxxxxxxxxxxxxxxxxxxxxxxxxxxxxxxxxxxxxxxxxxxxxxxxxxxxxxxxxxxxxxxxxxxxxxxxxxxxxxxxxxxxxxxxxxxxxxxxxxxxxxxxxxxxxxxxxxxxxxxxxxxxxxxxxxxxxxxxxxxxxxxxxxxxxxxxxxxxxxxxxxxxxxxxxxxxxxxxxxxxxxxxxxxxxxxxxxxxxxxxxxxxxxxxxxxxxxxxxxxxxxxxxxxxxxxxxxxxxxxxxxxxxxxxx"
ts=1736207175 level=info service=queue-worker host=host-03.example trace_id=trace-behavior-00019608 msg="event_id=behavior-19608 step=6"
ts=1736207320 level=info service=queue-worker host=host-03.example trace_id=trace-behavior-00019614 msg="event_id=behavior-19614 step=1"
ts=1736207345 level=info service=queue-worker host=host-03.example trace_id=trace-behavior-00019615 msg="event_id=behavior-19615 step=2"
ts=1736207417 level=info service=queue-worker host=host-03.example trace_id=trace-behavior-00019618 msg="event_id=behavior-19618 step=5"
ts=1736207611 level=info service=queue-worker host=host-03.example trace_id=trace-behavior-00019626 msg="event_id=behavior-19626 step=2"
ts=1736207659 level=info service=queue-worker host=host-03.example trace_id=trace-behavior-00019628 msg="event_id=behavior-19628 step=4"
ts=1736207707 level=info service=queue-worker host=host-03.example trace_id=trace-behavior-00019630 msg="event_id=behavior-19630 step=6"
ts=1736207828 level=info service=queue-worker host=host-03.example trace_id=trace-behavior-00019635 msg="event_id=behavior-19635 step=0"
ts=1736207877 level=info service=queue-worker host=host-03.example trace_id=trace-behavior-00019637 msg="event_id=behavior-19637 step=2"
ts=1736207974 level=info service=queue-worker host=host-03.example trace_id=trace-behavior-00019641 msg="event_id=behavior-19641 step=6"
ts=1736208554 level=info service=queue-worker host=host-03.example trace_id=trace-behavior-00019665 msg="event_id=behavior-19665 step=8"
ts=1736208724 level=info service=queue-worker host=host-03.example trace_id=trace-behavior-00019672 msg="event_id=behavior-19672 step=4"
ts=1736208845 level=info service=queue-worker host=host-03.example trace_id=trace-behavior-00019677 msg="event_id=behavior-19677 step=9"
ts=1736209038 level=info service=queue-worker host=host-03.example trace_id=trace-behavior-00019685 msg="event_id=behavior-19685 step=6"
ts=1736209159 level=info service=queue-worker host=host-03.example trace_id=trace-behavior-00019690 msg="event_id=behavior-19690 step=0"
ts=1736209498 level=info service=queue-worker host=host-03.example trace_id=trace-behavior-00019704 msg="event_id=behavior-19704 step=3"
ts=1736209546 level=info service=queue-worker host=host-03.example trace_id=trace-behavior-00019706 msg="event_id=behavior-19706 step=5"
ts=1736209740 level=info service=queue-worker host=host-03.example trace_id=trace-behavior-00019714 msg="event_id=behavior-19714 step=2"
ts=1736210078 level=info service=queue-worker host=host-03.example trace_id=trace-behavior-00019728 msg="event_id=behavior-19728 step=5"
ts=1736210199 level=info service=queue-worker host=host-03.example trace_id=trace-behavior-00019733 msg="event_id=behavior-19733 step=10"
ts=1736210248 level=info service=queue-worker host=host-03.example trace_id=trace-behavior-00019735 msg="event_id=behavior-19735 step=1"
ts=1736210344 level=info service=queue-worker host=host-03.example trace_id=trace-behavior-00019739 msg="event_id=behavior-19739 step=5"
ts=1736210901 level=info service=queue-worker host=host-03.example trace_id=trace-behavior-00019762 msg="event_id=behavior-19762 step=6"
ts=1736210998 level=info service=queue-worker host=host-03.example trace_id=trace-behavior-00019766 msg="event_id=behavior-19766 step=10"
ts=1736211094 level=info service=queue-worker host=host-03.example trace_id=trace-behavior-00019770 msg="event_id=behavior-19770 step=3"
ts=1736211361 level=info service=queue-worker host=host-03.example trace_id=trace-behavior-00019781 msg="event_id=behavior-19781 step=3"
ts=1736211433 level=info service=queue-worker host=host-03.example trace_id=trace-behavior-00019784 msg="event_id=behavior-19784 step=6"
ts=1736211603 level=info service=queue-worker host=host-03.example trace_id=trace-behavior-00019791 msg="event_id=behavior-19791 step=2"
ts=1736211651 level=info service=queue-worker host=host-03.example trace_id=trace-behavior-00019793 msg="event_id=behavior-19793 step=4"
ts=1736211941 level=info service=queue-worker host=host-03.example trace_id=trace-behavior-00019805 msg="event_id=behavior-19805 step=5"
ts=1736211990 level=info service=queue-worker host=host-03.example trace_id=trace-behavior-00019807 msg="event_id=behavior-19807 step=7"
ts=1736212086 level=info service=queue-worker host=host-03.example trace_id=trace-behavior-00019811 msg="event_id=behavior-19811 step=0"
ts=1736212183 level=info service=queue-worker host=host-03.example trace_id=trace-behavior-00019815 msg="event_id=behavior-19815 step=4"
ts=1736212304 level=info service=queue-worker host=host-03.example trace_id=trace-behavior-00019820 msg="event_id=behavior-19820 step=9"
ts=1736212328 level=info service=queue-worker host=host-03.example trace_id=trace-behavior-00019821 msg="event_id=behavior-19821 step=10"
ts=1736212691 level=info service=queue-worker host=host-03.example trace_id=trace-behavior-00019836 msg="event_id=behavior-19836 step=3"
ts=1736212764 level=info service=queue-worker host=host-03.example trace_id=trace-behavior-00019839 msg="event_id=behavior-19839 step=6"
ts=1736212812 level=info service=queue-worker host=host-03.example trace_id=trace-behavior-00019841 msg="event_id=behavior-19841 step=8"
ts=1736212836 level=info service=queue-worker host=host-03.example trace_id=trace-behavior-00019842 msg="event_id=behavior-19842 step=9"
ts=1736212909 level=info service=queue-worker host=host-03.example trace_id=trace-behavior-00019845 msg="event_id=behavior-19845 step=1"
ts=1736213030 level=info service=queue-worker host=host-03.example trace_id=trace-behavior-00019850 msg="event_id=behavior-19850 step=6"
ts=1736213151 level=info service=queue-worker host=host-03.example trace_id=trace-behavior-00019855 msg="event_id=behavior-19855 step=0"
ts=1736213320 level=info service=queue-worker host=host-03.example trace_id=trace-behavior-00019862 msg="event_id=behavior-19862 step=7"
ts=1736213344 level=info service=queue-worker host=host-03.example trace_id=trace-behavior-00019863 msg="event_id=behavior-19863 step=8"
ts=1736213514 level=info service=queue-worker host=host-03.example trace_id=trace-behavior-00019870 msg="event_id=behavior-19870 step=4"
ts=1736213635 level=info service=queue-worker host=host-03.example trace_id=trace-behavior-00019875 msg="event_id=behavior-19875 step=9"
ts=1736214022 level=info service=queue-worker host=host-03.example trace_id=trace-behavior-00019891 msg="event_id=behavior-19891 step=3"
ts=1736214046 level=info service=queue-worker host=host-03.example trace_id=trace-behavior-00019892 msg="event_id=behavior-19892 step=4"
ts=1736214094 level=info service=queue-worker host=host-03.example trace_id=trace-behavior-00019894 msg="event_id=behavior-19894 step=6"
ts=1736214215 level=info service=queue-worker host=host-03.example trace_id=trace-behavior-00019899 msg="event_id=behavior-19899 step=0"
ts=1736214240 level=info service=queue-worker host=host-03.example trace_id=trace-behavior-00019900 msg="event_id=behavior-19900 LONG_JSON_SENTINEL payload=xxxxxxxxxxxxxxxxxxxxxxxxxxxxxxxxxxxxxxxxxxxxxxxxxxxxxxxxxxxxxxxxxxxxxxxxxxxxxxxxxxxxxxxxxxxxxxxxxxxxxxxxxxxxxxxxxxxxxxxxxxxxxxxxxxxxxxxxxxxxxxxxxxxxxxxxxxxxxxxxxxxxxxxxxxxxxxxxxxxxxxxxxxxxxxxxxxxxxxxxxxxxxxxxxxxxxxxxxxxxxxxxxxxxxxxxxxxxxxxxxxxxxxxxxxxxxxxxxxxxxxxxxxxxxxxxxxxxxxxxxxxxxxxxxxxxxxxxxxxxxxxxxxxxxxxxxxxxxxxxxxxxxxxxxxxxxxxxxxxxxxxxxxxxxxxxxxxxxxxxxxxxxxxxxxxxxxxxxxxxxxxxxxxxxxxxxxxxxxxxxxxxxxxxxxxxxxxxxxxxxxxxxxxxxxxxxxxxxxxxxxxxxxxxxxxxxxxxxxxxxxxxxxxxxxxxxxxxxxxxxxxxxxxxxxxxxxxxxxxx"
ts=1736214433 level=info service=queue-worker host=host-03.example trace_id=trace-behavior-00019908 msg="event_id=behavior-19908 step=9"
ts=1736214457 level=info service=queue-worker host=host-03.example trace_id=trace-behavior-00019909 msg="event_id=behavior-19909 step=10"
ts=1736214481 level=info service=queue-worker host=host-03.example trace_id=trace-behavior-00019910 msg="event_id=behavior-19910 step=0"
ts=1736214602 level=info service=queue-worker host=host-03.example trace_id=trace-behavior-00019915 msg="event_id=behavior-19915 step=5"
ts=1736214699 level=info service=queue-worker host=host-03.example trace_id=trace-behavior-00019919 msg="event_id=behavior-19919 step=9"
ts=1736214820 level=info service=queue-worker host=host-03.example trace_id=trace-behavior-00019924 msg="event_id=behavior-19924 step=3"
ts=1736214869 level=info service=queue-worker host=host-03.example trace_id=trace-behavior-00019926 msg="event_id=behavior-19926 step=5"
ts=1736215086 level=info service=queue-worker host=host-03.example trace_id=trace-behavior-00019935 msg="event_id=behavior-19935 step=3"
ts=1736215256 level=info service=queue-worker host=host-03.example trace_id=trace-behavior-00019942 msg="event_id=behavior-19942 step=10"
ts=1736215401 level=info service=queue-worker host=host-03.example trace_id=trace-behavior-00019948 msg="event_id=behavior-19948 step=5"
ts=1736215570 level=info service=queue-worker host=host-03.example trace_id=trace-behavior-00019955 msg="event_id=behavior-19955 step=1"
ts=1736215643 level=info service=queue-worker host=host-03.example trace_id=trace-behavior-00019958 msg="event_id=behavior-19958 step=4"
ts=1736215740 level=info service=queue-worker host=host-03.example trace_id=trace-behavior-00019962 msg="event_id=behavior-19962 step=8 UTF8_café_λ"
ts=1736215885 level=info service=queue-worker host=host-03.example trace_id=trace-behavior-00019968 msg="event_id=behavior-19968 step=3"
ts=1736216127 level=info service=queue-worker host=host-03.example trace_id=trace-behavior-00019978 msg="event_id=behavior-19978 step=2"
ts=1736216465 level=info service=queue-worker host=host-03.example trace_id=trace-behavior-00019992 msg="event_id=behavior-19992 step=5"
ts=1736216490 level=info service=queue-worker host=host-03.example trace_id=trace-behavior-00019993 msg="event_id=behavior-19993 step=6"
ts=1736216538 level=info service=queue-worker host=host-03.example trace_id=trace-behavior-00019995 msg="event_id=behavior-19995 step=8"
ts=1736216731 level=info service=queue-worker host=host-03.example trace_id=trace-behavior-00020003 msg="event_id=behavior-20003 LONG_JSON_SENTINEL payload=xxxxxxxxxxxxxxxxxxxxxxxxxxxxxxxxxxxxxxxxxxxxxxxxxxxxxxxxxxxxxxxxxxxxxxxxxxxxxxxxxxxxxxxxxxxxxxxxxxxxxxxxxxxxxxxxxxxxxxxxxxxxxxxxxxxxxxxxxxxxxxxxxxxxxxxxxxxxxxxxxxxxxxxxxxxxxxxxxxxxxxxxxxxxxxxxxxxxxxxxxxxxxxxxxxxxxxxxxxxxxxxxxxxxxxxxxxxxxxxxxxxxxxxxxxxxxxxxxxxxxxxxxxxxxxxxxxxxxxxxxxxxxxxxxxxxxxxxxxxxxxxxxxxxxxxxxxxxxxxxxxxxxxxxxxxxxxxxxxxxxxxxxxxxxxxxxxxxxxxxxxxxxxxxxxxxxxxxxxxxxxxxxxxxxxxxxxxxxxxxxxx"
ts=1736216804 level=info service=queue-worker host=host-03.example trace_id=trace-behavior-00020006 msg="event_id=behavior-20006 step=8"
ts=1736216901 level=info service=queue-worker host=host-03.example trace_id=trace-behavior-00020010 msg="event_id=behavior-20010 step=1"
ts=1736216949 level=info service=queue-worker host=host-03.example trace_id=trace-behavior-00020012 msg="event_id=behavior-20012 step=3"
ts=1736217070 level=info service=queue-worker host=host-03.example trace_id=trace-behavior-00020017 msg="event_id=behavior-20017 step=8"
ts=1736217215 level=info service=queue-worker host=host-03.example trace_id=trace-behavior-00020023 msg="event_id=behavior-20023 step=3"
ts=1736217409 level=info service=queue-worker host=host-03.example trace_id=trace-behavior-00020031 msg="event_id=behavior-20031 step=0"
ts=1736217554 level=info service=queue-worker host=host-03.example trace_id=trace-behavior-00020037 msg="event_id=behavior-20037 step=6"
ts=1736217820 level=info service=queue-worker host=host-03.example trace_id=trace-behavior-00020048 msg="event_id=behavior-20048 step=6"
ts=1736218231 level=info service=queue-worker host=host-03.example trace_id=trace-behavior-00020065 msg="event_id=behavior-20065 step=1"
ts=1736218304 level=info service=queue-worker host=host-03.example trace_id=trace-behavior-00020068 msg="event_id=behavior-20068 step=4"
ts=1736218425 level=info service=queue-worker host=host-03.example trace_id=trace-behavior-00020073 msg="event_id=behavior-20073 step=9"
ts=1736218498 level=info service=queue-worker host=host-03.example trace_id=trace-behavior-00020076 msg="event_id=behavior-20076 step=1"
ts=1736218860 level=info service=queue-worker host=host-03.example trace_id=trace-behavior-00020091 msg="event_id=behavior-20091 step=5"
ts=1736218885 level=info service=queue-worker host=host-03.example trace_id=trace-behavior-00020092 msg="event_id=behavior-20092 step=6"
ts=1736218957 level=info service=queue-worker host=host-03.example trace_id=trace-behavior-00020095 msg="event_id=behavior-20095 step=9"
ts=1736219127 level=info service=queue-worker host=host-03.example trace_id=trace-behavior-00020102 msg="event_id=behavior-20102 LONG_JSON_SENTINEL payload=xxxxxxxxxxxxxxxxxxxxxxxxxxxxxxxxxxxxxxxxxxxxxxxxxxxxxxxxxxxxxxxxxxxxxxxxxxxxxxxxxxxxxxxxxxxxxxxxxxxxxxxxxxxxxxxxxxxxxxxxxxxxxxxxxxxxxxxxxxxxxxxxxxxxxxxxxxxxxxxxxxxxxxxxxxxxxxxxxxxxxxxxxxxxxxxxxxxxxxxxxxxxxxxxxxxxxxxxxxxxxxxxxxxxxxxxxxxxxxxxxxxxxxxxxxxxxxxxxxxxxxxxxxxxxxxxxxxxxxxxxxxxxxxxxxxxxxxxxxxxxxxxxxxxxxxxxxxxxxxxxxxxxxxxxxxxxxxxxxxxxxxxxxxxxxxxxxxxxxxxxxxxxxxxxxxxxxxxxxxxxxxxxxxxxxxxxxxxxxxxxxxxxxxxxxxxxxxxxxxxxxxxxxxxxxxxxxxxxxxxxxxxxxxxxxxxxxxxxxxxxxxxxxxxxxxxxxxxxxxxxxxxxxxxxxxxxxxxxxxxxx"
ts=1736219199 level=info service=queue-worker host=host-03.example trace_id=trace-behavior-00020105 msg="event_id=behavior-20105 step=8"
ts=1736219223 level=info service=queue-worker host=host-03.example trace_id=trace-behavior-00020106 msg="event_id=behavior-20106 step=9"
ts=1736219344 level=info service=queue-worker host=host-03.example trace_id=trace-behavior-00020111 msg="event_id=behavior-20111 step=3"
ts=1736219610 level=info service=queue-worker host=host-03.example trace_id=trace-behavior-00020122 msg="event_id=behavior-20122 step=3"
ts=1736219683 level=info service=queue-worker host=host-03.example trace_id=trace-behavior-00020125 msg="event_id=behavior-20125 step=6"
ts=1736220094 level=info service=queue-worker host=host-03.example trace_id=trace-behavior-00020142 msg="event_id=behavior-20142 step=1"
ts=1736220288 level=info service=queue-worker host=host-03.example trace_id=trace-behavior-00020150 msg="event_id=behavior-20150 step=9"
ts=1736220409 level=info service=queue-worker host=host-03.example trace_id=trace-behavior-00020155 msg="event_id=behavior-20155 step=3"
ts=1736220433 level=info service=queue-worker host=host-03.example trace_id=trace-behavior-00020156 msg="event_id=behavior-20156 step=4"
ts=1736220457 level=info service=queue-worker host=host-03.example trace_id=trace-behavior-00020157 msg="event_id=behavior-20157 step=5"
ts=1736220627 level=info service=queue-worker host=host-03.example trace_id=trace-behavior-00020164 msg="event_id=behavior-20164 step=1"
ts=1736220675 level=info service=queue-worker host=host-03.example trace_id=trace-behavior-00020166 msg="event_id=behavior-20166 step=3"
ts=1736220747 level=info service=queue-worker host=host-03.example trace_id=trace-behavior-00020169 msg="event_id=behavior-20169 step=6"
ts=1736220941 level=info service=queue-worker host=host-03.example trace_id=trace-behavior-00020177 msg="event_id=behavior-20177 step=3"
ts=1736221159 level=info service=queue-worker host=host-03.example trace_id=trace-behavior-00020186 msg="event_id=behavior-20186 step=1"
ts=1736221280 level=info service=queue-worker host=host-03.example trace_id=trace-behavior-00020191 msg="event_id=behavior-20191 step=6"
ts=1736221304 level=info service=queue-worker host=host-03.example trace_id=trace-behavior-00020192 msg="event_id=behavior-20192 step=7"
ts=1736221473 level=info service=queue-worker host=host-03.example trace_id=trace-behavior-00020199 msg="event_id=behavior-20199 step=3"
ts=1736221643 level=info service=queue-worker host=host-03.example trace_id=trace-behavior-00020206 msg="event_id=behavior-20206 step=10"
ts=1736221933 level=info service=queue-worker host=host-03.example trace_id=trace-behavior-00020218 msg="event_id=behavior-20218 step=0"
ts=1736222296 level=info service=queue-worker host=host-03.example trace_id=trace-behavior-00020233 msg="event_id=behavior-20233 step=4"
ts=1736222393 level=info service=queue-worker host=host-03.example trace_id=trace-behavior-00020237 msg="event_id=behavior-20237 step=8"
ts=1736222465 level=info service=queue-worker host=host-03.example trace_id=trace-behavior-00020240 msg="event_id=behavior-20240 step=0"
ts=1736222828 level=info service=queue-worker host=host-03.example trace_id=trace-behavior-00020255 msg="event_id=behavior-20255 step=4"
ts=1736222876 level=info service=queue-worker host=host-03.example trace_id=trace-behavior-00020257 msg="event_id=behavior-20257 step=6"
ts=1736223046 level=info service=queue-worker host=host-03.example trace_id=trace-behavior-00020264 msg="event_id=behavior-20264 step=2"
ts=1736223336 level=info service=queue-worker host=host-03.example trace_id=trace-behavior-00020276 msg="event_id=behavior-20276 step=3"
ts=1736223530 level=info service=queue-worker host=host-03.example trace_id=trace-behavior-00020284 msg="event_id=behavior-20284 step=0"
ts=1736223578 level=info service=queue-worker host=host-03.example trace_id=trace-behavior-00020286 msg="event_id=behavior-20286 step=2"
ts=1736224014 level=info service=queue-worker host=host-03.example trace_id=trace-behavior-00020304 msg="event_id=behavior-20304 step=9"
ts=1736224183 level=info service=queue-worker host=host-03.example trace_id=trace-behavior-00020311 msg="event_id=behavior-20311 step=5"
ts=1736224425 level=info service=queue-worker host=host-03.example trace_id=trace-behavior-00020321 msg="event_id=behavior-20321 step=4"
ts=1736224449 level=info service=queue-worker host=host-03.example trace_id=trace-behavior-00020322 msg="event_id=behavior-20322 step=5"
ts=1736224473 level=info service=queue-worker host=host-03.example trace_id=trace-behavior-00020323 msg="event_id=behavior-20323 step=6"
ts=1736224570 level=info service=queue-worker host=host-03.example trace_id=trace-behavior-00020327 msg="event_id=behavior-20327 step=10"
ts=1736224715 level=info service=queue-worker host=host-03.example trace_id=trace-behavior-00020333 msg="event_id=behavior-20333 step=5"
ts=1736224981 level=info service=queue-worker host=host-03.example trace_id=trace-behavior-00020344 msg="event_id=behavior-20344 step=5"
ts=1736225030 level=info service=queue-worker host=host-03.example trace_id=trace-behavior-00020346 msg="event_id=behavior-20346 step=7"
ts=1736225078 level=info service=queue-worker host=host-03.example trace_id=trace-behavior-00020348 msg="event_id=behavior-20348 step=9"
ts=1736225175 level=info service=queue-worker host=host-03.example trace_id=trace-behavior-00020352 msg="event_id=behavior-20352 step=2"
ts=1736225344 level=debug service=queue-worker host=host-03.example trace_id=trace-behavior-00020359 msg="event_id=behavior-20359 step=9"
ts=1736225489 level=info service=queue-worker host=host-03.example trace_id=trace-behavior-00020365 msg="event_id=behavior-20365 step=4"
ts=1736225586 level=info service=queue-worker host=host-03.example trace_id=trace-behavior-00020369 msg="event_id=behavior-20369 step=8"
ts=1736225683 level=info service=queue-worker host=host-03.example trace_id=trace-behavior-00020373 msg="event_id=behavior-20373 step=1"
ts=1736225901 level=info service=queue-worker host=host-03.example trace_id=trace-behavior-00020382 msg="event_id=behavior-20382 step=10"
ts=1736225949 level=info service=queue-worker host=host-03.example trace_id=trace-behavior-00020384 msg="event_id=behavior-20384 step=1"
ts=1736225997 level=info service=queue-worker host=host-03.example trace_id=trace-behavior-00020386 msg="event_id=behavior-20386 step=3"
ts=1736226215 level=info service=queue-worker host=host-03.example trace_id=trace-behavior-00020395 msg="event_id=behavior-20395 step=1"
ts=1736226530 level=debug service=queue-worker host=host-03.example trace_id=trace-behavior-00020408 msg="event_id=behavior-20408 step=3"
ts=1736226602 level=info service=queue-worker host=host-03.example trace_id=trace-behavior-00020411 msg="event_id=behavior-20411 step=6"
ts=1736226651 level=info service=queue-worker host=host-03.example trace_id=trace-behavior-00020413 msg="event_id=behavior-20413 step=8"
ts=1736226723 level=info service=queue-worker host=host-03.example trace_id=trace-behavior-00020416 msg="event_id=behavior-20416 step=0"
ts=1736226868 level=info service=queue-worker host=host-03.example trace_id=trace-behavior-00020422 msg="event_id=behavior-20422 step=6"
ts=1736226892 level=info service=queue-worker host=host-03.example trace_id=trace-behavior-00020423 msg="event_id=behavior-20423 step=7"
ts=1736226989 level=info service=queue-worker host=host-03.example trace_id=trace-behavior-00020427 msg="event_id=behavior-20427 step=0"
ts=1736227038 level=info service=queue-worker host=host-03.example trace_id=trace-behavior-00020429 msg="event_id=behavior-20429 step=2"
ts=1736227062 level=info service=queue-worker host=host-03.example trace_id=trace-behavior-00020430 msg="event_id=behavior-20430 step=3"
ts=1736227473 level=info service=queue-worker host=host-03.example trace_id=trace-behavior-00020447 msg="event_id=behavior-20447 step=9"
ts=1736227667 level=info service=queue-worker host=host-03.example trace_id=trace-behavior-00020455 msg="event_id=behavior-20455 step=6"
ts=1736227691 level=info service=queue-worker host=host-03.example trace_id=trace-behavior-00020456 msg="event_id=behavior-20456 step=7"
ts=1736227715 level=info service=queue-worker host=host-03.example trace_id=trace-behavior-00020457 msg="event_id=behavior-20457 step=8"
ts=1736227788 level=info service=queue-worker host=host-03.example trace_id=trace-behavior-00020460 msg="event_id=behavior-20460 step=0"
ts=1736227957 level=error service=queue-worker host=host-03.example trace_id=trace-behavior-00020467 msg="event_id=behavior-20467 step=7"
ts=1736228223 level=info service=queue-worker host=host-03.example trace_id=trace-behavior-00020478 msg="event_id=behavior-20478 step=7"
ts=1736228344 level=info service=queue-worker host=host-03.example trace_id=trace-behavior-00020483 msg="event_id=behavior-20483 step=1"
ts=1736228368 level=info service=queue-worker host=host-03.example trace_id=trace-behavior-00020484 msg="event_id=behavior-20484 step=2"
ts=1736228441 level=info service=queue-worker host=host-03.example trace_id=trace-behavior-00020487 msg="event_id=behavior-20487 step=5"
ts=1736228465 level=info service=queue-worker host=host-03.example trace_id=trace-behavior-00020488 msg="event_id=behavior-20488 step=6"
ts=1736228538 level=info service=queue-worker host=host-03.example trace_id=trace-behavior-00020491 msg="event_id=behavior-20491 step=9"
ts=1736228731 level=info service=queue-worker host=host-03.example trace_id=trace-behavior-00020499 msg="event_id=behavior-20499 step=6"
ts=1736228852 level=info service=queue-worker host=host-03.example trace_id=trace-behavior-00020504 msg="event_id=behavior-20504 step=0"
ts=1736228876 level=info service=queue-worker host=host-03.example trace_id=trace-behavior-00020505 msg="event_id=behavior-20505 step=1"
ts=1736228997 level=info service=queue-worker host=host-03.example trace_id=trace-behavior-00020510 msg="event_id=behavior-20510 step=6"
ts=1736229239 level=info service=queue-worker host=host-03.example trace_id=trace-behavior-00020520 msg="event_id=behavior-20520 step=5"
ts=1736229505 level=info service=queue-worker host=host-03.example trace_id=trace-behavior-00020531 msg="event_id=behavior-20531 step=5"
ts=1736229530 level=info service=queue-worker host=host-03.example trace_id=trace-behavior-00020532 msg="event_id=behavior-20532 step=6"
ts=1736229747 level=info service=queue-worker host=host-03.example trace_id=trace-behavior-00020541 msg="event_id=behavior-20541 step=4"
ts=1736229820 level=info service=queue-worker host=host-03.example trace_id=trace-behavior-00020544 msg="event_id=behavior-20544 step=7"
ts=1736229941 level=info service=queue-worker host=host-03.example trace_id=trace-behavior-00020549 msg="event_id=behavior-20549 step=1"
ts=1736230062 level=info service=queue-worker host=host-03.example trace_id=trace-behavior-00020554 msg="event_id=behavior-20554 step=6"
ts=1736230159 level=info service=queue-worker host=host-03.example trace_id=trace-behavior-00020558 msg="event_id=behavior-20558 step=10"
ts=1736230255 level=info service=queue-worker host=host-03.example trace_id=trace-behavior-00020562 msg="event_id=behavior-20562 step=3"
ts=1736230400 level=info service=queue-worker host=host-03.example trace_id=trace-behavior-00020568 msg="event_id=behavior-20568 step=9"
ts=1736230473 level=info service=queue-worker host=host-03.example trace_id=trace-behavior-00020571 msg="event_id=behavior-20571 step=1"
ts=1736230546 level=info service=queue-worker host=host-03.example trace_id=trace-behavior-00020574 msg="event_id=behavior-20574 step=4"
ts=1736230570 level=info service=queue-worker host=host-03.example trace_id=trace-behavior-00020575 msg="event_id=behavior-20575 step=5"
ts=1736230667 level=info service=queue-worker host=host-03.example trace_id=trace-behavior-00020579 msg="event_id=behavior-20579 step=9"
ts=1736230691 level=info service=queue-worker host=host-03.example trace_id=trace-behavior-00020580 msg="event_id=behavior-20580 step=10"
ts=1736230763 level=info service=queue-worker host=host-03.example trace_id=trace-behavior-00020583 msg="event_id=behavior-20583 step=2"
ts=1736230957 level=info service=queue-worker host=host-03.example trace_id=trace-behavior-00020591 msg="event_id=behavior-20591 step=10"
ts=1736231005 level=info service=queue-worker host=host-03.example trace_id=trace-behavior-00020593 msg="event_id=behavior-20593 step=1"
ts=1736231126 level=info service=queue-worker host=host-03.example trace_id=trace-behavior-00020598 msg="event_id=behavior-20598 step=6"
ts=1736231175 level=info service=queue-worker host=host-03.example trace_id=trace-behavior-00020600 msg="event_id=behavior-20600 LONG_JSON_SENTINEL payload=xxxxxxxxxxxxxxxxxxxxxxxxxxxxxxxxxxxxxxxxxxxxxxxxxxxxxxxxxxxxxxxxxxxxxxxxxxxxxxxxxxxxxxxxxxxxxxxxxxxxxxxxxxxxxxxxxxxxxxxxxxxxxxxxxxxxxxxxxxxxxxxxxxxxxxxxxxxxxxxxxxxxxxxxxxxxxxxxxxxxxxxxxxxxxxxxxxxxxxxxxxxxxxxxxxxxxxxxxxxxxxxxxxxxxxxxxxxxxxxxxxxxxxxxxxxxxxxxxxxxxxxxxxxxxxxxxxxxxxxxxxxxxxxxxxxxxxxxxxxxxxxxxxxxxxxxxxxxxxxxxxxxxxxxxxxxxxxxxxxxxxxxxxxxxxxxxxxxxxxxxxxxxxxxxxxxxxxxxxxxxxxxxxxxxxxxxxxxxxxx"
ts=1736231199 level=info service=queue-worker host=host-03.example trace_id=trace-behavior-00020601 msg="event_id=behavior-20601 STACK_TRACE_SENTINEL failure in handler\n    at lab_module_handler(file=example_rs line=41)\n    at lab_module_dispatch(file=example_rs line=11)\nCaused by: simulated timeout after 901ms"
ts=1736231368 level=info service=queue-worker host=host-03.example trace_id=trace-behavior-00020608 msg="event_id=behavior-20608 step=5"
ts=1736231417 level=info service=queue-worker host=host-03.example trace_id=trace-behavior-00020610 msg="event_id=behavior-20610 step=7"
ts=1736231465 level=info service=queue-worker host=host-03.example trace_id=trace-behavior-00020612 msg="event_id=behavior-20612 step=9"
ts=1736231513 level=info service=queue-worker host=host-03.example trace_id=trace-behavior-00020614 msg="event_id=behavior-20614 step=0"
ts=1736231538 level=info service=queue-worker host=host-03.example trace_id=trace-behavior-00020615 msg="event_id=behavior-20615 step=1"
ts=1736231562 level=info service=queue-worker host=host-03.example trace_id=trace-behavior-00020616 msg="event_id=behavior-20616 step=2"
ts=1736231634 level=info service=queue-worker host=host-03.example trace_id=trace-behavior-00020619 msg="event_id=behavior-20619 step=5"
ts=1736231707 level=info service=queue-worker host=host-03.example trace_id=trace-behavior-00020622 msg="event_id=behavior-20622 step=8"
ts=1736232215 level=info service=queue-worker host=host-03.example trace_id=trace-behavior-00020643 msg="event_id=behavior-20643 step=7"
ts=1736232288 level=info service=queue-worker host=host-03.example trace_id=trace-behavior-00020646 msg="event_id=behavior-20646 step=10"
ts=1736232336 level=info service=queue-worker host=host-03.example trace_id=trace-behavior-00020648 msg="event_id=behavior-20648 step=1"
ts=1736232505 level=info service=queue-worker host=host-03.example trace_id=trace-behavior-00020655 msg="event_id=behavior-20655 step=8"
ts=1736232529 level=info service=queue-worker host=host-03.example trace_id=trace-behavior-00020656 msg="event_id=behavior-20656 step=9"
ts=1736232650 level=warn service=queue-worker host=host-03.example trace_id=trace-behavior-00020661 msg="event_id=behavior-20661 step=3"
ts=1736232747 level=info service=queue-worker host=host-03.example trace_id=trace-behavior-00020665 msg="event_id=behavior-20665 step=7"
ts=1736232771 level=info service=queue-worker host=host-03.example trace_id=trace-behavior-00020666 msg="event_id=behavior-20666 step=8"
ts=1736233183 level=info service=queue-worker host=host-03.example trace_id=trace-behavior-00020683 msg="event_id=behavior-20683 step=3"
ts=1736233400 level=info service=queue-worker host=host-03.example trace_id=trace-behavior-00020692 msg="event_id=behavior-20692 step=1"
ts=1736233691 level=info service=queue-worker host=host-03.example trace_id=trace-behavior-00020704 msg="event_id=behavior-20704 step=2"
ts=1736233908 level=info service=queue-worker host=host-03.example trace_id=trace-behavior-00020713 msg="event_id=behavior-20713 step=0"
ts=1736233933 level=info service=queue-worker host=host-03.example trace_id=trace-behavior-00020714 msg="event_id=behavior-20714 step=1"
ts=1736234005 level=info service=queue-worker host=host-03.example trace_id=trace-behavior-00020717 msg="event_id=behavior-20717 step=4"
ts=1736234755 level=info service=queue-worker host=host-03.example trace_id=trace-behavior-00020748 msg="event_id=behavior-20748 step=2"
ts=1736234925 level=info service=queue-worker host=host-03.example trace_id=trace-behavior-00020755 msg="event_id=behavior-20755 step=9"
ts=1736234973 level=info service=queue-worker host=host-03.example trace_id=trace-behavior-00020757 msg="event_id=behavior-20757 step=0"
ts=1736235070 level=info service=queue-worker host=host-03.example trace_id=trace-behavior-00020761 msg="event_id=behavior-20761 step=4"
ts=1736235118 level=info service=queue-worker host=host-03.example trace_id=trace-behavior-00020763 msg="event_id=behavior-20763 step=6"
ts=1736235166 level=info service=queue-worker host=host-03.example trace_id=trace-behavior-00020765 msg="event_id=behavior-20765 step=8"
ts=1736235191 level=info service=queue-worker host=host-03.example trace_id=trace-behavior-00020766 msg="event_id=behavior-20766 step=9"
ts=1736235408 level=info service=queue-worker host=host-03.example trace_id=trace-behavior-00020775 msg="event_id=behavior-20775 step=7"
ts=1736235602 level=info service=queue-worker host=host-03.example trace_id=trace-behavior-00020783 msg="event_id=behavior-20783 step=4"
ts=1736235626 level=info service=queue-worker host=host-03.example trace_id=trace-behavior-00020784 msg="event_id=behavior-20784 step=5"
ts=1736235747 level=info service=queue-worker host=host-03.example trace_id=trace-behavior-00020789 msg="event_id=behavior-20789 step=10"
ts=1736235916 level=info service=queue-worker host=host-03.example trace_id=trace-behavior-00020796 msg="event_id=behavior-20796 step=6"
ts=1736235965 level=info service=queue-worker host=host-03.example trace_id=trace-behavior-00020798 msg="event_id=behavior-20798 step=8"
ts=1736236013 level=info service=queue-worker host=host-03.example trace_id=trace-behavior-00020800 msg="event_id=behavior-20800 LONG_JSON_SENTINEL payload=xxxxxxxxxxxxxxxxxxxxxxxxxxxxxxxxxxxxxxxxxxxxxxxxxxxxxxxxxxxxxxxxxxxxxxxxxxxxxxxxxxxxxxxxxxxxxxxxxxxxxxxxxxxxxxxxxxxxxxxxxxxxxxxxxxxxxxxxxxxxxxxxxxxxxxxxxxxxxxxxxxxxxxxxxxxxxxxxxxxxxxxxxxxxxxxxxxxxxxxxxxxxxxxxxxxxxxxxxxxxxxxxxxxxxxxxxxxxxxxxxxxxxxxxxxxxxxxxxxxxxxxxxxxxxxxxxxxxxxxxxxxxxxxxxxxxxxxxxxxxxxxxxxxxxxxxxxxxxxxxxxxxxxxxxxxxxxxxxxxxxxxxxxxxxxxxxxxxxxxxxxxxxxxxxxxxxxxxxxxxxxxxxxxxxxxxxxxxxxxx"
ts=1736236110 level=info service=queue-worker host=host-03.example trace_id=trace-behavior-00020804 msg="event_id=behavior-20804 step=3"
ts=1736236158 level=info service=queue-worker host=host-03.example trace_id=trace-behavior-00020806 msg="event_id=behavior-20806 step=5"
ts=1736236328 level=info service=queue-worker host=host-03.example trace_id=trace-behavior-00020813 msg="event_id=behavior-20813 step=1"
ts=1736236400 level=info service=queue-worker host=host-03.example trace_id=trace-behavior-00020816 msg="event_id=behavior-20816 step=4"
ts=1736236497 level=info service=queue-worker host=host-03.example trace_id=trace-behavior-00020820 msg="event_id=behavior-20820 step=8"
ts=1736236691 level=info service=queue-worker host=host-03.example trace_id=trace-behavior-00020828 msg="event_id=behavior-20828 step=5"
ts=1736236836 level=info service=queue-worker host=host-03.example trace_id=trace-behavior-00020834 msg="event_id=behavior-20834 step=0"
ts=1736236908 level=info service=queue-worker host=host-03.example trace_id=trace-behavior-00020837 msg="event_id=behavior-20837 step=3"
ts=1736236981 level=info service=queue-worker host=host-03.example trace_id=trace-behavior-00020840 msg="event_id=behavior-20840 step=6"
ts=1736237005 level=info service=queue-worker host=host-03.example trace_id=trace-behavior-00020841 msg="event_id=behavior-20841 step=7"
ts=1736237562 level=info service=queue-worker host=host-03.example trace_id=trace-behavior-00020864 msg="event_id=behavior-20864 step=8"
ts=1736237586 level=info service=queue-worker host=host-03.example trace_id=trace-behavior-00020865 msg="event_id=behavior-20865 step=9"
ts=1736237731 level=info service=queue-worker host=host-03.example trace_id=trace-behavior-00020871 msg="event_id=behavior-20871 step=4"
ts=1736237876 level=info service=queue-worker host=host-03.example trace_id=trace-behavior-00020877 msg="event_id=behavior-20877 step=10"
ts=1736237924 level=info service=queue-worker host=host-03.example trace_id=trace-behavior-00020879 msg="event_id=behavior-20879 step=1"
ts=1736238166 level=error service=queue-worker host=host-03.example trace_id=trace-behavior-00020889 msg="event_id=behavior-20889 step=0"
ts=1736238287 level=info service=queue-worker host=host-03.example trace_id=trace-behavior-00020894 msg="event_id=behavior-20894 step=5"
ts=1736238312 level=info service=queue-worker host=host-03.example trace_id=trace-behavior-00020895 msg="event_id=behavior-20895 step=6"
ts=1736238433 level=info service=queue-worker host=host-03.example trace_id=trace-behavior-00020900 msg="event_id=behavior-20900 LONG_JSON_SENTINEL payload=xxxxxxxxxxxxxxxxxxxxxxxxxxxxxxxxxxxxxxxxxxxxxxxxxxxxxxxxxxxxxxxxxxxxxxxxxxxxxxxxxxxxxxxxxxxxxxxxxxxxxxxxxxxxxxxxxxxxxxxxxxxxxxxxxxxxxxxxxxxxxxxxxxxxxxxxxxxxxxxxxxxxxxxxxxxxxxxxxxxxxxxxxxxxxxxxxxxxxxxxxxxxxxxxxxxxxxxxxxxxxxxxxxxxxxxxxxxxxxxxxxxxxxxxxxxxxxxxxxxxxxxxxxxxxxxxxxxxxxxxxxxxxxxxxxxxxxxxxxxxxxxxxxxxxxxxxxxxxxxxxxxxxxxxxxxxxxxxxxxxxxxxxxxxxxxxxxxxxxxxxxxxxxxxxxxxxxxxxxxxxxxxxxxxxxxxxxxxxxxxxxxxxxxxxxxxxxxxxxxxxxxxxxxxxxxxxxxxxxxxxxxxxxxxxxxxxxxxxxxxxxxxxxxxxxxxxxxxxxxxxxxxxxxxxxxxxxxxxxxx"
ts=1736238578 level=info service=queue-worker host=host-03.example trace_id=trace-behavior-00020906 msg="event_id=behavior-20906 step=6"
ts=1736238602 level=info service=queue-worker host=host-03.example trace_id=trace-behavior-00020907 msg="event_id=behavior-20907 step=7"
ts=1736238626 level=info service=queue-worker host=host-03.example trace_id=trace-behavior-00020908 msg="event_id=behavior-20908 step=8"
ts=1736238699 level=info service=queue-worker host=host-03.example trace_id=trace-behavior-00020911 msg="event_id=behavior-20911 step=0"
ts=1736238795 level=info service=queue-worker host=host-03.example trace_id=trace-behavior-00020915 msg="event_id=behavior-20915 step=4"
ts=1736238820 level=info service=queue-worker host=host-03.example trace_id=trace-behavior-00020916 msg="event_id=behavior-20916 step=5"
ts=1736238916 level=info service=queue-worker host=host-03.example trace_id=trace-behavior-00020920 msg="event_id=behavior-20920 step=9"
ts=1736239086 level=info service=queue-worker host=host-03.example trace_id=trace-behavior-00020927 msg="event_id=behavior-20927 step=5"
ts=1736239158 level=info service=queue-worker host=host-03.example trace_id=trace-behavior-00020930 msg="event_id=behavior-20930 step=8"
ts=1736239183 level=info service=queue-worker host=host-03.example trace_id=trace-behavior-00020931 msg="event_id=behavior-20931 step=9"
ts=1736239207 level=info service=queue-worker host=host-03.example trace_id=trace-behavior-00020932 msg="event_id=behavior-20932 step=10"
ts=1736239231 level=info service=queue-worker host=host-03.example trace_id=trace-behavior-00020933 msg="event_id=behavior-20933 step=0"
ts=1736239303 level=info service=queue-worker host=host-03.example trace_id=trace-behavior-00020936 msg="event_id=behavior-20936 step=3"
ts=1736239352 level=debug service=queue-worker host=host-03.example trace_id=trace-behavior-00020938 msg="event_id=behavior-20938 step=5"
ts=1736239376 level=info service=queue-worker host=host-03.example trace_id=trace-behavior-00020939 msg="event_id=behavior-20939 step=6"
ts=1736239739 level=info service=queue-worker host=host-03.example trace_id=trace-behavior-00020954 msg="event_id=behavior-20954 step=10"
ts=1736239787 level=info service=queue-worker host=host-03.example trace_id=trace-behavior-00020956 msg="event_id=behavior-20956 step=1"
ts=1736240005 level=info service=queue-worker host=host-03.example trace_id=trace-behavior-00020965 msg="event_id=behavior-20965 step=10"
ts=1736240174 level=info service=queue-worker host=host-03.example trace_id=trace-behavior-00020972 msg="event_id=behavior-20972 step=6"
ts=1736240344 level=info service=queue-worker host=host-03.example trace_id=trace-behavior-00020979 msg="event_id=behavior-20979 STACK_TRACE_SENTINEL failure in handler marker=STACK_TRACE_SENTINEL\n    at lab_module_handler(file=example_rs line=59)\n    at lab_module_dispatch(file=example_rs line=14)\nCaused by: simulated timeout after 379ms"
ts=1736240368 level=info service=queue-worker host=host-03.example trace_id=trace-behavior-00020980 msg="event_id=behavior-20980 step=3"
ts=1736240537 level=info service=queue-worker host=host-03.example trace_id=trace-behavior-00020987 msg="event_id=behavior-20987 step=10"
ts=1736240682 level=info service=queue-worker host=host-03.example trace_id=trace-behavior-00020993 msg="event_id=behavior-20993 step=5"
ts=1736240828 level=info service=queue-worker host=host-03.example trace_id=trace-behavior-00020999 msg="event_id=behavior-20999 step=0"
ts=1736240852 level=info service=queue-worker host=host-03.example trace_id=trace-behavior-00021000 msg="event_id=behavior-21000 STACK_TRACE_SENTINEL failure in handler\n    at lab_module_handler(file=example_rs line=40)\n    at lab_module_dispatch(file=example_rs line=10)\nCaused by: simulated timeout after 400ms"
ts=1736240949 level=info service=queue-worker host=host-03.example trace_id=trace-behavior-00021004 msg="event_id=behavior-21004 step=5"
ts=1736240997 level=info service=queue-worker host=host-03.example trace_id=trace-behavior-00021006 msg="event_id=behavior-21006 step=7"
ts=1736241045 level=info service=queue-worker host=host-03.example trace_id=trace-behavior-00021008 msg="event_id=behavior-21008 step=9"
ts=1736241215 level=info service=queue-worker host=host-03.example trace_id=trace-behavior-00021015 msg="event_id=behavior-21015 step=5"
ts=1736241287 level=info service=queue-worker host=host-03.example trace_id=trace-behavior-00021018 msg="event_id=behavior-21018 step=8"
ts=1736241336 level=info service=queue-worker host=host-03.example trace_id=trace-behavior-00021020 msg="event_id=behavior-21020 step=10"
ts=1736241481 level=info service=queue-worker host=host-03.example trace_id=trace-behavior-00021026 msg="event_id=behavior-21026 step=5"
ts=1736241505 level=info service=queue-worker host=host-03.example trace_id=trace-behavior-00021027 msg="event_id=behavior-21027 step=6"
ts=1736241602 level=info service=queue-worker host=host-03.example trace_id=trace-behavior-00021031 msg="event_id=behavior-21031 step=10"
ts=1736241771 level=info service=queue-worker host=host-03.example trace_id=trace-behavior-00021038 msg="event_id=behavior-21038 step=6"
ts=1736241892 level=info service=queue-worker host=host-03.example trace_id=trace-behavior-00021043 msg="event_id=behavior-21043 step=0"
ts=1736242061 level=info service=queue-worker host=host-03.example trace_id=trace-behavior-00021050 msg="event_id=behavior-21050 step=7"
ts=1736242255 level=info service=queue-worker host=host-03.example trace_id=trace-behavior-00021058 msg="event_id=behavior-21058 step=4"
ts=1736242279 level=info service=queue-worker host=host-03.example trace_id=trace-behavior-00021059 msg="event_id=behavior-21059 step=5"
ts=1736242424 level=info service=queue-worker host=host-03.example trace_id=trace-behavior-00021065 msg="event_id=behavior-21065 step=0"
ts=1736243005 level=info service=queue-worker host=host-03.example trace_id=trace-behavior-00021089 msg="event_id=behavior-21089 step=2"
ts=1736243150 level=info service=queue-worker host=host-03.example trace_id=trace-behavior-00021095 msg="event_id=behavior-21095 step=8"
ts=1736243199 level=info service=queue-worker host=host-03.example trace_id=trace-behavior-00021097 msg="event_id=behavior-21097 step=10"
ts=1736243247 level=info service=queue-worker host=host-03.example trace_id=trace-behavior-00021099 msg="event_id=behavior-21099 step=1"
ts=1736243344 level=info service=queue-worker host=host-03.example trace_id=trace-behavior-00021103 msg="event_id=behavior-21103 LONG_JSON_SENTINEL payload=xxxxxxxxxxxxxxxxxxxxxxxxxxxxxxxxxxxxxxxxxxxxxxxxxxxxxxxxxxxxxxxxxxxxxxxxxxxxxxxxxxxxxxxxxxxxxxxxxxxxxxxxxxxxxxxxxxxxxxxxxxxxxxxxxxxxxxxxxxxxxxxxxxxxxxxxxxxxxxxxxxxxxxxxxxxxxxxxxxxxxxxxxxxxxxxxxxxxxxxxxxxxxxxxxxxxxxxxxxxxxxxxxxxxxxxxxxxxxxxxxxxxxxxxxxxxxxxxxxxxxxxxxxxxxxxxxxxxxxxxxxxxxxxxxxxxxxxxxxxxxxxxxxxxxxxxxxxxxxxxxxxxxxxxxxxxxxxxxxxxxxxxxxxxxxxxxxxxxxxxxxxxxxxxxxxxxxxxxxxxxxxxxxxxxxxxxxxxxxxxxxxxxxxxxxxxxxxxxxxxxxxxxxxxxxxxxxxxxxxxxxxxxxxxxxxxxxxxxxxxxxxxxxxxxxxxxxxxxxxxxxxxxxxxxxxxxxxxxxxxxxx"
ts=1736243513 level=info service=queue-worker host=host-03.example trace_id=trace-behavior-00021110 msg="event_id=behavior-21110 step=1"
ts=1736243561 level=info service=queue-worker host=host-03.example trace_id=trace-behavior-00021112 msg="event_id=behavior-21112 step=3"
ts=1736243682 level=info service=queue-worker host=host-03.example trace_id=trace-behavior-00021117 msg="event_id=behavior-21117 step=8"
ts=1736243707 level=info service=queue-worker host=host-03.example trace_id=trace-behavior-00021118 msg="event_id=behavior-21118 step=9"
ts=1736243900 level=info service=queue-worker host=host-03.example trace_id=trace-behavior-00021126 msg="event_id=behavior-21126 step=6"
ts=1736243973 level=info service=queue-worker host=host-03.example trace_id=trace-behavior-00021129 msg="event_id=behavior-21129 step=9"
ts=1736244021 level=info service=queue-worker host=host-03.example trace_id=trace-behavior-00021131 msg="event_id=behavior-21131 step=0"
ts=1736244045 level=info service=queue-worker host=host-03.example trace_id=trace-behavior-00021132 msg="event_id=behavior-21132 step=1"
ts=1736244336 level=info service=queue-worker host=host-03.example trace_id=trace-behavior-00021144 msg="event_id=behavior-21144 step=2"
ts=1736244408 level=info service=queue-worker host=host-03.example trace_id=trace-behavior-00021147 msg="event_id=behavior-21147 step=5"
ts=1736244553 level=info service=queue-worker host=host-03.example trace_id=trace-behavior-00021153 msg="event_id=behavior-21153 step=0"
ts=1736244699 level=info service=queue-worker host=host-03.example trace_id=trace-behavior-00021159 msg="event_id=behavior-21159 step=6"
ts=1736244723 level=info service=queue-worker host=host-03.example trace_id=trace-behavior-00021160 msg="event_id=behavior-21160 step=7"
ts=1736244819 level=info service=queue-worker host=host-03.example trace_id=trace-behavior-00021164 msg="event_id=behavior-21164 step=0"
ts=1736244892 level=info service=queue-worker host=host-03.example trace_id=trace-behavior-00021167 msg="event_id=behavior-21167 step=3"
ts=1736244916 level=info service=queue-worker host=host-03.example trace_id=trace-behavior-00021168 msg="event_id=behavior-21168 step=4"
ts=1736245086 level=info service=queue-worker host=host-03.example trace_id=trace-behavior-00021175 msg="event_id=behavior-21175 step=0"
ts=1736245231 level=info service=queue-worker host=host-03.example trace_id=trace-behavior-00021181 msg="event_id=behavior-21181 step=6"
ts=1736245448 level=info service=queue-worker host=host-03.example trace_id=trace-behavior-00021190 msg="event_id=behavior-21190 step=4"
ts=1736245473 level=info service=queue-worker host=host-03.example trace_id=trace-behavior-00021191 msg="event_id=behavior-21191 step=5"
ts=1736245981 level=info service=queue-worker host=host-03.example trace_id=trace-behavior-00021212 msg="event_id=behavior-21212 step=4"
ts=1736246078 level=info service=queue-worker host=host-03.example trace_id=trace-behavior-00021216 msg="event_id=behavior-21216 step=8"
ts=1736246102 level=info service=queue-worker host=host-03.example trace_id=trace-behavior-00021217 msg="event_id=behavior-21217 step=9"
ts=1736246198 level=info service=queue-worker host=host-03.example trace_id=trace-behavior-00021221 msg="event_id=behavior-21221 step=2"
ts=1736246223 level=info service=queue-worker host=host-03.example trace_id=trace-behavior-00021222 msg="event_id=behavior-21222 step=3"
ts=1736246658 level=info service=queue-worker host=host-03.example trace_id=trace-behavior-00021240 msg="event_id=behavior-21240 step=10"
ts=1736246755 level=info service=queue-worker host=host-03.example trace_id=trace-behavior-00021244 msg="event_id=behavior-21244 step=3"
ts=1736246827 level=info service=queue-worker host=host-03.example trace_id=trace-behavior-00021247 msg="event_id=behavior-21247 step=6"
ts=1736246900 level=info service=queue-worker host=host-03.example trace_id=trace-behavior-00021250 msg="event_id=behavior-21250 step=9"
ts=1736246973 level=info service=queue-worker host=host-03.example trace_id=trace-behavior-00021253 msg="event_id=behavior-21253 step=1"
ts=1736247069 level=info service=queue-worker host=host-03.example trace_id=trace-behavior-00021257 msg="event_id=behavior-21257 step=5"
ts=1736247166 level=info service=queue-worker host=host-03.example trace_id=trace-behavior-00021261 msg="event_id=behavior-21261 step=9"
ts=1736247215 level=info service=queue-worker host=host-03.example trace_id=trace-behavior-00021263 msg="event_id=behavior-21263 step=0"
ts=1736247239 level=info service=queue-worker host=host-03.example trace_id=trace-behavior-00021264 msg="event_id=behavior-21264 step=1"
ts=1736247336 level=info service=queue-worker host=host-03.example trace_id=trace-behavior-00021268 msg="event_id=behavior-21268 step=5"
ts=1736247384 level=info service=queue-worker host=host-03.example trace_id=trace-behavior-00021270 msg="event_id=behavior-21270 step=7"
ts=1736247408 level=info service=queue-worker host=host-03.example trace_id=trace-behavior-00021271 msg="event_id=behavior-21271 step=8"
ts=1736247505 level=info service=queue-worker host=host-03.example trace_id=trace-behavior-00021275 msg="event_id=behavior-21275 step=1"
ts=1736247577 level=info service=queue-worker host=host-03.example trace_id=trace-behavior-00021278 msg="event_id=behavior-21278 step=4"
ts=1736247965 level=info service=queue-worker host=host-03.example trace_id=trace-behavior-00021294 msg="event_id=behavior-21294 step=9"
ts=1736248134 level=info service=queue-worker host=host-03.example trace_id=trace-behavior-00021301 msg="event_id=behavior-21301 LONG_JSON_SENTINEL payload=xxxxxxxxxxxxxxxxxxxxxxxxxxxxxxxxxxxxxxxxxxxxxxxxxxxxxxxxxxxxxxxxxxxxxxxxxxxxxxxxxxxxxxxxxxxxxxxxxxxxxxxxxxxxxxxxxxxxxxxxxxxxxxxxxxxxxxxxxxxxxxxxxxxxxxxxxxxxxxxxxxxxxxxxxxxxxxxxxxxxxxxxxxxxxxxxxxxxxxxxxxxxxxxxxxxxxxxxxxxxxxxxxxxxxxxxxxxxxxxxxxxxxxxxxxxxxxxxxxxxxxxxxxxxxxxxxxxxxxxxxxxxxxxxxxxxxxxxxxxxxxxxxxxxxxxxxxxxxxxxxxxxxxxxxxxxxxxxxxxxxxxxxxxxxxxxxxxxxxxxxxxxxxxxxxxxxxxxxxxxxxxxxxxxxxxxxxxxxxxxxxxxxxxxxxxxxxxxxxxxxxxxxxxxxxxxxxxxxxxxxxxxxxxxxxxxxxxxxxxxxxxxxxxxxxxxxxxxxxxxxxxxxxxxxxxxxxxxxxxxx"
ts=1736248376 level=error service=queue-worker host=host-03.example trace_id=trace-behavior-00021311 msg="event_id=behavior-21311 step=4"
ts=1736248545 level=info service=queue-worker host=host-03.example trace_id=trace-behavior-00021318 msg="event_id=behavior-21318 step=0"
ts=1736248666 level=info service=queue-worker host=host-03.example trace_id=trace-behavior-00021323 msg="event_id=behavior-21323 step=5"
ts=1736249174 level=info service=queue-worker host=host-03.example trace_id=trace-behavior-00021344 msg="event_id=behavior-21344 step=4"
ts=1736249198 level=info service=queue-worker host=host-03.example trace_id=trace-behavior-00021345 msg="event_id=behavior-21345 step=5"
ts=1736249271 level=info service=queue-worker host=host-03.example trace_id=trace-behavior-00021348 msg="event_id=behavior-21348 step=8"
ts=1736249319 level=info service=queue-worker host=host-03.example trace_id=trace-behavior-00021350 msg="event_id=behavior-21350 step=10"
ts=1736249706 level=info service=queue-worker host=host-03.example trace_id=trace-behavior-00021366 msg="event_id=behavior-21366 step=4"
ts=1736249900 level=info service=queue-worker host=host-03.example trace_id=trace-behavior-00021374 msg="event_id=behavior-21374 step=1"
ts=1736250481 level=info service=queue-worker host=host-03.example trace_id=trace-behavior-00021398 msg="event_id=behavior-21398 step=3"
ts=1736250723 level=info service=queue-worker host=host-03.example trace_id=trace-behavior-00021408 msg="event_id=behavior-21408 step=2"
ts=1736250819 level=info service=queue-worker host=host-03.example trace_id=trace-behavior-00021412 msg="event_id=behavior-21412 step=6"
ts=1736250868 level=info service=queue-worker host=host-03.example trace_id=trace-behavior-00021414 msg="event_id=behavior-21414 step=8"
ts=1736251158 level=info service=queue-worker host=host-03.example trace_id=trace-behavior-00021426 msg="event_id=behavior-21426 step=9"
ts=1736251255 level=info service=queue-worker host=host-03.example trace_id=trace-behavior-00021430 msg="event_id=behavior-21430 step=2"
ts=1736251424 level=warn service=queue-worker host=host-03.example trace_id=trace-behavior-00021437 msg="event_id=behavior-21437 step=9"
ts=1736251569 level=info service=queue-worker host=host-03.example trace_id=trace-behavior-00021443 msg="event_id=behavior-21443 step=4"
ts=1736251593 level=info service=queue-worker host=host-03.example trace_id=trace-behavior-00021444 msg="event_id=behavior-21444 step=5"
ts=1736251811 level=info service=queue-worker host=host-03.example trace_id=trace-behavior-00021453 msg="event_id=behavior-21453 step=3"
ts=1736251956 level=info service=queue-worker host=host-03.example trace_id=trace-behavior-00021459 msg="event_id=behavior-21459 step=9"
ts=1736252005 level=info service=queue-worker host=host-03.example trace_id=trace-behavior-00021461 msg="event_id=behavior-21461 step=0"
ts=1736252077 level=info service=queue-worker host=host-03.example trace_id=trace-behavior-00021464 msg="event_id=behavior-21464 step=3"
ts=1736252271 level=info service=queue-worker host=host-03.example trace_id=trace-behavior-00021472 msg="event_id=behavior-21472 step=0"
ts=1736252319 level=info service=queue-worker host=host-03.example trace_id=trace-behavior-00021474 msg="event_id=behavior-21474 step=2"
ts=1736252610 level=info service=queue-worker host=host-03.example trace_id=trace-behavior-00021486 msg="event_id=behavior-21486 step=3"
ts=1736252634 level=info service=queue-worker host=host-03.example trace_id=trace-behavior-00021487 msg="event_id=behavior-21487 step=4"
ts=1736252900 level=info service=queue-worker host=host-03.example trace_id=trace-behavior-00021498 msg="event_id=behavior-21498 step=4"
ts=1736252948 level=info service=queue-worker host=host-03.example trace_id=trace-behavior-00021500 msg="event_id=behavior-21500 LONG_JSON_SENTINEL payload=xxxxxxxxxxxxxxxxxxxxxxxxxxxxxxxxxxxxxxxxxxxxxxxxxxxxxxxxxxxxxxxxxxxxxxxxxxxxxxxxxxxxxxxxxxxxxxxxxxxxxxxxxxxxxxxxxxxxxxxxxxxxxxxxxxxxxxxxxxxxxxxxxxxxxxxxxxxxxxxxxxxxxxxxxxxxxxxxxxxxxxxxxxxxxxxxxxxxxxxxxxxxxxxxxxxxxxxxxxxxxxxxxxxxxxxxxxxxxxxxxxxxxxxxxxxxxxxxxxxxxxxxxxxxxxxxxxxxxxxxxxxxxxxxxxxxxxxxxxxxxxxxxxxxxxxxxxxxxxxxxxxxxxxxxxxxxxxxxxxxxxxxxxxxxxxxxxxxxxxxxxxxxxxxxxxxxxxxxxxxxxxxxxxxxxxxxxxxxxxxxxxxxxxxxxxxxxxxxxxxxxxxxxxxxxxxxxxxxxxxxxxxxxxxxxxxxxxxxxxxxxxxxxxxxxxxxxxxxxxxxxxxxxxxxxxxxxxxxxxx"
ts=1736252997 level=info service=queue-worker host=host-03.example trace_id=trace-behavior-00021502 msg="event_id=behavior-21502 LONG_JSON_SENTINEL payload=xxxxxxxxxxxxxxxxxxxxxxxxxxxxxxxxxxxxxxxxxxxxxxxxxxxxxxxxxxxxxxxxxxxxxxxxxxxxxxxxxxxxxxxxxxxxxxxxxxxxxxxxxxxxxxxxxxxxxxxxxxxxxxxxxxxxxxxxxxxxxxxxxxxxxxxxxxxxxxxxxxxxxxxxxxxxxxxxxxxxxxxxxxxxxxxxxxxxxxxxxxxxxxxxxxxxxxxxxxxxxxxxxxxxxxxxxxxxxxxxxxxxxxxxxxxxxxxxxxxxxxxxxxxxxxxxxxxxxxxxxxxxxxxxxxxxxxxxxxxxxxxxxxxxxxxxxxxxxxxxxxxxxxxxxxxxxxxxxxxxxxxxxxxxxxxxxxxxxxxxxxxxxxxxxxxxxxxxxxxxxxxxxxxxxxxxxxxxxxxxxxxxxxxxxxxxxxxxxxxxxxxxxxxxxxxxxxxxxxxxxxxxxxxxxxxxxxxxxxxxxxxxxxxxxxxxxxxxxxxxxxxxxxxxxxxxxxxxxxxxxx"
ts=1736253142 level=info service=queue-worker host=host-03.example trace_id=trace-behavior-00021508 msg="event_id=behavior-21508 step=3"
ts=1736253239 level=info service=queue-worker host=host-03.example trace_id=trace-behavior-00021512 msg="event_id=behavior-21512 step=7"
ts=1736253287 level=info service=queue-worker host=host-03.example trace_id=trace-behavior-00021514 msg="event_id=behavior-21514 step=9"
ts=1736253311 level=info service=queue-worker host=host-03.example trace_id=trace-behavior-00021515 msg="event_id=behavior-21515 step=10"
ts=1736253408 level=info service=queue-worker host=host-03.example trace_id=trace-behavior-00021519 msg="event_id=behavior-21519 step=3"
ts=1736253529 level=info service=queue-worker host=host-03.example trace_id=trace-behavior-00021524 msg="event_id=behavior-21524 step=8"
ts=1736253674 level=info service=queue-worker host=host-03.example trace_id=trace-behavior-00021530 msg="event_id=behavior-21530 step=3"
ts=1736253747 level=info service=queue-worker host=host-03.example trace_id=trace-behavior-00021533 msg="event_id=behavior-21533 step=6"
ts=1736253771 level=warn service=queue-worker host=host-03.example trace_id=trace-behavior-00021534 msg="event_id=behavior-21534 step=7"
ts=1736253819 level=info service=queue-worker host=host-03.example trace_id=trace-behavior-00021536 msg="event_id=behavior-21536 step=9"
ts=1736253868 level=info service=queue-worker host=host-03.example trace_id=trace-behavior-00021538 msg="event_id=behavior-21538 step=0"
ts=1736254037 level=info service=queue-worker host=host-03.example trace_id=trace-behavior-00021545 msg="event_id=behavior-21545 step=7"
ts=1736254085 level=info service=queue-worker host=host-03.example trace_id=trace-behavior-00021547 msg="event_id=behavior-21547 step=9"
ts=1736254110 level=info service=queue-worker host=host-03.example trace_id=trace-behavior-00021548 msg="event_id=behavior-21548 step=10"
ts=1736254206 level=info service=queue-worker host=host-03.example trace_id=trace-behavior-00021552 msg="event_id=behavior-21552 step=3"
ts=1736254255 level=info service=queue-worker host=host-03.example trace_id=trace-behavior-00021554 msg="event_id=behavior-21554 step=5"
ts=1736254690 level=info service=queue-worker host=host-03.example trace_id=trace-behavior-00021572 msg="event_id=behavior-21572 step=1"
ts=1736254956 level=info service=queue-worker host=host-03.example trace_id=trace-behavior-00021583 msg="event_id=behavior-21583 step=1"
ts=1736255319 level=info service=queue-worker host=host-03.example trace_id=trace-behavior-00021598 msg="event_id=behavior-21598 step=5"
ts=1736255343 level=info service=queue-worker host=host-03.example trace_id=trace-behavior-00021599 msg="event_id=behavior-21599 step=6"
ts=1736255561 level=info service=queue-worker host=host-03.example trace_id=trace-behavior-00021608 msg="event_id=behavior-21608 step=4"
ts=1736255634 level=info service=queue-worker host=host-03.example trace_id=trace-behavior-00021611 msg="event_id=behavior-21611 step=7"
ts=1736255706 level=info service=queue-worker host=host-03.example trace_id=trace-behavior-00021614 msg="event_id=behavior-21614 step=10"
ts=1736256021 level=info service=queue-worker host=host-03.example trace_id=trace-behavior-00021627 msg="event_id=behavior-21627 step=1"
ts=1736256045 level=info service=queue-worker host=host-03.example trace_id=trace-behavior-00021628 msg="event_id=behavior-21628 step=2"
ts=1736256287 level=info service=queue-worker host=host-03.example trace_id=trace-behavior-00021638 msg="event_id=behavior-21638 step=1"
ts=1736256360 level=info service=queue-worker host=host-03.example trace_id=trace-behavior-00021641 msg="event_id=behavior-21641 step=4"
ts=1736256722 level=info service=queue-worker host=host-03.example trace_id=trace-behavior-00021656 msg="event_id=behavior-21656 step=8"
ts=1736257303 level=info service=queue-worker host=host-03.example trace_id=trace-behavior-00021680 msg="event_id=behavior-21680 step=10"
ts=1736257351 level=info service=queue-worker host=host-03.example trace_id=trace-behavior-00021682 msg="event_id=behavior-21682 step=1"
ts=1736257400 level=info service=queue-worker host=host-03.example trace_id=trace-behavior-00021684 msg="event_id=behavior-21684 step=3"
ts=1736257714 level=info service=queue-worker host=host-03.example trace_id=trace-behavior-00021697 msg="event_id=behavior-21697 step=5"
ts=1736257787 level=info service=queue-worker host=host-03.example trace_id=trace-behavior-00021700 msg="event_id=behavior-21700 LONG_JSON_SENTINEL payload=xxxxxxxxxxxxxxxxxxxxxxxxxxxxxxxxxxxxxxxxxxxxxxxxxxxxxxxxxxxxxxxxxxxxxxxxxxxxxxxxxxxxxxxxxxxxxxxxxxxxxxxxxxxxxxxxxxxxxxxxxxxxxxxxxxxxxxxxxxxxxxxxxxxxxxxxxxxxxxxxxxxxxxxxxxxxxxxxxxxxxxxxxxxxxxxxxxxxxxxxxxxxxxxxxxxxxxxxxxxxxxxxxxxxxxxxxxxxxxxxxxxxxxxxxxxxxxxxxxxxxxxxxxxxxxxxxxxxxxxxxxxxxxxxxxxxxxxxxxxxxxxxxxxxxxxxxxxxxxxxxxxxxxxxxxxxxxxxxxxxxxxxxxxxxxxxxxxxxxxxxxxxxxxxxxxxxxxxxxxxxxxxxxxxxxxxxxxxxxxxxxxxxxxxxxxxxxxxxxxxxxxxxxxxxxxxxxxxxxxxxxxxxxxxxxxxxxxxxxxxxxxxxxxxxxxxxxxxxxxxxxxxxxxxxxxxxxxxxxxx"
ts=1736257811 level=info service=queue-worker host=host-03.example trace_id=trace-behavior-00021701 msg="event_id=behavior-21701 LONG_JSON_SENTINEL payload=xxxxxxxxxxxxxxxxxxxxxxxxxxxxxxxxxxxxxxxxxxxxxxxxxxxxxxxxxxxxxxxxxxxxxxxxxxxxxxxxxxxxxxxxxxxxxxxxxxxxxxxxxxxxxxxxxxxxxxxxxxxxxxxxxxxxxxxxxxxxxxxxxxxxxxxxxxxxxxxxxxxxxxxxxxxxxxxxxxxxxxxxxxxxxxxxxxxxxxxxxxxxxxxxxxxxxxxxxxxxxxxxxxxxxxxxxxxxxxxxxxxxxxxxxxxxxxxxxxxxxxxxxxxxxxxxxxxxxxxxxxxxxxxxxxxxxxxxxxxxxxxxxxxxxxxxxxxxxxxxxxxxxxxxxxxxxxxxxxxxxxxxxxxxxxxxxxxxxxxxxxxxxxxxxxxxxxxxxxxxxxxxxxxxxxxxxxxxxxxxxxxxxxxxxxxxxxxxxxxxxxxxxxxxxxxxxxxxxxxxxxxxxxxxxxxxxxxxxxxxxxxxxxxxxxxxxxxxxxxxxxxxxxxxxxxxxxxxxxxxx"
ts=1736257859 level=info service=queue-worker host=host-03.example trace_id=trace-behavior-00021703 msg="event_id=behavior-21703 LONG_JSON_SENTINEL payload=xxxxxxxxxxxxxxxxxxxxxxxxxxxxxxxxxxxxxxxxxxxxxxxxxxxxxxxxxxxxxxxxxxxxxxxxxxxxxxxxxxxxxxxxxxxxxxxxxxxxxxxxxxxxxxxxxxxxxxxxxxxxxxxxxxxxxxxxxxxxxxxxxxxxxxxxxxxxxxxxxxxxxxxxxxxxxxxxxxxxxxxxxxxxxxxxxxxxxxxxxxxxxxxxxxxxxxxxxxxxxxxxxxxxxxxxxxxxxxxxxxxxxxxxxxxxxxxxxxxxxxxxxxxxxxxxxxxxxxxxxxxxxxxxxxxxxxxxxxxxxxxxxxxxxxxxxxxxxxxxxxxxxxxxxxxxxxxxxxxxxxxxxxxxxxxxxxxxxxxxxxxxxxxxxxxxxxxxxxxxxxxxxxxxxxxxxxxxxxxxxxxxxxxxxxxxxxxxxxxxxxxxxxxxxxxxxxxxxxxxxxxxxxxxxxxxxxxxxxxxxxxxxxxxxxxxxxxxxxxxxxxxxxxxxxxxxxxxxxxxxxx"
ts=1736257908 level=info service=queue-worker host=host-03.example trace_id=trace-behavior-00021705 msg="event_id=behavior-21705 step=2"
ts=1736257980 level=info service=queue-worker host=host-03.example trace_id=trace-behavior-00021708 msg="event_id=behavior-21708 step=5"
ts=1736258222 level=info service=queue-worker host=host-03.example trace_id=trace-behavior-00021718 msg="event_id=behavior-21718 step=4"
ts=1736258513 level=info service=queue-worker host=host-03.example trace_id=trace-behavior-00021730 msg="event_id=behavior-21730 step=5"
ts=1736258585 level=error service=queue-worker host=host-03.example trace_id=trace-behavior-00021733 msg="event_id=behavior-21733 step=8"
ts=1736258876 level=info service=queue-worker host=host-03.example trace_id=trace-behavior-00021745 msg="event_id=behavior-21745 step=9"
ts=1736259045 level=info service=queue-worker host=host-03.example trace_id=trace-behavior-00021752 msg="event_id=behavior-21752 step=5"
ts=1736259069 level=info service=queue-worker host=host-03.example trace_id=trace-behavior-00021753 msg="event_id=behavior-21753 step=6"
ts=1736259238 level=info service=queue-worker host=host-03.example trace_id=trace-behavior-00021760 msg="event_id=behavior-21760 step=2"
ts=1736259263 level=info service=queue-worker host=host-03.example trace_id=trace-behavior-00021761 msg="event_id=behavior-21761 step=3"
ts=1736259311 level=info service=queue-worker host=host-03.example trace_id=trace-behavior-00021763 msg="event_id=behavior-21763 step=5"
ts=1736259529 level=info service=queue-worker host=host-03.example trace_id=trace-behavior-00021772 msg="event_id=behavior-21772 step=3"
ts=1736259553 level=info service=queue-worker host=host-03.example trace_id=trace-behavior-00021773 msg="event_id=behavior-21773 step=4"
ts=1736259577 level=info service=queue-worker host=host-03.example trace_id=trace-behavior-00021774 msg="event_id=behavior-21774 step=5"
ts=1736259698 level=info service=queue-worker host=host-03.example trace_id=trace-behavior-00021779 msg="event_id=behavior-21779 step=10"
ts=1736259892 level=info service=queue-worker host=host-03.example trace_id=trace-behavior-00021787 msg="event_id=behavior-21787 step=7"
ts=1736259964 level=info service=queue-worker host=host-03.example trace_id=trace-behavior-00021790 msg="event_id=behavior-21790 step=10"
ts=1736260424 level=info service=queue-worker host=host-03.example trace_id=trace-behavior-00021809 msg="event_id=behavior-21809 step=7"
ts=1736260448 level=info service=queue-worker host=host-03.example trace_id=trace-behavior-00021810 msg="event_id=behavior-21810 step=8"
ts=1736260545 level=info service=queue-worker host=host-03.example trace_id=trace-behavior-00021814 msg="event_id=behavior-21814 step=1"
ts=1736260642 level=info service=queue-worker host=host-03.example trace_id=trace-behavior-00021818 msg="event_id=behavior-21818 step=5"
ts=1736260714 level=info service=queue-worker host=host-03.example trace_id=trace-behavior-00021821 msg="event_id=behavior-21821 step=8"
ts=1736260787 level=info service=queue-worker host=host-03.example trace_id=trace-behavior-00021824 msg="event_id=behavior-21824 step=0"
ts=1736260908 level=debug service=queue-worker host=host-03.example trace_id=trace-behavior-00021829 msg="event_id=behavior-21829 step=5"
ts=1736261222 level=info service=queue-worker host=host-03.example trace_id=trace-behavior-00021842 msg="event_id=behavior-21842 step=7"
ts=1736261246 level=info service=queue-worker host=host-03.example trace_id=trace-behavior-00021843 msg="event_id=behavior-21843 step=8"
ts=1736261295 level=info service=queue-worker host=host-03.example trace_id=trace-behavior-00021845 msg="event_id=behavior-21845 step=10"
ts=1736261392 level=info service=queue-worker host=host-03.example trace_id=trace-behavior-00021849 msg="event_id=behavior-21849 step=3"
ts=1736261416 level=info service=queue-worker host=host-03.example trace_id=trace-behavior-00021850 msg="event_id=behavior-21850 step=4"
ts=1736261634 level=info service=queue-worker host=host-03.example trace_id=trace-behavior-00021859 msg="event_id=behavior-21859 step=2"
ts=1736261706 level=info service=queue-worker host=host-03.example trace_id=trace-behavior-00021862 msg="event_id=behavior-21862 step=5"
ts=1736261803 level=info service=queue-worker host=host-03.example trace_id=trace-behavior-00021866 msg="event_id=behavior-21866 step=9"
ts=1736261876 level=info service=queue-worker host=host-03.example trace_id=trace-behavior-00021869 msg="event_id=behavior-21869 step=1"
ts=1736262021 level=info service=queue-worker host=host-03.example trace_id=trace-behavior-00021875 msg="event_id=behavior-21875 step=7"
ts=1736262166 level=info service=queue-worker host=host-03.example trace_id=trace-behavior-00021881 msg="event_id=behavior-21881 step=2"
ts=1736262311 level=info service=queue-worker host=host-03.example trace_id=trace-behavior-00021887 msg="event_id=behavior-21887 step=8"
ts=1736262480 level=info service=queue-worker host=host-03.example trace_id=trace-behavior-00021894 msg="event_id=behavior-21894 step=4"
ts=1736262625 level=info service=queue-worker host=host-03.example trace_id=trace-behavior-00021900 msg="event_id=behavior-21900 STACK_TRACE_SENTINEL failure in handler\n    at lab_module_handler(file=example_rs line=40)\n    at lab_module_dispatch(file=example_rs line=10)\nCaused by: simulated timeout after 400ms"
ts=1736262674 level=info service=queue-worker host=host-03.example trace_id=trace-behavior-00021902 msg="event_id=behavior-21902 LONG_JSON_SENTINEL payload=xxxxxxxxxxxxxxxxxxxxxxxxxxxxxxxxxxxxxxxxxxxxxxxxxxxxxxxxxxxxxxxxxxxxxxxxxxxxxxxxxxxxxxxxxxxxxxxxxxxxxxxxxxxxxxxxxxxxxxxxxxxxxxxxxxxxxxxxxxxxxxxxxxxxxxxxxxxxxxxxxxxxxxxxxxxxxxxxxxxxxxxxxxxxxxxxxxxxxxxxxxxxxxxxxxxxxxxxxxxxxxxxxxxxxxxxxxxxxxxxxxxxxxxxxxxxxxxxxxxxxxxxxxxxxxxxxxxxxxxxxxxxxxxxxxxxxxxxxxxxxxxxxxxxxxxxxxxxxxxxxxxxxxxxxxxxxxxxxxxxxxxxxxxxxxxxxxxxxxxxxxxxxxxxxxxxxxxxxxxxxxxxxxxxxxxxxxxxxxxxxxxxxxxxxxxxxxxxxxxxxxxxxxxxxxxxxxxxxxxxxxxxxxxxxxxxxxxxxxxxxxxxxxxxxxxxxxxxxxxxxxxxxxxxxxxxxxxxxxxxxx"
ts=1736262819 level=info service=queue-worker host=host-03.example trace_id=trace-behavior-00021908 msg="event_id=behavior-21908 step=7"
ts=1736262916 level=info service=queue-worker host=host-03.example trace_id=trace-behavior-00021912 msg="event_id=behavior-21912 step=0"
ts=1736263013 level=info service=queue-worker host=host-03.example trace_id=trace-behavior-00021916 msg="event_id=behavior-21916 step=4"
ts=1736263109 level=info service=queue-worker host=host-03.example trace_id=trace-behavior-00021920 msg="event_id=behavior-21920 step=8"
ts=1736263279 level=info service=queue-worker host=host-03.example trace_id=trace-behavior-00021927 msg="event_id=behavior-21927 step=4"
ts=1736263303 level=info service=queue-worker host=host-03.example trace_id=trace-behavior-00021928 msg="event_id=behavior-21928 step=5"
ts=1736263593 level=info service=queue-worker host=host-03.example trace_id=trace-behavior-00021940 msg="event_id=behavior-21940 step=6"
ts=1736263835 level=info service=queue-worker host=host-03.example trace_id=trace-behavior-00021950 msg="event_id=behavior-21950 step=5"
ts=1736263956 level=info service=queue-worker host=host-03.example trace_id=trace-behavior-00021955 msg="event_id=behavior-21955 step=10"
ts=1736264053 level=info service=queue-worker host=host-03.example trace_id=trace-behavior-00021959 msg="event_id=behavior-21959 step=3"
ts=1736264077 level=info service=queue-worker host=host-03.example trace_id=trace-behavior-00021960 msg="event_id=behavior-21960 step=4"
ts=1736264343 level=info service=queue-worker host=host-03.example trace_id=trace-behavior-00021971 msg="event_id=behavior-21971 step=4"
ts=1736264367 level=info service=queue-worker host=host-03.example trace_id=trace-behavior-00021972 msg="event_id=behavior-21972 step=5"
ts=1736264416 level=info service=queue-worker host=host-03.example trace_id=trace-behavior-00021974 msg="event_id=behavior-21974 step=7"
ts=1736264585 level=info service=queue-worker host=host-03.example trace_id=trace-behavior-00021981 msg="event_id=behavior-21981 step=3"
ts=1736264827 level=info service=queue-worker host=host-03.example trace_id=trace-behavior-00021991 msg="event_id=behavior-21991 step=2"
ts=1736264900 level=info service=queue-worker host=host-03.example trace_id=trace-behavior-00021994 msg="event_id=behavior-21994 step=5"
ts=1736264972 level=info service=queue-worker host=host-03.example trace_id=trace-behavior-00021997 msg="event_id=behavior-21997 step=8"
ts=1736265045 level=info service=queue-worker host=host-03.example trace_id=trace-behavior-00022000 msg="event_id=behavior-22000 LONG_JSON_SENTINEL payload=xxxxxxxxxxxxxxxxxxxxxxxxxxxxxxxxxxxxxxxxxxxxxxxxxxxxxxxxxxxxxxxxxxxxxxxxxxxxxxxxxxxxxxxxxxxxxxxxxxxxxxxxxxxxxxxxxxxxxxxxxxxxxxxxxxxxxxxxxxxxxxxxxxxxxxxxxxxxxxxxxxxxxxxxxxxxxxxxxxxxxxxxxxxxxxxxxxxxxxxxxxxxxxxxxxxxxxxxxxxxxxxxxxxxxxxxxxxxxxxxxxxxxxxxxxxxxxxxxxxxxxxxxxxxxxxxxxxxxxxxxxxxxxxxxxxxxxxxxxxxxxxxxxxxxxxxxxxxxxxxxxxxxxxxxxxxxxxxxxxxxxxxxxxxxxxxxxxxxxxxxxxxxxxxxxxxxxxxxxxxxxxxxxxxxxxxxxxxxxxx"
ts=1736265214 level=info service=queue-worker host=host-03.example trace_id=trace-behavior-00022007 msg="event_id=behavior-22007 step=7"
ts=1736265238 level=info service=queue-worker host=host-03.example trace_id=trace-behavior-00022008 msg="event_id=behavior-22008 step=8"
ts=1736266158 level=info service=queue-worker host=host-03.example trace_id=trace-behavior-00022046 msg="event_id=behavior-22046 step=2"
ts=1736266230 level=info service=queue-worker host=host-03.example trace_id=trace-behavior-00022049 msg="event_id=behavior-22049 step=5"
ts=1736266254 level=info service=queue-worker host=host-03.example trace_id=trace-behavior-00022050 msg="event_id=behavior-22050 step=6"
ts=1736266448 level=info service=queue-worker host=host-03.example trace_id=trace-behavior-00022058 msg="event_id=behavior-22058 step=3"
ts=1736266593 level=info service=queue-worker host=host-03.example trace_id=trace-behavior-00022064 msg="event_id=behavior-22064 step=9"
ts=1736266666 level=info service=queue-worker host=host-03.example trace_id=trace-behavior-00022067 msg="event_id=behavior-22067 step=1"
ts=1736266859 level=info service=queue-worker host=host-03.example trace_id=trace-behavior-00022075 msg="event_id=behavior-22075 step=9"
ts=1736267440 level=info service=queue-worker host=host-03.example trace_id=trace-behavior-00022099 msg="event_id=behavior-22099 step=0"
ts=1736267537 level=info service=queue-worker host=host-03.example trace_id=trace-behavior-00022103 msg="event_id=behavior-22103 LONG_JSON_SENTINEL payload=xxxxxxxxxxxxxxxxxxxxxxxxxxxxxxxxxxxxxxxxxxxxxxxxxxxxxxxxxxxxxxxxxxxxxxxxxxxxxxxxxxxxxxxxxxxxxxxxxxxxxxxxxxxxxxxxxxxxxxxxxxxxxxxxxxxxxxxxxxxxxxxxxxxxxxxxxxxxxxxxxxxxxxxxxxxxxxxxxxxxxxxxxxxxxxxxxxxxxxxxxxxxxxxxxxxxxxxxxxxxxxxxxxxxxxxxxxxxxxxxxxxxxxxxxxxxxxxxxxxxxxxxxxxxxxxxxxxxxxxxxxxxxxxxxxxxxxxxxxxxxxxxxxxxxxxxxxxxxxxxxxxxxxxxxxxxxxxxxxxxxxxxxxxxxxxxxxxxxxxxxxxxxxxxxxxxxxxxxxxxxxxxxxxxxxxxxxxxxxxxxxxxxxxxxxxxxxxxxxxxxxxxxxxxxxxxxxxxxxxxxxxxxxxxxxxxxxxxxxxxxxxxxxxxxxxxxxxxxxxxxxxxxxxxxxxxxxxxxxxxxxx"
ts=1736267561 level=info service=queue-worker host=host-03.example trace_id=trace-behavior-00022104 msg="event_id=behavior-22104 step=5"
ts=1736267585 level=info service=queue-worker host=host-03.example trace_id=trace-behavior-00022105 msg="event_id=behavior-22105 step=6"
ts=1736267658 level=info service=queue-worker host=host-03.example trace_id=trace-behavior-00022108 msg="event_id=behavior-22108 step=9"
ts=1736267779 level=info service=queue-worker host=host-03.example trace_id=trace-behavior-00022113 msg="event_id=behavior-22113 step=3"
ts=1736267827 level=info service=queue-worker host=host-03.example trace_id=trace-behavior-00022115 msg="event_id=behavior-22115 step=5"
ts=1736267900 level=info service=queue-worker host=host-03.example trace_id=trace-behavior-00022118 msg="event_id=behavior-22118 step=8"
ts=1736268093 level=info service=queue-worker host=host-03.example trace_id=trace-behavior-00022126 msg="event_id=behavior-22126 step=5"
ts=1736268214 level=info service=queue-worker host=host-03.example trace_id=trace-behavior-00022131 msg="event_id=behavior-22131 step=10"
ts=1736268311 level=info service=queue-worker host=host-03.example trace_id=trace-behavior-00022135 msg="event_id=behavior-22135 step=3"
ts=1736268456 level=info service=queue-worker host=host-03.example trace_id=trace-behavior-00022141 msg="event_id=behavior-22141 step=9"
ts=1736268577 level=info service=queue-worker host=host-03.example trace_id=trace-behavior-00022146 msg="event_id=behavior-22146 step=3"
ts=1736268940 level=info service=queue-worker host=host-03.example trace_id=trace-behavior-00022161 msg="event_id=behavior-22161 step=7"
ts=1736269037 level=debug service=queue-worker host=host-03.example trace_id=trace-behavior-00022165 msg="event_id=behavior-22165 step=0"
ts=1736269085 level=info service=queue-worker host=host-03.example trace_id=trace-behavior-00022167 msg="event_id=behavior-22167 step=2"
ts=1736269327 level=info service=queue-worker host=host-03.example trace_id=trace-behavior-00022177 msg="event_id=behavior-22177 step=1"
ts=1736269520 level=info service=queue-worker host=host-03.example trace_id=trace-behavior-00022185 msg="event_id=behavior-22185 step=9"
ts=1736269593 level=info service=queue-worker host=host-03.example trace_id=trace-behavior-00022188 msg="event_id=behavior-22188 step=1"
ts=1736269690 level=info service=queue-worker host=host-03.example trace_id=trace-behavior-00022192 msg="event_id=behavior-22192 step=5"
ts=1736269859 level=info service=queue-worker host=host-03.example trace_id=trace-behavior-00022199 msg="event_id=behavior-22199 step=1"
ts=1736270174 level=info service=queue-worker host=host-03.example trace_id=trace-behavior-00022212 msg="event_id=behavior-22212 step=3"
ts=1736270488 level=info service=queue-worker host=host-03.example trace_id=trace-behavior-00022225 msg="event_id=behavior-22225 step=5"
ts=1736270609 level=info service=queue-worker host=host-03.example trace_id=trace-behavior-00022230 msg="event_id=behavior-22230 step=10"
ts=1736270633 level=info service=queue-worker host=host-03.example trace_id=trace-behavior-00022231 msg="event_id=behavior-22231 step=0"
ts=1736270682 level=info service=queue-worker host=host-03.example trace_id=trace-behavior-00022233 msg="event_id=behavior-22233 step=2"
ts=1736270948 level=info service=queue-worker host=host-03.example trace_id=trace-behavior-00022244 msg="event_id=behavior-22244 step=2"
ts=1736271045 level=info service=queue-worker host=host-03.example trace_id=trace-behavior-00022248 msg="event_id=behavior-22248 step=6"
ts=1736271117 level=info service=queue-worker host=host-03.example trace_id=trace-behavior-00022251 msg="event_id=behavior-22251 step=9"
ts=1736271166 level=info service=queue-worker host=host-03.example trace_id=trace-behavior-00022253 msg="event_id=behavior-22253 step=0"
ts=1736271214 level=info service=queue-worker host=host-03.example trace_id=trace-behavior-00022255 msg="event_id=behavior-22255 step=2"
ts=1736271238 level=info service=queue-worker host=host-03.example trace_id=trace-behavior-00022256 msg="event_id=behavior-22256 step=3"
ts=1736271529 level=info service=queue-worker host=host-03.example trace_id=trace-behavior-00022268 msg="event_id=behavior-22268 step=4"
ts=1736271601 level=info service=queue-worker host=host-03.example trace_id=trace-behavior-00022271 msg="event_id=behavior-22271 step=7"
ts=1736271674 level=info service=queue-worker host=host-03.example trace_id=trace-behavior-00022274 msg="event_id=behavior-22274 step=10"
ts=1736271795 level=debug service=queue-worker host=host-03.example trace_id=trace-behavior-00022279 msg="event_id=behavior-22279 step=4"
ts=1736271988 level=info service=queue-worker host=host-03.example trace_id=trace-behavior-00022287 msg="event_id=behavior-22287 step=1"
ts=1736272037 level=info service=queue-worker host=host-03.example trace_id=trace-behavior-00022289 msg="event_id=behavior-22289 step=3"
ts=1736272158 level=info service=queue-worker host=host-03.example trace_id=trace-behavior-00022294 msg="event_id=behavior-22294 step=8"
ts=1736272399 level=info service=queue-worker host=host-03.example trace_id=trace-behavior-00022304 msg="event_id=behavior-22304 step=7"
ts=1736272448 level=debug service=queue-worker host=host-03.example trace_id=trace-behavior-00022306 msg="event_id=behavior-22306 step=9"
ts=1736272472 level=info service=queue-worker host=host-03.example trace_id=trace-behavior-00022307 msg="event_id=behavior-22307 step=10"
ts=1736272545 level=warn service=queue-worker host=host-03.example trace_id=trace-behavior-00022310 msg="event_id=behavior-22310 step=2"
ts=1736272569 level=info service=queue-worker host=host-03.example trace_id=trace-behavior-00022311 msg="event_id=behavior-22311 step=3"
ts=1736272617 level=info service=queue-worker host=host-03.example trace_id=trace-behavior-00022313 msg="event_id=behavior-22313 step=5"
ts=1736272883 level=info service=queue-worker host=host-03.example trace_id=trace-behavior-00022324 msg="event_id=behavior-22324 step=5"
ts=1736273004 level=info service=queue-worker host=host-03.example trace_id=trace-behavior-00022329 msg="event_id=behavior-22329 step=10"
ts=1736273053 level=info service=queue-worker host=host-03.example trace_id=trace-behavior-00022331 msg="event_id=behavior-22331 step=1"
ts=1736273319 level=info service=queue-worker host=host-03.example trace_id=trace-behavior-00022342 msg="event_id=behavior-22342 step=1"
ts=1736273343 level=info service=queue-worker host=host-03.example trace_id=trace-behavior-00022343 msg="event_id=behavior-22343 step=2"
ts=1736273416 level=info service=queue-worker host=host-03.example trace_id=trace-behavior-00022346 msg="event_id=behavior-22346 step=5"
ts=1736273561 level=info service=queue-worker host=host-03.example trace_id=trace-behavior-00022352 msg="event_id=behavior-22352 step=0"
ts=1736273609 level=info service=queue-worker host=host-03.example trace_id=trace-behavior-00022354 msg="event_id=behavior-22354 step=2"
ts=1736273682 level=info service=queue-worker host=host-03.example trace_id=trace-behavior-00022357 msg="event_id=behavior-22357 step=5"
ts=1736273706 level=info service=queue-worker host=host-03.example trace_id=trace-behavior-00022358 msg="event_id=behavior-22358 step=6"
ts=1736273778 level=info service=queue-worker host=host-03.example trace_id=trace-behavior-00022361 msg="event_id=behavior-22361 step=9"
ts=1736274166 level=info service=queue-worker host=host-03.example trace_id=trace-behavior-00022377 msg="event_id=behavior-22377 step=3"
ts=1736274262 level=debug service=queue-worker host=host-03.example trace_id=trace-behavior-00022381 msg="event_id=behavior-22381 step=7"
ts=1736274311 level=info service=queue-worker host=host-03.example trace_id=trace-behavior-00022383 msg="event_id=behavior-22383 step=9"
ts=1736274891 level=warn service=queue-worker host=host-03.example trace_id=trace-behavior-00022407 msg="event_id=behavior-22407 step=0"
ts=1736274964 level=info service=queue-worker host=host-03.example trace_id=trace-behavior-00022410 msg="event_id=behavior-22410 step=3"
ts=1736275278 level=info service=queue-worker host=host-03.example trace_id=trace-behavior-00022423 msg="event_id=behavior-22423 step=5"
ts=1736275303 level=info service=queue-worker host=host-03.example trace_id=trace-behavior-00022424 msg="event_id=behavior-22424 step=6"
ts=1736275327 level=info service=queue-worker host=host-03.example trace_id=trace-behavior-00022425 msg="event_id=behavior-22425 step=7"
ts=1736275448 level=info service=queue-worker host=host-03.example trace_id=trace-behavior-00022430 msg="event_id=behavior-22430 step=1"
ts=1736275617 level=info service=queue-worker host=host-03.example trace_id=trace-behavior-00022437 msg="event_id=behavior-22437 step=8"
ts=1736275714 level=info service=queue-worker host=host-03.example trace_id=trace-behavior-00022441 msg="event_id=behavior-22441 step=1"
ts=1736275738 level=info service=queue-worker host=host-03.example trace_id=trace-behavior-00022442 msg="event_id=behavior-22442 step=2"
ts=1736275762 level=info service=queue-worker host=host-03.example trace_id=trace-behavior-00022443 msg="event_id=behavior-22443 step=3"
ts=1736275786 level=info service=queue-worker host=host-03.example trace_id=trace-behavior-00022444 msg="event_id=behavior-22444 step=4"
ts=1736275883 level=info service=queue-worker host=host-03.example trace_id=trace-behavior-00022448 msg="event_id=behavior-22448 step=8"
ts=1736275980 level=info service=queue-worker host=host-03.example trace_id=trace-behavior-00022452 msg="event_id=behavior-22452 step=1"
ts=1736276270 level=info service=queue-worker host=host-03.example trace_id=trace-behavior-00022464 msg="event_id=behavior-22464 step=2"
ts=1736276512 level=info service=queue-worker host=host-03.example trace_id=trace-behavior-00022474 msg="event_id=behavior-22474 step=1"
ts=1736276536 level=info service=queue-worker host=host-03.example trace_id=trace-behavior-00022475 msg="event_id=behavior-22475 step=2"
ts=1736276561 level=info service=queue-worker host=host-03.example trace_id=trace-behavior-00022476 msg="event_id=behavior-22476 step=3"
ts=1736276609 level=info service=queue-worker host=host-03.example trace_id=trace-behavior-00022478 msg="event_id=behavior-22478 step=5"
ts=1736276706 level=info service=queue-worker host=host-03.example trace_id=trace-behavior-00022482 msg="event_id=behavior-22482 step=9"
ts=1736277093 level=info service=queue-worker host=host-03.example trace_id=trace-behavior-00022498 msg="event_id=behavior-22498 step=3"
ts=1736277165 level=info service=queue-worker host=host-03.example trace_id=trace-behavior-00022501 msg="event_id=behavior-22501 LONG_JSON_SENTINEL payload=xxxxxxxxxxxxxxxxxxxxxxxxxxxxxxxxxxxxxxxxxxxxxxxxxxxxxxxxxxxxxxxxxxxxxxxxxxxxxxxxxxxxxxxxxxxxxxxxxxxxxxxxxxxxxxxxxxxxxxxxxxxxxxxxxxxxxxxxxxxxxxxxxxxxxxxxxxxxxxxxxxxxxxxxxxxxxxxxxxxxxxxxxxxxxxxxxxxxxxxxxxxxxxxxxxxxxxxxxxxxxxxxxxxxxxxxxxxxxxxxxxxxxxxxxxxxxxxxxxxxxxxxxxxxxxxxxxxxxxxxxxxxxxxxxxxxxxxxxxxxxxxxxxxxxxxxxxxxxxxxxxxxxxxxxxxxxxxxxxxxxxxxxxxxxxxxxxxxxxxxxxxxxxxxxxxxxxxxxxxxxxxxxxxxxxxxxxxxxxxxxxxxxxxxxxxxxxxxxxxxxxxxxxxxxxxxxxxxxxxxxxxxxxxxxxxxxxxxxxxxxxxxxxxxxxxxxxxxxxxxxxxxxxxxxxxxxxxxxxxxx"
ts=1736277649 level=info service=queue-worker host=host-03.example trace_id=trace-behavior-00022521 msg="event_id=behavior-22521 step=4"
ts=1736277746 level=info service=queue-worker host=host-03.example trace_id=trace-behavior-00022525 msg="event_id=behavior-22525 step=8"
ts=1736277770 level=info service=queue-worker host=host-03.example trace_id=trace-behavior-00022526 msg="event_id=behavior-22526 step=9"
ts=1736277891 level=info service=queue-worker host=host-03.example trace_id=trace-behavior-00022531 msg="event_id=behavior-22531 step=3"
ts=1736278085 level=info service=queue-worker host=host-03.example trace_id=trace-behavior-00022539 msg="event_id=behavior-22539 step=0"
ts=1736278206 level=info service=queue-worker host=host-03.example trace_id=trace-behavior-00022544 msg="event_id=behavior-22544 step=5"
ts=1736278230 level=info service=queue-worker host=host-03.example trace_id=trace-behavior-00022545 msg="event_id=behavior-22545 step=6"
ts=1736278520 level=info service=queue-worker host=host-03.example trace_id=trace-behavior-00022557 msg="event_id=behavior-22557 step=7"
ts=1736278544 level=info service=queue-worker host=host-03.example trace_id=trace-behavior-00022558 msg="event_id=behavior-22558 step=8"
ts=1736278569 level=info service=queue-worker host=host-03.example trace_id=trace-behavior-00022559 msg="event_id=behavior-22559 step=9"
ts=1736278617 level=info service=queue-worker host=host-03.example trace_id=trace-behavior-00022561 msg="event_id=behavior-22561 step=0"
ts=1736278762 level=info service=queue-worker host=host-03.example trace_id=trace-behavior-00022567 msg="event_id=behavior-22567 step=6"
ts=1736278835 level=info service=queue-worker host=host-03.example trace_id=trace-behavior-00022570 msg="event_id=behavior-22570 step=9"
ts=1736278883 level=info service=queue-worker host=host-03.example trace_id=trace-behavior-00022572 msg="event_id=behavior-22572 step=0"
ts=1736278932 level=info service=queue-worker host=host-03.example trace_id=trace-behavior-00022574 msg="event_id=behavior-22574 step=2"
ts=1736278980 level=info service=queue-worker host=host-03.example trace_id=trace-behavior-00022576 msg="event_id=behavior-22576 step=4"
ts=1736279053 level=info service=queue-worker host=host-03.example trace_id=trace-behavior-00022579 msg="event_id=behavior-22579 step=7"
ts=1736279077 level=info service=queue-worker host=host-03.example trace_id=trace-behavior-00022580 msg="event_id=behavior-22580 step=8"
ts=1736279222 level=info service=queue-worker host=host-03.example trace_id=trace-behavior-00022586 msg="event_id=behavior-22586 step=3"
ts=1736279319 level=info service=queue-worker host=host-03.example trace_id=trace-behavior-00022590 msg="event_id=behavior-22590 step=7"
ts=1736279561 level=info service=queue-worker host=host-03.example trace_id=trace-behavior-00022600 msg="event_id=behavior-22600 LONG_JSON_SENTINEL payload=xxxxxxxxxxxxxxxxxxxxxxxxxxxxxxxxxxxxxxxxxxxxxxxxxxxxxxxxxxxxxxxxxxxxxxxxxxxxxxxxxxxxxxxxxxxxxxxxxxxxxxxxxxxxxxxxxxxxxxxxxxxxxxxxxxxxxxxxxxxxxxxxxxxxxxxxxxxxxxxxxxxxxxxxxxxxxxxxxxxxxxxxxxxxxxxxxxxxxxxxxxxxxxxxxxxxxxxxxxxxxxxxxxxxxxxxxxxxxxxxxxxxxxxxxxxxxxxxxxxxxxxxxxxxxxxxxxxxxxxxxxxxxxxxxxxxxxxxxxxxxxxxxxxxxxxxxxxxxxxxxxxxxxxxxxxxxxxxxxxxxxxxxxxxxxxxxxxxxxxxxxxxxxxxxxxxxxxxxxxxxxxxxxxxxxxxxxxxxxxx"
ts=1736280214 level=info service=queue-worker host=host-03.example trace_id=trace-behavior-00022627 msg="event_id=behavior-22627 step=0"
ts=1736280262 level=info service=queue-worker host=host-03.example trace_id=trace-behavior-00022629 msg="event_id=behavior-22629 step=2"
ts=1736280286 level=info service=queue-worker host=host-03.example trace_id=trace-behavior-00022630 msg="event_id=behavior-22630 step=3"
ts=1736280456 level=info service=queue-worker host=host-03.example trace_id=trace-behavior-00022637 msg="event_id=behavior-22637 step=10"
ts=1736280698 level=info service=queue-worker host=host-03.example trace_id=trace-behavior-00022647 msg="event_id=behavior-22647 step=9"
ts=1736281085 level=info service=queue-worker host=host-03.example trace_id=trace-behavior-00022663 msg="event_id=behavior-22663 step=3"
ts=1736281181 level=info service=queue-worker host=host-03.example trace_id=trace-behavior-00022667 msg="event_id=behavior-22667 step=7"
ts=1736281230 level=info service=queue-worker host=host-03.example trace_id=trace-behavior-00022669 msg="event_id=behavior-22669 step=9"
ts=1736281302 level=info service=queue-worker host=host-03.example trace_id=trace-behavior-00022672 msg="event_id=behavior-22672 step=1"
ts=1736281738 level=info service=queue-worker host=host-03.example trace_id=trace-behavior-00022690 msg="event_id=behavior-22690 step=8"
ts=1736281811 level=info service=queue-worker host=host-03.example trace_id=trace-behavior-00022693 msg="event_id=behavior-22693 step=0"
ts=1736282028 level=info service=queue-worker host=host-03.example trace_id=trace-behavior-00022702 msg="event_id=behavior-22702 LONG_JSON_SENTINEL payload=xxxxxxxxxxxxxxxxxxxxxxxxxxxxxxxxxxxxxxxxxxxxxxxxxxxxxxxxxxxxxxxxxxxxxxxxxxxxxxxxxxxxxxxxxxxxxxxxxxxxxxxxxxxxxxxxxxxxxxxxxxxxxxxxxxxxxxxxxxxxxxxxxxxxxxxxxxxxxxxxxxxxxxxxxxxxxxxxxxxxxxxxxxxxxxxxxxxxxxxxxxxxxxxxxxxxxxxxxxxxxxxxxxxxxxxxxxxxxxxxxxxxxxxxxxxxxxxxxxxxxxxxxxxxxxxxxxxxxxxxxxxxxxxxxxxxxxxxxxxxxxxxxxxxxxxxxxxxxxxxxxxxxxxxxxxxxxxxxxxxxxxxxxxxxxxxxxxxxxxxxxxxxxxxxxxxxxxxxxxxxxxxxxxxxxxxxxxxxxxxxxxxxxxxxxxxxxxxxxxxxxxxxxxxxxxxxxxxxxxxxxxxxxxxxxxxxxxxxxxxxxxxxxxxxxxxxxxxxxxxxxxxxxxxxxxxxxxxxxxxxx"
ts=1736282198 level=info service=queue-worker host=host-03.example trace_id=trace-behavior-00022709 msg="event_id=behavior-22709 step=5"
ts=1736282222 level=info service=queue-worker host=host-03.example trace_id=trace-behavior-00022710 msg="event_id=behavior-22710 step=6"
ts=1736282391 level=info service=queue-worker host=host-03.example trace_id=trace-behavior-00022717 msg="event_id=behavior-22717 step=2"
ts=1736282415 level=info service=queue-worker host=host-03.example trace_id=trace-behavior-00022718 msg="event_id=behavior-22718 step=3"
ts=1736282440 level=info service=queue-worker host=host-03.example trace_id=trace-behavior-00022719 msg="event_id=behavior-22719 step=4"
ts=1736282464 level=info service=queue-worker host=host-03.example trace_id=trace-behavior-00022720 msg="event_id=behavior-22720 step=5"
ts=1736282585 level=info service=queue-worker host=host-03.example trace_id=trace-behavior-00022725 msg="event_id=behavior-22725 step=10"
ts=1736282681 level=info service=queue-worker host=host-03.example trace_id=trace-behavior-00022729 msg="event_id=behavior-22729 step=3"
ts=1736282730 level=info service=queue-worker host=host-03.example trace_id=trace-behavior-00022731 msg="event_id=behavior-22731 step=5"
ts=1736282851 level=info service=queue-worker host=host-03.example trace_id=trace-behavior-00022736 msg="event_id=behavior-22736 step=10"
ts=1736283044 level=info service=queue-worker host=host-03.example trace_id=trace-behavior-00022744 msg="event_id=behavior-22744 step=7"
ts=1736283069 level=info service=queue-worker host=host-03.example trace_id=trace-behavior-00022745 msg="event_id=behavior-22745 step=8"
ts=1736283238 level=info service=queue-worker host=host-03.example trace_id=trace-behavior-00022752 msg="event_id=behavior-22752 step=4"
ts=1736283504 level=info service=queue-worker host=host-03.example trace_id=trace-behavior-00022763 msg="event_id=behavior-22763 step=4"
ts=1736283528 level=info service=queue-worker host=host-03.example trace_id=trace-behavior-00022764 msg="event_id=behavior-22764 step=5"
ts=1736283915 level=info service=queue-worker host=host-03.example trace_id=trace-behavior-00022780 msg="event_id=behavior-22780 step=10"
ts=1736284278 level=warn service=queue-worker host=host-03.example trace_id=trace-behavior-00022795 msg="event_id=behavior-22795 step=3"
ts=1736284327 level=info service=queue-worker host=host-03.example trace_id=trace-behavior-00022797 msg="event_id=behavior-22797 step=5"
ts=1736284593 level=info service=queue-worker host=host-03.example trace_id=trace-behavior-00022808 msg="event_id=behavior-22808 step=5"
ts=1736284617 level=info service=queue-worker host=host-03.example trace_id=trace-behavior-00022809 msg="event_id=behavior-22809 step=6"
ts=1736284786 level=debug service=queue-worker host=host-03.example trace_id=trace-behavior-00022816 msg="event_id=behavior-22816 step=2"
ts=1736284835 level=info service=queue-worker host=host-03.example trace_id=trace-behavior-00022818 msg="event_id=behavior-22818 step=4"
ts=1736285052 level=info service=queue-worker host=host-03.example trace_id=trace-behavior-00022827 msg="event_id=behavior-22827 step=2"
ts=1736285149 level=info service=queue-worker host=host-03.example trace_id=trace-behavior-00022831 msg="event_id=behavior-22831 step=6"
ts=1736285343 level=info service=queue-worker host=host-03.example trace_id=trace-behavior-00022839 msg="event_id=behavior-22839 step=3"
ts=1736285415 level=info service=queue-worker host=host-03.example trace_id=trace-behavior-00022842 msg="event_id=behavior-22842 step=6"
ts=1736285464 level=info service=queue-worker host=host-03.example trace_id=trace-behavior-00022844 msg="event_id=behavior-22844 step=8"
ts=1736285536 level=info service=queue-worker host=host-03.example trace_id=trace-behavior-00022847 msg="event_id=behavior-22847 step=0"
ts=1736285827 level=info service=queue-worker host=host-03.example trace_id=trace-behavior-00022859 msg="event_id=behavior-22859 step=1"
ts=1736285851 level=info service=queue-worker host=host-03.example trace_id=trace-behavior-00022860 msg="event_id=behavior-22860 step=2"
ts=1736286141 level=info service=queue-worker host=host-03.example trace_id=trace-behavior-00022872 msg="event_id=behavior-22872 step=3"
ts=1736286359 level=info service=queue-worker host=host-03.example trace_id=trace-behavior-00022881 msg="event_id=behavior-22881 step=1"
ts=1736286528 level=info service=queue-worker host=host-03.example trace_id=trace-behavior-00022888 msg="event_id=behavior-22888 step=8"
ts=1736286552 level=info service=queue-worker host=host-03.example trace_id=trace-behavior-00022889 msg="event_id=behavior-22889 step=9"
ts=1736287109 level=info service=queue-worker host=host-03.example trace_id=trace-behavior-00022912 msg="event_id=behavior-22912 step=10"
ts=1736287181 level=info service=queue-worker host=host-03.example trace_id=trace-behavior-00022915 msg="event_id=behavior-22915 step=2"
ts=1736287496 level=info service=queue-worker host=host-03.example trace_id=trace-behavior-00022928 msg="event_id=behavior-22928 step=4"
ts=1736287641 level=info service=queue-worker host=host-03.example trace_id=trace-behavior-00022934 msg="event_id=behavior-22934 step=10"
ts=1736287810 level=debug service=queue-worker host=host-03.example trace_id=trace-behavior-00022941 msg="event_id=behavior-22941 step=6"
ts=1736287835 level=info service=queue-worker host=host-03.example trace_id=trace-behavior-00022942 msg="event_id=behavior-22942 step=7"
ts=1736288076 level=info service=queue-worker host=host-03.example trace_id=trace-behavior-00022952 msg="event_id=behavior-22952 step=6"
ts=1736288318 level=info service=queue-worker host=host-03.example trace_id=trace-behavior-00022962 msg="event_id=behavior-22962 step=5"
ts=1736288367 level=info service=queue-worker host=host-03.example trace_id=trace-behavior-00022964 msg="event_id=behavior-22964 step=7"
ts=1736288464 level=info service=queue-worker host=host-03.example trace_id=trace-behavior-00022968 msg="event_id=behavior-22968 step=0"
ts=1736288512 level=info service=queue-worker host=host-03.example trace_id=trace-behavior-00022970 msg="event_id=behavior-22970 step=2"
ts=1736288536 level=info service=queue-worker host=host-03.example trace_id=trace-behavior-00022971 msg="event_id=behavior-22971 step=3"
ts=1736288560 level=info service=queue-worker host=host-03.example trace_id=trace-behavior-00022972 msg="event_id=behavior-22972 step=4"
ts=1736288706 level=info service=queue-worker host=host-03.example trace_id=trace-behavior-00022978 msg="event_id=behavior-22978 step=10"
ts=1736288851 level=info service=queue-worker host=host-03.example trace_id=trace-behavior-00022984 msg="event_id=behavior-22984 step=5"
ts=1736288996 level=info service=queue-worker host=host-03.example trace_id=trace-behavior-00022990 msg="event_id=behavior-22990 step=0"
ts=1736289068 level=info service=queue-worker host=host-03.example trace_id=trace-behavior-00022993 msg="event_id=behavior-22993 step=3"
ts=1736289093 level=info service=queue-worker host=host-03.example trace_id=trace-behavior-00022994 msg="event_id=behavior-22994 step=4"
ts=1736289455 level=info service=queue-worker host=host-03.example trace_id=trace-behavior-00023009 msg="event_id=behavior-23009 step=8"
ts=1736289625 level=info service=queue-worker host=host-03.example trace_id=trace-behavior-00023016 msg="event_id=behavior-23016 step=4"
ts=1736289722 level=info service=queue-worker host=host-03.example trace_id=trace-behavior-00023020 msg="event_id=behavior-23020 step=8"
ts=1736289770 level=info service=queue-worker host=host-03.example trace_id=trace-behavior-00023022 msg="event_id=behavior-23022 step=10"
ts=1736289794 level=info service=queue-worker host=host-03.example trace_id=trace-behavior-00023023 msg="event_id=behavior-23023 step=0"
ts=1736290012 level=info service=queue-worker host=host-03.example trace_id=trace-behavior-00023032 msg="event_id=behavior-23032 step=9"
ts=1736290085 level=info service=queue-worker host=host-03.example trace_id=trace-behavior-00023035 msg="event_id=behavior-23035 step=1"
ts=1736290157 level=info service=queue-worker host=host-03.example trace_id=trace-behavior-00023038 msg="event_id=behavior-23038 step=4"
ts=1736290181 level=info service=queue-worker host=host-03.example trace_id=trace-behavior-00023039 msg="event_id=behavior-23039 step=5"
ts=1736290375 level=info service=queue-worker host=host-03.example trace_id=trace-behavior-00023047 msg="event_id=behavior-23047 step=2"
ts=1736290520 level=info service=queue-worker host=host-03.example trace_id=trace-behavior-00023053 msg="event_id=behavior-23053 step=8"
ts=1736290568 level=info service=queue-worker host=host-03.example trace_id=trace-behavior-00023055 msg="event_id=behavior-23055 step=10"
ts=1736290593 level=info service=queue-worker host=host-03.example trace_id=trace-behavior-00023056 msg="event_id=behavior-23056 step=0"
ts=1736290617 level=info service=queue-worker host=host-03.example trace_id=trace-behavior-00023057 msg="event_id=behavior-23057 step=1"
ts=1736291609 level=info service=queue-worker host=host-03.example trace_id=trace-behavior-00023098 msg="event_id=behavior-23098 step=9"
ts=1736291657 level=info service=queue-worker host=host-03.example trace_id=trace-behavior-00023100 msg="event_id=behavior-23100 STACK_TRACE_SENTINEL failure in handler\n    at lab_module_handler(file=example_rs line=40)\n    at lab_module_dispatch(file=example_rs line=10)\nCaused by: simulated timeout after 700ms"
ts=1736291681 level=info service=queue-worker host=host-03.example trace_id=trace-behavior-00023101 msg="event_id=behavior-23101 LONG_JSON_SENTINEL payload=xxxxxxxxxxxxxxxxxxxxxxxxxxxxxxxxxxxxxxxxxxxxxxxxxxxxxxxxxxxxxxxxxxxxxxxxxxxxxxxxxxxxxxxxxxxxxxxxxxxxxxxxxxxxxxxxxxxxxxxxxxxxxxxxxxxxxxxxxxxxxxxxxxxxxxxxxxxxxxxxxxxxxxxxxxxxxxxxxxxxxxxxxxxxxxxxxxxxxxxxxxxxxxxxxxxxxxxxxxxxxxxxxxxxxxxxxxxxxxxxxxxxxxxxxxxxxxxxxxxxxxxxxxxxxxxxxxxxxxxxxxxxxxxxxxxxxxxxxxxxxxxxxxxxxxxxxxxxxxxxxxxxxxxxxxxxxxxxxxxxxxxxxxxxxxxxxxxxxxxxxxxxxxxxxxxxxxxxxxxxxxxxxxxxxxxxxxxxxxxxxxxxxxxxxxxxxxxxxxxxxxxxxxxxxxxxxxxxxxxxxxxxxxxxxxxxxxxxxxxxxxxxxxxxxxxxxxxxxxxxxxxxxxxxxxxxxxxxxxxxx"
ts=1736291875 level=info service=queue-worker host=host-03.example trace_id=trace-behavior-00023109 msg="event_id=behavior-23109 step=9"
ts=1736291996 level=info service=queue-worker host=host-03.example trace_id=trace-behavior-00023114 msg="event_id=behavior-23114 step=3"
ts=1736292044 level=info service=queue-worker host=host-03.example trace_id=trace-behavior-00023116 msg="event_id=behavior-23116 step=5"
ts=1736292262 level=info service=queue-worker host=host-03.example trace_id=trace-behavior-00023125 msg="event_id=behavior-23125 step=3"
ts=1736292286 level=info service=queue-worker host=host-03.example trace_id=trace-behavior-00023126 msg="event_id=behavior-23126 step=4"
ts=1736292697 level=info service=queue-worker host=host-03.example trace_id=trace-behavior-00023143 msg="event_id=behavior-23143 step=10"
ts=1736292722 level=info service=queue-worker host=host-03.example trace_id=trace-behavior-00023144 msg="event_id=behavior-23144 step=0"
ts=1736292963 level=info service=queue-worker host=host-03.example trace_id=trace-behavior-00023154 msg="event_id=behavior-23154 step=10"
ts=1736293133 level=info service=queue-worker host=host-03.example trace_id=trace-behavior-00023161 msg="event_id=behavior-23161 step=6"
ts=1736293520 level=info service=queue-worker host=host-03.example trace_id=trace-behavior-00023177 msg="event_id=behavior-23177 step=0"
ts=1736293592 level=info service=queue-worker host=host-03.example trace_id=trace-behavior-00023180 msg="event_id=behavior-23180 step=3"
ts=1736293907 level=info service=queue-worker host=host-03.example trace_id=trace-behavior-00023193 msg="event_id=behavior-23193 step=5"
ts=1736293931 level=info service=queue-worker host=host-03.example trace_id=trace-behavior-00023194 msg="event_id=behavior-23194 step=6"
ts=1736293980 level=info service=queue-worker host=host-03.example trace_id=trace-behavior-00023196 msg="event_id=behavior-23196 step=8"
ts=1736294052 level=info service=queue-worker host=host-03.example trace_id=trace-behavior-00023199 msg="event_id=behavior-23199 step=0"
ts=1736294101 level=info service=queue-worker host=host-03.example trace_id=trace-behavior-00023201 msg="event_id=behavior-23201 LONG_JSON_SENTINEL payload=xxxxxxxxxxxxxxxxxxxxxxxxxxxxxxxxxxxxxxxxxxxxxxxxxxxxxxxxxxxxxxxxxxxxxxxxxxxxxxxxxxxxxxxxxxxxxxxxxxxxxxxxxxxxxxxxxxxxxxxxxxxxxxxxxxxxxxxxxxxxxxxxxxxxxxxxxxxxxxxxxxxxxxxxxxxxxxxxxxxxxxxxxxxxxxxxxxxxxxxxxxxxxxxxxxxxxxxxxxxxxxxxxxxxxxxxxxxxxxxxxxxxxxxxxxxxxxxxxxxxxxxxxxxxxxxxxxxxxxxxxxxxxxxxxxxxxxxxxxxxxxxxxxxxxxxxxxxxxxxxxxxxxxxxxxxxxxxxxxxxxxxxxxxxxxxxxxxxxxxxxxxxxxxxxxxxxxxxxxxxxxxxxxxxxxxxxxxxxxxxx"
ts=1736294149 level=info service=queue-worker host=host-03.example trace_id=trace-behavior-00023203 msg="event_id=behavior-23203 LONG_JSON_SENTINEL payload=xxxxxxxxxxxxxxxxxxxxxxxxxxxxxxxxxxxxxxxxxxxxxxxxxxxxxxxxxxxxxxxxxxxxxxxxxxxxxxxxxxxxxxxxxxxxxxxxxxxxxxxxxxxxxxxxxxxxxxxxxxxxxxxxxxxxxxxxxxxxxxxxxxxxxxxxxxxxxxxxxxxxxxxxxxxxxxxxxxxxxxxxxxxxxxxxxxxxxxxxxxxxxxxxxxxxxxxxxxxxxxxxxxxxxxxxxxxxxxxxxxxxxxxxxxxxxxxxxxxxxxxxxxxxxxxxxxxxxxxxxxxxxxxxxxxxxxxxxxxxxxxxxxxxxxxxxxxxxxxxxxxxxxxxxxxxxxxxxxxxxxxxxxxxxxxxxxxxxxxxxxxxxxxxxxxxxxxxxxxxxxxxxxxxxxxxxxxxxxxxxxx"
ts=1736294173 level=info service=queue-worker host=host-03.example trace_id=trace-behavior-00023204 msg="event_id=behavior-23204 step=5"
ts=1736294197 level=info service=queue-worker host=host-03.example trace_id=trace-behavior-00023205 msg="event_id=behavior-23205 step=6"
ts=1736294270 level=info service=queue-worker host=host-03.example trace_id=trace-behavior-00023208 msg="event_id=behavior-23208 step=9"
ts=1736294342 level=info service=queue-worker host=host-03.example trace_id=trace-behavior-00023211 msg="event_id=behavior-23211 step=1"
ts=1736294415 level=info service=queue-worker host=host-03.example trace_id=trace-behavior-00023214 msg="event_id=behavior-23214 step=4"
ts=1736294778 level=info service=queue-worker host=host-03.example trace_id=trace-behavior-00023229 msg="event_id=behavior-23229 step=8"
ts=1736294899 level=info service=queue-worker host=host-03.example trace_id=trace-behavior-00023234 msg="event_id=behavior-23234 step=2"
ts=1736295092 level=info service=queue-worker host=host-03.example trace_id=trace-behavior-00023242 msg="event_id=behavior-23242 step=10"
ts=1736295141 level=info service=queue-worker host=host-03.example trace_id=trace-behavior-00023244 msg="event_id=behavior-23244 step=1"
ts=1736295238 level=info service=queue-worker host=host-03.example trace_id=trace-behavior-00023248 msg="event_id=behavior-23248 step=5"
ts=1736295407 level=info service=queue-worker host=host-03.example trace_id=trace-behavior-00023255 msg="event_id=behavior-23255 step=1"
ts=1736295939 level=info service=queue-worker host=host-03.example trace_id=trace-behavior-00023277 msg="event_id=behavior-23277 step=1"
ts=1736296109 level=info service=queue-worker host=host-03.example trace_id=trace-behavior-00023284 msg="event_id=behavior-23284 step=8"
ts=1736296447 level=info service=queue-worker host=host-03.example trace_id=trace-behavior-00023298 msg="event_id=behavior-23298 step=0"
ts=1736296496 level=info service=queue-worker host=host-03.example trace_id=trace-behavior-00023300 msg="event_id=behavior-23300 LONG_JSON_SENTINEL payload=xxxxxxxxxxxxxxxxxxxxxxxxxxxxxxxxxxxxxxxxxxxxxxxxxxxxxxxxxxxxxxxxxxxxxxxxxxxxxxxxxxxxxxxxxxxxxxxxxxxxxxxxxxxxxxxxxxxxxxxxxxxxxxxxxxxxxxxxxxxxxxxxxxxxxxxxxxxxxxxxxxxxxxxxxxxxxxxxxxxxxxxxxxxxxxxxxxxxxxxxxxxxxxxxxxxxxxxxxxxxxxxxxxxxxxxxxxxxxxxxxxxxxxxxxxxxxxxxxxxxxxxxxxxxxxxxxxxxxxxxxxxxxxxxxxxxxxxxxxxxxxxxxxxxxxxxxxxxxxxxxxxxxxxxxxxxxxxxxxxxxxxxxxxxxxxxxxxxxxxxxxxxxxxxxxxxxxxxxxxxxxxxxxxxxxxxxxxxxxxxxxxxxxxxxxxxxxxxxxxxxxxxxxxxxxxxxxxxxxxxxxxxxxxxxxxxxxxxxxxxxxxxxxxxxxxxxxxxxxxxxxxxxxxxxxxxxxxxxxxx"
ts=1736296520 level=info service=queue-worker host=host-03.example trace_id=trace-behavior-00023301 msg="event_id=behavior-23301 STACK_TRACE_SENTINEL failure in handler\n    at lab_module_handler(file=example_rs line=41)\n    at lab_module_dispatch(file=example_rs line=11)\nCaused by: simulated timeout after 901ms"
ts=1736296738 level=info service=queue-worker host=host-03.example trace_id=trace-behavior-00023310 msg="event_id=behavior-23310 STACK_TRACE_SENTINEL failure in handler marker=STACK_TRACE_SENTINEL\n    at lab_module_handler(file=example_rs line=50)\n    at lab_module_dispatch(file=example_rs line=10)\nCaused by: simulated timeout after 910ms"
ts=1736296834 level=info service=queue-worker host=host-03.example trace_id=trace-behavior-00023314 msg="event_id=behavior-23314 step=5"
ts=1736296931 level=debug service=queue-worker host=host-03.example trace_id=trace-behavior-00023318 msg="event_id=behavior-23318 step=9"
ts=1736296955 level=info service=queue-worker host=host-03.example trace_id=trace-behavior-00023319 msg="event_id=behavior-23319 step=10"
ts=1736297149 level=info service=queue-worker host=host-03.example trace_id=trace-behavior-00023327 msg="event_id=behavior-23327 step=7"
ts=1736297439 level=info service=queue-worker host=host-03.example trace_id=trace-behavior-00023339 msg="event_id=behavior-23339 step=8"
ts=1736297560 level=info service=queue-worker host=host-03.example trace_id=trace-behavior-00023344 msg="event_id=behavior-23344 step=2"
ts=1736297657 level=info service=queue-worker host=host-03.example trace_id=trace-behavior-00023348 msg="event_id=behavior-23348 step=6"
ts=1736297729 level=info service=queue-worker host=host-03.example trace_id=trace-behavior-00023351 msg="event_id=behavior-23351 step=9"
ts=1736298044 level=info service=queue-worker host=host-03.example trace_id=trace-behavior-00023364 msg="event_id=behavior-23364 step=0"
ts=1736298383 level=info service=queue-worker host=host-03.example trace_id=trace-behavior-00023378 msg="event_id=behavior-23378 step=3"
ts=1736298455 level=info service=queue-worker host=host-03.example trace_id=trace-behavior-00023381 msg="event_id=behavior-23381 step=6"
ts=1736298504 level=info service=queue-worker host=host-03.example trace_id=trace-behavior-00023383 msg="event_id=behavior-23383 step=8"
ts=1736299012 level=info service=queue-worker host=host-03.example trace_id=trace-behavior-00023404 msg="event_id=behavior-23404 step=7"
ts=1736299205 level=info service=queue-worker host=host-03.example trace_id=trace-behavior-00023412 msg="event_id=behavior-23412 step=4"
ts=1736299254 level=info service=queue-worker host=host-03.example trace_id=trace-behavior-00023414 msg="event_id=behavior-23414 step=6"
ts=1736299302 level=info service=queue-worker host=host-03.example trace_id=trace-behavior-00023416 msg="event_id=behavior-23416 step=8"
ts=1736299399 level=info service=queue-worker host=host-03.example trace_id=trace-behavior-00023420 msg="event_id=behavior-23420 step=1"
ts=1736299423 level=error service=queue-worker host=host-03.example trace_id=trace-behavior-00023421 msg="event_id=behavior-23421 step=2"
ts=1736299471 level=info service=queue-worker host=host-03.example trace_id=trace-behavior-00023423 msg="event_id=behavior-23423 step=4"
ts=1736299738 level=info service=queue-worker host=host-03.example trace_id=trace-behavior-00023434 msg="event_id=behavior-23434 step=4"
ts=1736300270 level=info service=queue-worker host=host-03.example trace_id=trace-behavior-00023456 msg="event_id=behavior-23456 step=4"
ts=1736300318 level=info service=queue-worker host=host-03.example trace_id=trace-behavior-00023458 msg="event_id=behavior-23458 step=6"
ts=1736300608 level=info service=queue-worker host=host-03.example trace_id=trace-behavior-00023470 msg="event_id=behavior-23470 step=7"
ts=1736300754 level=info service=queue-worker host=host-03.example trace_id=trace-behavior-00023476 msg="event_id=behavior-23476 step=2"
ts=1736300850 level=info service=queue-worker host=host-03.example trace_id=trace-behavior-00023480 msg="event_id=behavior-23480 step=6"
ts=1736300875 level=info service=queue-worker host=host-03.example trace_id=trace-behavior-00023481 msg="event_id=behavior-23481 step=7"
ts=1736300899 level=info service=queue-worker host=host-03.example trace_id=trace-behavior-00023482 msg="event_id=behavior-23482 step=8"
ts=1736301310 level=info service=queue-worker host=host-03.example trace_id=trace-behavior-00023499 msg="event_id=behavior-23499 step=3"
ts=1736301334 level=info service=queue-worker host=host-03.example trace_id=trace-behavior-00023500 msg="event_id=behavior-23500 LONG_JSON_SENTINEL payload=xxxxxxxxxxxxxxxxxxxxxxxxxxxxxxxxxxxxxxxxxxxxxxxxxxxxxxxxxxxxxxxxxxxxxxxxxxxxxxxxxxxxxxxxxxxxxxxxxxxxxxxxxxxxxxxxxxxxxxxxxxxxxxxxxxxxxxxxxxxxxxxxxxxxxxxxxxxxxxxxxxxxxxxxxxxxxxxxxxxxxxxxxxxxxxxxxxxxxxxxxxxxxxxxxxxxxxxxxxxxxxxxxxxxxxxxxxxxxxxxxxxxxxxxxxxxxxxxxxxxxxxxxxxxxxxxxxxxxxxxxxxxxxxxxxxxxxxxxxxxxxxxxxxxxxxxxxxxxxxxxxxxxxxxxxxxxxxxxxxxxxxxxxxxxxxxxxxxxxxxxxxxxxxxxxxxxxxxxxxxxxxxxxxxxxxxxxxxxxxxxxxxxxxxxxxxxxxxxxxxxxxxxxxxxxxxxxxxxxxxxxxxxxxxxxxxxxxxxxxxxxxxxxxxxxxxxxxxxxxxxxxxxxxxxxxxxxxxxxxx"
ts=1736301407 level=info service=queue-worker host=host-03.example trace_id=trace-behavior-00023503 msg="event_id=behavior-23503 LONG_JSON_SENTINEL payload=xxxxxxxxxxxxxxxxxxxxxxxxxxxxxxxxxxxxxxxxxxxxxxxxxxxxxxxxxxxxxxxxxxxxxxxxxxxxxxxxxxxxxxxxxxxxxxxxxxxxxxxxxxxxxxxxxxxxxxxxxxxxxxxxxxxxxxxxxxxxxxxxxxxxxxxxxxxxxxxxxxxxxxxxxxxxxxxxxxxxxxxxxxxxxxxxxxxxxxxxxxxxxxxxxxxxxxxxxxxxxxxxxxxxxxxxxxxxxxxxxxxxxxxxxxxxxxxxxxxxxxxxxxxxxxxxxxxxxxxxxxxxxxxxxxxxxxxxxxxxxxxxxxxxxxxxxxxxxxxxxxxxxxxxxxxxxxxxxxxxxxxxxxxxxxxxxxxxxxxxxxxxxxxxxxxxxxxxxxxxxxxxxxxxxxxxxxxxxxxxxxxxxxxxxxxxxxxxxxxxxxxxxxxxxxxxxxxxxxxxxxxxxxxxxxxxxxxxxxxxxxxxxxxxxxxxxxxxxxxxxxxxxxxxxxxxxxxxxxxxxxx"
ts=1736301504 level=info service=queue-worker host=host-03.example trace_id=trace-behavior-00023507 msg="event_id=behavior-23507 step=0"
ts=1736301576 level=info service=queue-worker host=host-03.example trace_id=trace-behavior-00023510 msg="event_id=behavior-23510 step=3"
ts=1736301600 level=info service=queue-worker host=host-03.example trace_id=trace-behavior-00023511 msg="event_id=behavior-23511 step=4"
ts=1736301818 level=info service=queue-worker host=host-03.example trace_id=trace-behavior-00023520 msg="event_id=behavior-23520 step=2"
ts=1736302060 level=info service=queue-worker host=host-03.example trace_id=trace-behavior-00023530 msg="event_id=behavior-23530 step=1"
ts=1736302229 level=info service=queue-worker host=host-03.example trace_id=trace-behavior-00023537 msg="event_id=behavior-23537 step=8"
ts=1736302375 level=info service=queue-worker host=host-03.example trace_id=trace-behavior-00023543 msg="event_id=behavior-23543 step=3"
ts=1736302399 level=info service=queue-worker host=host-03.example trace_id=trace-behavior-00023544 msg="event_id=behavior-23544 step=4"
ts=1736302616 level=info service=queue-worker host=host-03.example trace_id=trace-behavior-00023553 msg="event_id=behavior-23553 step=2"
ts=1736302858 level=info service=queue-worker host=host-03.example trace_id=trace-behavior-00023563 msg="event_id=behavior-23563 step=1"
ts=1736302883 level=info service=queue-worker host=host-03.example trace_id=trace-behavior-00023564 msg="event_id=behavior-23564 step=2"
ts=1736302907 level=info service=queue-worker host=host-03.example trace_id=trace-behavior-00023565 msg="event_id=behavior-23565 step=3"
ts=1736302955 level=info service=queue-worker host=host-03.example trace_id=trace-behavior-00023567 msg="event_id=behavior-23567 step=5"
ts=1736303004 level=info service=queue-worker host=host-03.example trace_id=trace-behavior-00023569 msg="event_id=behavior-23569 step=7"
ts=1736303149 level=info service=queue-worker host=host-03.example trace_id=trace-behavior-00023575 msg="event_id=behavior-23575 step=2"
ts=1736303197 level=info service=queue-worker host=host-03.example trace_id=trace-behavior-00023577 msg="event_id=behavior-23577 step=4"
ts=1736303366 level=info service=queue-worker host=host-03.example trace_id=trace-behavior-00023584 msg="event_id=behavior-23584 step=0"
ts=1736303608 level=info service=queue-worker host=host-03.example trace_id=trace-behavior-00023594 msg="event_id=behavior-23594 step=10"
ts=1736303754 level=info service=queue-worker host=host-03.example trace_id=trace-behavior-00023600 msg="event_id=behavior-23600 LONG_JSON_SENTINEL payload=xxxxxxxxxxxxxxxxxxxxxxxxxxxxxxxxxxxxxxxxxxxxxxxxxxxxxxxxxxxxxxxxxxxxxxxxxxxxxxxxxxxxxxxxxxxxxxxxxxxxxxxxxxxxxxxxxxxxxxxxxxxxxxxxxxxxxxxxxxxxxxxxxxxxxxxxxxxxxxxxxxxxxxxxxxxxxxxxxxxxxxxxxxxxxxxxxxxxxxxxxxxxxxxxxxxxxxxxxxxxxxxxxxxxxxxxxxxxxxxxxxxxxxxxxxxxxxxxxxxxxxxxxxxxxxxxxxxxxxxxxxxxxxxxxxxxxxxxxxxxxxxxxxxxxxxxxxxxxxxxxxxxxxxxxxxxxxxxxxxxxxxxxxxxxxxxxxxxxxxxxxxxxxxxxxxxxxxxxxxxxxxxxxxxxxxxxxxxxxxx"
ts=1736303850 level=info service=queue-worker host=host-03.example trace_id=trace-behavior-00023604 msg="event_id=behavior-23604 step=9"
ts=1736303923 level=info service=queue-worker host=host-03.example trace_id=trace-behavior-00023607 msg="event_id=behavior-23607 step=1"
ts=1736304020 level=info service=queue-worker host=host-03.example trace_id=trace-behavior-00023611 msg="event_id=behavior-23611 step=5"
ts=1736304068 level=info service=queue-worker host=host-03.example trace_id=trace-behavior-00023613 msg="event_id=behavior-23613 step=7"
ts=1736304237 level=info service=queue-worker host=host-03.example trace_id=trace-behavior-00023620 msg="event_id=behavior-23620 step=3"
ts=1736304286 level=info service=queue-worker host=host-03.example trace_id=trace-behavior-00023622 msg="event_id=behavior-23622 step=5"
ts=1736304310 level=info service=queue-worker host=host-03.example trace_id=trace-behavior-00023623 msg="event_id=behavior-23623 step=6"
ts=1736304479 level=info service=queue-worker host=host-03.example trace_id=trace-behavior-00023630 msg="event_id=behavior-23630 step=2"
ts=1736304576 level=info service=queue-worker host=host-03.example trace_id=trace-behavior-00023634 msg="event_id=behavior-23634 step=6"
ts=1736304624 level=info service=queue-worker host=host-03.example trace_id=trace-behavior-00023636 msg="event_id=behavior-23636 step=8"
ts=1736304721 level=info service=queue-worker host=host-03.example trace_id=trace-behavior-00023640 msg="event_id=behavior-23640 step=1"
ts=1736304745 level=info service=queue-worker host=host-03.example trace_id=trace-behavior-00023641 msg="event_id=behavior-23641 step=2"
ts=1736304891 level=info service=queue-worker host=host-03.example trace_id=trace-behavior-00023647 msg="event_id=behavior-23647 step=8"
ts=1736305157 level=info service=queue-worker host=host-03.example trace_id=trace-behavior-00023658 msg="event_id=behavior-23658 step=8"
ts=1736305568 level=info service=queue-worker host=host-03.example trace_id=trace-behavior-00023675 msg="event_id=behavior-23675 step=3"
ts=1736305616 level=info service=queue-worker host=host-03.example trace_id=trace-behavior-00023677 msg="event_id=behavior-23677 step=5"
ts=1736305641 level=info service=queue-worker host=host-03.example trace_id=trace-behavior-00023678 msg="event_id=behavior-23678 step=6"
ts=1736305713 level=info service=queue-worker host=host-03.example trace_id=trace-behavior-00023681 msg="event_id=behavior-23681 step=9"
ts=1736305907 level=info service=queue-worker host=host-03.example trace_id=trace-behavior-00023689 msg="event_id=behavior-23689 step=6"
ts=1736305979 level=info service=queue-worker host=host-03.example trace_id=trace-behavior-00023692 msg="event_id=behavior-23692 step=9"
ts=1736306197 level=info service=queue-worker host=host-03.example trace_id=trace-behavior-00023701 msg="event_id=behavior-23701 LONG_JSON_SENTINEL payload=xxxxxxxxxxxxxxxxxxxxxxxxxxxxxxxxxxxxxxxxxxxxxxxxxxxxxxxxxxxxxxxxxxxxxxxxxxxxxxxxxxxxxxxxxxxxxxxxxxxxxxxxxxxxxxxxxxxxxxxxxxxxxxxxxxxxxxxxxxxxxxxxxxxxxxxxxxxxxxxxxxxxxxxxxxxxxxxxxxxxxxxxxxxxxxxxxxxxxxxxxxxxxxxxxxxxxxxxxxxxxxxxxxxxxxxxxxxxxxxxxxxxxxxxxxxxxxxxxxxxxxxxxxxxxxxxxxxxxxxxxxxxxxxxxxxxxxxxxxxxxxxxxxxxxxxxxxxxxxxxxxxxxxxxxxxxxxxxxxxxxxxxxxxxxxxxxxxxxxxxxxxxxxxxxxxxxxxxxxxxxxxxxxxxxxxxxxxxxxxxxxxxxxxxxxxxxxxxxxxxxxxxxxxxxxxxxxxxxxxxxxxxxxxxxxxxxxxxxxxxxxxxxxxxxxxxxxxxxxxxxxxxxxxxxxxxxxxxxxxxx"
ts=1736306245 level=info service=queue-worker host=host-03.example trace_id=trace-behavior-00023703 msg="event_id=behavior-23703 STACK_TRACE_SENTINEL failure in handler\n    at lab_module_handler(file=example_rs line=43)\n    at lab_module_dispatch(file=example_rs line=13)\nCaused by: simulated timeout after 403ms"
ts=1736306366 level=info service=queue-worker host=host-03.example trace_id=trace-behavior-00023708 msg="event_id=behavior-23708 step=3"
ts=1736306633 level=info service=queue-worker host=host-03.example trace_id=trace-behavior-00023719 msg="event_id=behavior-23719 step=3"
ts=1736306705 level=info service=queue-worker host=host-03.example trace_id=trace-behavior-00023722 msg="event_id=behavior-23722 step=6"
ts=1736306923 level=info service=queue-worker host=host-03.example trace_id=trace-behavior-00023731 msg="event_id=behavior-23731 step=4"
ts=1736307189 level=info service=queue-worker host=host-03.example trace_id=trace-behavior-00023742 msg="event_id=behavior-23742 step=4"
ts=1736307382 level=info service=queue-worker host=host-03.example trace_id=trace-behavior-00023750 msg="event_id=behavior-23750 step=1"
ts=1736307745 level=warn service=queue-worker host=host-03.example trace_id=trace-behavior-00023765 msg="event_id=behavior-23765 step=5"
ts=1736307987 level=info service=queue-worker host=host-03.example trace_id=trace-behavior-00023775 msg="event_id=behavior-23775 step=4"
ts=1736308181 level=info service=queue-worker host=host-03.example trace_id=trace-behavior-00023783 msg="event_id=behavior-23783 step=1"
ts=1736308350 level=info service=queue-worker host=host-03.example trace_id=trace-behavior-00023790 msg="event_id=behavior-23790 step=8"
ts=1736308689 level=info service=queue-worker host=host-03.example trace_id=trace-behavior-00023804 msg="event_id=behavior-23804 step=0"
ts=1736308761 level=info service=queue-worker host=host-03.example trace_id=trace-behavior-00023807 msg="event_id=behavior-23807 step=3"
ts=1736308907 level=info service=queue-worker host=host-03.example trace_id=trace-behavior-00023813 msg="event_id=behavior-23813 step=9"
ts=1736309028 level=info service=queue-worker host=host-03.example trace_id=trace-behavior-00023818 msg="event_id=behavior-23818 step=3"
ts=1736309221 level=info service=queue-worker host=host-03.example trace_id=trace-behavior-00023826 msg="event_id=behavior-23826 step=0"
ts=1736309390 level=info service=queue-worker host=host-03.example trace_id=trace-behavior-00023833 msg="event_id=behavior-23833 step=7"
ts=1736309560 level=info service=queue-worker host=host-03.example trace_id=trace-behavior-00023840 msg="event_id=behavior-23840 step=3"
ts=1736309995 level=info service=queue-worker host=host-03.example trace_id=trace-behavior-00023858 msg="event_id=behavior-23858 step=10"
ts=1736310189 level=info service=queue-worker host=host-03.example trace_id=trace-behavior-00023866 msg="event_id=behavior-23866 step=7"
ts=1736310213 level=info service=queue-worker host=host-03.example trace_id=trace-behavior-00023867 msg="event_id=behavior-23867 step=8"
ts=1736310261 level=info service=queue-worker host=host-03.example trace_id=trace-behavior-00023869 msg="event_id=behavior-23869 step=10"
ts=1736310310 level=info service=queue-worker host=host-03.example trace_id=trace-behavior-00023871 msg="event_id=behavior-23871 step=1"
ts=1736310382 level=info service=queue-worker host=host-03.example trace_id=trace-behavior-00023874 msg="event_id=behavior-23874 step=4"
ts=1736310528 level=info service=queue-worker host=host-03.example trace_id=trace-behavior-00023880 msg="event_id=behavior-23880 step=10"
ts=1736310649 level=info service=queue-worker host=host-03.example trace_id=trace-behavior-00023885 msg="event_id=behavior-23885 step=4"
ts=1736310721 level=info service=queue-worker host=host-03.example trace_id=trace-behavior-00023888 msg="event_id=behavior-23888 step=7"
ts=1736310769 level=info service=queue-worker host=host-03.example trace_id=trace-behavior-00023890 msg="event_id=behavior-23890 step=9"
ts=1736310890 level=info service=queue-worker host=host-03.example trace_id=trace-behavior-00023895 msg="event_id=behavior-23895 step=3"
ts=1736311084 level=info service=queue-worker host=host-03.example trace_id=trace-behavior-00023903 msg="event_id=behavior-23903 LONG_JSON_SENTINEL payload=xxxxxxxxxxxxxxxxxxxxxxxxxxxxxxxxxxxxxxxxxxxxxxxxxxxxxxxxxxxxxxxxxxxxxxxxxxxxxxxxxxxxxxxxxxxxxxxxxxxxxxxxxxxxxxxxxxxxxxxxxxxxxxxxxxxxxxxxxxxxxxxxxxxxxxxxxxxxxxxxxxxxxxxxxxxxxxxxxxxxxxxxxxxxxxxxxxxxxxxxxxxxxxxxxxxxxxxxxxxxxxxxxxxxxxxxxxxxxxxxxxxxxxxxxxxxxxxxxxxxxxxxxxxxxxxxxxxxxxxxxxxxxxxxxxxxxxxxxxxxxxxxxxxxxxxxxxxxxxxxxxxxxxxxxxxxxxxxxxxxxxxxxxxxxxxxxxxxxxxxxxxxxxxxxxxxxxxxxxxxxxxxxxxxxxxxxxxxxxxxxxxxxxxxxxxxxxxxxxxxxxxxxxxxxxxxxxxxxxxxxxxxxxxxxxxxxxxxxxxxxxxxxxxxxxxxxxxxxxxxxxxxxxxxxxxxxxxxxxxxxxx"
ts=1736311132 level=info service=queue-worker host=host-03.example trace_id=trace-behavior-00023905 msg="event_id=behavior-23905 step=2"
ts=1736311423 level=info service=queue-worker host=host-03.example trace_id=trace-behavior-00023917 msg="event_id=behavior-23917 step=3"
ts=1736311544 level=info service=queue-worker host=host-03.example trace_id=trace-behavior-00023922 msg="event_id=behavior-23922 step=8"
ts=1736311568 level=info service=queue-worker host=host-03.example trace_id=trace-behavior-00023923 msg="event_id=behavior-23923 step=9"
ts=1736311640 level=info service=queue-worker host=host-03.example trace_id=trace-behavior-00023926 msg="event_id=behavior-23926 step=1"
ts=1736311761 level=info service=queue-worker host=host-03.example trace_id=trace-behavior-00023931 msg="event_id=behavior-23931 step=6"
ts=1736311834 level=info service=queue-worker host=host-03.example trace_id=trace-behavior-00023934 msg="event_id=behavior-23934 step=9"
ts=1736312390 level=info service=queue-worker host=host-03.example trace_id=trace-behavior-00023957 msg="event_id=behavior-23957 step=10"
ts=1736312415 level=info service=queue-worker host=host-03.example trace_id=trace-behavior-00023958 msg="event_id=behavior-23958 step=0"
ts=1736312487 level=debug service=queue-worker host=host-03.example trace_id=trace-behavior-00023961 msg="event_id=behavior-23961 step=3"
ts=1736312511 level=info service=queue-worker host=host-03.example trace_id=trace-behavior-00023962 msg="event_id=behavior-23962 step=4"
ts=1736312995 level=info service=queue-worker host=host-03.example trace_id=trace-behavior-00023982 msg="event_id=behavior-23982 step=2"
ts=1736313140 level=info service=queue-worker host=host-03.example trace_id=trace-behavior-00023988 msg="event_id=behavior-23988 step=8"
ts=1736313213 level=info service=queue-worker host=host-03.example trace_id=trace-behavior-00023991 msg="event_id=behavior-23991 step=0"
ts=1736313286 level=info service=queue-worker host=host-03.example trace_id=trace-behavior-00023994 msg="event_id=behavior-23994 step=3"
ts=1736332882 level=info service=queue-worker host=host-03.example trace_id=trace-behavior-00024804 msg="event_id=behavior-24804 step=10"
ts=1736332906 level=info service=queue-worker host=host-03.example trace_id=trace-behavior-00024805 msg="event_id=behavior-24805 step=0"
ts=1736332979 level=info service=queue-worker host=host-03.example trace_id=trace-behavior-00024808 msg="event_id=behavior-24808 step=3"
ts=1736333075 level=info service=queue-worker host=host-03.example trace_id=trace-behavior-00024812 msg="event_id=behavior-24812 step=7"
ts=1736333390 level=info service=queue-worker host=host-03.example trace_id=trace-behavior-00024825 msg="event_id=behavior-24825 step=9"
ts=1736333583 level=info service=queue-worker host=host-03.example trace_id=trace-behavior-00024833 msg="event_id=behavior-24833 step=6"
ts=1736333704 level=info service=queue-worker host=host-03.example trace_id=trace-behavior-00024838 msg="event_id=behavior-24838 step=0"
ts=1736333898 level=info service=queue-worker host=host-03.example trace_id=trace-behavior-00024846 msg="event_id=behavior-24846 step=8"
ts=1736334092 level=info service=queue-worker host=host-03.example trace_id=trace-behavior-00024854 msg="event_id=behavior-24854 step=5"
ts=1736334164 level=info service=queue-worker host=host-03.example trace_id=trace-behavior-00024857 msg="event_id=behavior-24857 step=8"
ts=1736334479 level=info service=queue-worker host=host-03.example trace_id=trace-behavior-00024870 msg="event_id=behavior-24870 step=10"
ts=1736334503 level=info service=queue-worker host=host-03.example trace_id=trace-behavior-00024871 msg="event_id=behavior-24871 step=0"
ts=1736334527 level=info service=queue-worker host=host-03.example trace_id=trace-behavior-00024872 msg="event_id=behavior-24872 step=1"
ts=1736334648 level=info service=queue-worker host=host-03.example trace_id=trace-behavior-00024877 msg="event_id=behavior-24877 step=6"
ts=1736334793 level=info service=queue-worker host=host-03.example trace_id=trace-behavior-00024883 msg="event_id=behavior-24883 step=1"
ts=1736335906 level=warn service=queue-worker host=host-03.example trace_id=trace-behavior-00024929 msg="event_id=behavior-24929 step=3"
ts=1736336293 level=info service=queue-worker host=host-03.example trace_id=trace-behavior-00024945 msg="event_id=behavior-24945 step=8"
ts=1736336608 level=info service=queue-worker host=host-03.example trace_id=trace-behavior-00024958 msg="event_id=behavior-24958 step=10"
ts=1736336632 level=info service=queue-worker host=host-03.example trace_id=trace-behavior-00024959 msg="event_id=behavior-24959 step=0"
ts=1736336753 level=info service=queue-worker host=host-03.example trace_id=trace-behavior-00024964 msg="event_id=behavior-24964 step=5"
ts=1736336825 level=info service=queue-worker host=host-03.example trace_id=trace-behavior-00024967 msg="event_id=behavior-24967 step=8"
ts=1736337043 level=info service=queue-worker host=host-03.example trace_id=trace-behavior-00024976 msg="event_id=behavior-24976 step=6"
ts=1736337067 level=info service=queue-worker host=host-03.example trace_id=trace-behavior-00024977 msg="event_id=behavior-24977 step=7"
ts=1736337188 level=info service=queue-worker host=host-03.example trace_id=trace-behavior-00024982 msg="event_id=behavior-24982 step=1"
ts=1736337454 level=info service=queue-worker host=host-03.example trace_id=trace-behavior-00024993 msg="event_id=behavior-24993 step=1"
ts=1736337551 level=info service=queue-worker host=host-03.example trace_id=trace-behavior-00024997 msg="event_id=behavior-24997 step=5"
ts=1736337600 level=info service=queue-worker host=host-03.example trace_id=trace-behavior-00024999 msg="event_id=behavior-24999 step=7"
